record_id,date,traffic_source,page_url,sessions,users,bounce_rate,session_duration,pages_per_session,conversions,goal_completions
12425,2026-03-21,Direct,/product/running-shoes,5,4,0.2828,240.0,2.74,0.0,0
13624,2026-04-14,Direct,/blog/summer-sale-guide,8,7,0.4845,214.0,2.58,0.0,0
14018,2026-04-22,Social,/checkout,3,3,0.4706,181.6,3.04,0.0,0
16983,2026-06-21,Paid Search,/about-us,10,9,0.5258,95.3,2.17,1.0,1
10903,2026-02-19,Organic Search,/checkout,5,5,0.1617,178.2,3.31,1.0,1
14777,2026-05-07,Direct,/checkout,3,3,0.2636,240.8,3.36,0.0,0
17546,2026-07-02,Social,/product/backpacks,6,6,0.633,163.8,1.24,0.0,0
18369,2026-07-19,Organic Search,/pricing,16,15,0.4012,211.0,2.76,0.0,1
12816,2026-03-29,Social,/blog/how-to-choose-running-shoes,4,3,0.7594,145.8,1.0,0.0,0
16854,2026-06-18,Social,/contact,10,9,0.846,59.1,1.0,0.0,0
14062,2026-04-23,Social,/blog/how-to-choose-running-shoes,7,6,0.5952,188.4,2.2,0.0,0
13140,2026-04-05,Organic Search,/checkout,8,8,0.2287,214.7,3.69,2.0,3
10314,2026-02-07,Paid Search,/product/backpacks,6,5,0.5322,142.7,2.04,0.0,0
12064,2026-03-14,Referral,/checkout,1,1,0.1364,247.9,3.55,0.0,0
15254,2026-05-17,Social,/home,19,17,0.5346,160.5,2.5,0.0,0
18449,2026-07-20,Social,/checkout,5,5,0.419,175.2,2.76,1.0,1
12043,2026-03-14,Organic Search,/contact,8,8,0.5893,127.5,2.0,0.0,0
10332,2026-02-07,Social,/product/running-shoes,3,3,0.5303,115.1,2.23,0.0,0
12416,2026-03-21,Social,/product/winter-jackets,12,11,0.6115,116.8,1.39,1.0,1
13525,2026-04-12,Direct,/about-us,1,1,0.367,170.9,2.38,0.0,0
16777,2026-06-17,Organic Search,/checkout,7,6,0.3375,207.9,2.37,0.0,0
18791,2026-07-27,Social,/product/winter-jackets,16,15,0.6679,162.1,1.66,0.0,0
16105,2026-06-03,Social,/product/backpacks,14,12,0.6387,85.3,1.68,0.0,0
10310,2026-02-07,Organic Search,/checkout,6,5,0.2981,210.6,3.31,1.0,2
16660,2026-06-14,Direct,/product/winter-jackets,6,5,0.3195,,2.87,0.0,0
12160,2026-03-16,Referral,/blog/summer-sale-guide,13,11,0.6119,194.1,2.18,1.0,1
15598,2026-05-24,Referral,/blog/how-to-choose-running-shoes,12,11,0.5423,302.3,1.62,0.0,0
12325,2026-03-19,Direct,/product/running-shoes,13,11,0.4099,252.0,2.9,0.0,0
17253,2026-06-26,Social,/checkout,6,6,0.406,143.2,2.23,2.0,3
13980,2026-04-22,Organic Search,/product/running-shoes,30,26,0.427,214.5,1.99,1.0,1
14812,2026-05-08,Social,/blog/summer-sale-guide,8,7,0.7785,105.6,1.37,0.0,0
18533,2026-07-22,Referral,/product/backpacks,6,5,0.4036,187.7,2.92,0.0,1
13012,2026-04-02,Social,/home,19,16,0.4936,121.6,1.98,0.0,1
18237,2026-07-16,Referral,/blog/summer-sale-guide,9,8,0.5713,246.8,1.53,0.0,1
14821,2026-05-08,Direct,/blog/how-to-choose-running-shoes,11,10,0.4986,271.0,3.22,0.0,0
14212,2026-04-26,Social,/blog/how-to-choose-running-shoes,8,7,0.7565,157.3,1.0,0.0,0
10021,2026-02-01,Referral,/home,7,6,0.4067,211.4,2.2,0.0,0
17014,2026-06-21,Direct,/contact,6,5,0.5772,152.3,1.53,0.0,0
11191,2026-02-24,Direct,/checkout,5,4,0.2223,273.4,3.47,0.0,1
18327,07-18-2026,Paid Search,/blog/summer-sale-guide,8,8,0.7373,236.7,1.27,0.0,1
15936,2026-05-31,Paid Search,/product/backpacks,8,8,0.4505,206.9,2.15,1.0,1
18002,2026-07-11,Direct,/home,24,21,0.3069,214.6,2.48,1.0,1
18873,2026-07-29,Paid Search,/blog/how-to-choose-running-shoes,11,10,0.5681,229.8,2.7,0.0,0
18898,2026-07-29,Social,/checkout,6,5,0.4537,117.1,2.55,1.0,1
10282,2026-02-06,Social,/product/running-shoes,19,16,0.6068,54.4,1.9,0.0,1
15283,2026-05-18,Organic Search,/checkout,6,5,0.2585,166.6,3.77,2.0,2
18220,2026-07-16,Organic Search,/pricing,16,13,0.362,163.1,2.54,0.0,0
11374,2026-02-28,Social,/product/winter-jackets,9,8,0.5081,108.6,1.51,0.0,0
11104,2026-02-23,Paid Search,/product/winter-jackets,21,20,0.45,167.8,2.93,0.0,0
18593,2026-07-23,Social,/blog/how-to-choose-running-shoes,13,12,0.7567,128.7,1.0,0.0,0
18272,2026-07-17,Paid Search,/home,19,18,0.3771,151.6,2.73,2.0,3
12254,2026-03-18,Paid Search,/checkout,3,3,0.2726,174.8,3.6,0.0,1
12231,2026-03-17,Direct,/about-us,7,6,0.481,212.4,2.39,0.0,0
16130,2026-06-04,Organic Search,/pricing,18,15,0.3044,212.1,3.67,1.0,1
15379,2026-05-20,Organic Search,/blog/summer-sale-guide,28,26,0.5168,180.2,1.56,2.0,2
10434,2026-02-09,Social,/about-us,7,6,0.7124,66.0,1.09,0.0,0
10525,2026-02-11,Referral,/contact,4,4,0.5441,186.4,1.88,0.0,0
14395,2026-04-30,Paid Search,/contact,6,6,0.6346,124.9,1.0,0.0,0
17264,2026-06-27,Organic Search,/home,44,38,0.3493,193.8,2.04,1.0,1
11396,2026-03-01,Organic Search,/blog/how-to-choose-running-shoes,26,21,0.5708,253.8,1.87,0.0,0
12887,2026-03-31,Organic Search,/blog/summer-sale-guide,14,13,0.6053,247.0,3.26,1.0,2
11251,2026-02-26,Organic Search,/checkout,10,9,0.2299,238.5,3.68,0.0,1
16117,2026-06-03,Direct,/blog/summer-sale-guide,4,3,0.5425,266.5,2.84,0.0,0
11737,2026-03-07,Direct,/pricing,3,3,0.3107,275.4,3.32,1.0,1
16748,2026-06-16,Social,/home,18,16,0.5717,108.9,2.6,0.0,0
11344,2026-02-28,Organic Search,/product/winter-jackets,20,19,0.4702,186.6,2.07,3.0,3
14760,2026-05-07,Social,/product/winter-jackets,9,8,0.5736,130.2,1.81,1.0,1
13770,2026-04-17,Direct,/product/running-shoes,20,18,0.3798,247.4,3.91,1.0,2
12463,2026-03-22,Referral,/checkout,2,2,0.1525,299.6,2.97,0.0,0
14545,2026-05-03,Paid Search,/contact,2,2,0.5869,72.5,2.11,0.0,0
10623,2026-02-13,Referral,/blog/summer-sale-guide,4,4,0.5235,250.0,2.11,0.0,0
14733,2026-05-07,Organic Search,/blog/summer-sale-guide,22,19,0.5213,177.2,2.1,0.0,0
15872,2026-05-29,Direct,/pricing,10,9,0.3008,214.9,2.98,0.0,0
15019,2026-05-12,Direct,/blog/how-to-choose-running-shoes,13,12,0.4904,270.2,2.42,0.0,0
11906,2026-03-11,Paid Search,/checkout,2,2,0.2992,154.2,3.14,0.0,0
11735,2026-03-07,Direct,/blog/summer-sale-guide,2,2,0.4301,266.4,2.96,0.0,0
13678,2026-04-15,Direct,/checkout,8,7,0.1913,292.0,3.35,1.0,1
17336,2026-06-28,Referral,/product/backpacks,5,5,0.3709,194.7,2.98,,0
14995,2026-05-12,Referral,/home,20,18,0.3573,223.6,2.37,0.0,0
17648,2026-07-04,Social,/blog/summer-sale-guide,10,10,0.6157,86.0,,0.0,0
16246,2026-06-06,Referral,/blog/summer-sale-guide,5,4,0.5434,213.6,1.82,0.0,0
13179,2026-04-05,Direct,/checkout,3,3,0.2302,274.3,3.37,0.0,0
10114,2026-02-03,Paid Search,/product/backpacks,6,6,0.4631,125.3,1.89,0.0,0
13404,2026-04-10,Referral,/blog/how-to-choose-running-shoes,12,11,0.4857,215.5,3.13,1.0,2
18049,2026-07-12,Social,/contact,8,7,0.7525,10.0,1.0,,0
11565,2026-03-04,Referral,/blog/how-to-choose-running-shoes,6,5,0.6381,,2.18,,0
17590,2026-07-03,Referral,/contact,4,3,0.6414,145.0,2.02,0.0,0
11846,2026-03-10,Organic Search,/checkout,8,7,0.2686,217.7,2.8,0.0,0
17520,2026-07-02,Organic Search,/contact,11,10,0.5665,82.7,2.44,1.0,1
13276,2026-04-07,Direct,/about-us,5,4,0.4505,167.9,3.01,0.0,0
13429,2026-04-10,Direct,/checkout,3,3,0.2294,254.7,3.49,1.0,1
13234,2026-04-07,Organic Search,/blog/how-to-choose-running-shoes,35,33,0.5652,249.2,1.49,0.0,0
15091,2026-05-14,Paid Search,/about-us,12,10,0.5285,122.2,2.65,2.0,2
14230,2026-04-27,Organic Search,/product/winter-jackets,21,19,0.4134,210.2,2.83,0.0,1
14609,2026-05-04,Social,/product/running-shoes,15,13,0.4947,193.9,,0.0,0
14586,2026-05-04,Organic Search,/pricing,12,11,0.3178,186.1,,1.0,1
12967,2026-04-01,Social,/blog/summer-sale-guide,5,5,0.7786,108.5,1.0,0.0,0
18270,2026-07-17,Organic Search,/pricing,18,16,0.2972,224.3,2.48,0.0,1
12297,2026-03-19,Paid Search,/product/winter-jackets,16,14,0.5162,177.8,1.71,0.0,0
11835,2026-03-09,Direct,/pricing,4,3,0.2212,254.4,3.21,0.0,0
13987,2026-04-22,Organic Search,/pricing,14,13,0.3849,252.4,2.38,2.0,2
12228,2026-03-17,Direct,/product/backpacks,7,6,0.3338,292.1,3.14,0.0,0
11463,2026-03-02,Referral,/product/winter-jackets,13,11,0.3628,263.3,1.91,0.0,0
16650,2026-06-14,Social,/product/winter-jackets,10,9,0.5598,64.0,1.81,0.0,0
11615,2026-03-05,Referral,/blog/how-to-choose-running-shoes,10,9,0.5625,278.6,1.62,0.0,0
11329,2026-02-27,Social,/contact,6,6,0.7373,10.0,1.45,0.0,0
18339,2026-07-18,Referral,/pricing,7,6,0.3142,252.7,2.51,1.0,1
16222,2026-06-06,Organic Search,/product/running-shoes,29,25,0.3924,255.5,3.12,2.0,2
11076,2026-02-22,Social,/blog/how-to-choose-running-shoes,4,3,0.6903,104.2,1.33,0.0,0
12639,2026-03-26,Organic Search,/blog/summer-sale-guide,19,16,0.6852,170.2,1.5,0.0,0
10532,2026-02-11,Social,/blog/how-to-choose-running-shoes,16,13,0.7308,139.3,1.8,0.0,0
15791,2026-05-28,Paid Search,/contact,6,5,0.6654,74.8,1.44,0.0,0
12136,2026-03-16,Organic Search,/product/running-shoes,39,38,0.3098,213.8,2.89,3.0,5
13069,2026-04-03,Social,/contact,5,4,0.8199,67.7,1.0,0.0,0
12177,2026-03-16,Direct,/product/winter-jackets,12,11,0.3696,290.2,2.87,1.0,1
13776,2026-04-17,Direct,/contact,7,6,0.5269,159.9,,0.0,0
18899,2026-07-29,Direct,/home,26,24,0.2471,244.6,3.51,2.0,3
13649,2026-04-15,Referral,/home,19,17,0.3906,182.5,3.16,1.0,2
15810,2026-05-28,Social,/about-us,8,7,0.6367,88.3,1.8,0.0,0
17278,2026-06-27,Paid Search,/blog/how-to-choose-running-shoes,11,10,0.6727,276.6,1.46,1.0,1
17834,2026-07-08,Referral,/product/running-shoes,11,10,0.4468,255.1,2.22,0.0,1
13942,2026-04-21,Paid Search,/product/backpacks,6,6,0.5448,181.2,2.12,0.0,0
17632,2026-07-04,Paid Search,/checkout,6,5,0.2773,149.9,3.48,0.0,0
17445,2026-06-30,Social,/product/winter-jackets,10,9,0.6367,151.4,1.64,2.0,2
11051,2026-02-22,Organic Search,/checkout,7,6,0.2453,285.6,3.38,0.0,0
16250,2026-06-06,Social,/home,16,15,0.5362,90.3,2.13,0.0,0
12542,2026-03-24,Organic Search,/pricing,13,12,0.2729,168.0,3.27,0.0,0
13170,2026-04-05,Direct,/home,19,16,0.2544,239.5,3.51,0.0,0
13579,2026-04-14,Organic Search,/home,51,48,0.3327,126.5,3.35,1.0,1
17857,2026-07-08,Direct,/blog/how-to-choose-running-shoes,14,13,0.5201,254.0,2.18,0.0,0
12494,2026-03-23,Paid Search,/home,17,16,0.41,160.6,2.32,2.0,2
18126,2026-07-14,Paid Search,/blog/how-to-choose-running-shoes,16,14,0.5678,185.1,2.46,1.0,1
15193,2026-05-16,Paid Search,/pricing,3,3,0.4549,138.0,2.43,0.0,0
18438,2026-07-20,Referral,/pricing,6,5,0.3041,288.3,3.0,0.0,0
13052,2026-04-03,Referral,/home,20,19,0.3012,216.6,2.93,1.0,1
12984,2026-04-02,Organic Search,/product/winter-jackets,20,18,0.3997,210.1,2.74,3.0,4
11736,2026-03-07,Direct,/about-us,2,2,0.5112,167.7,2.15,0.0,0
16701,2026-06-15,Social,/product/backpacks,13,11,0.5981,105.6,1.69,2.0,2
15012,2026-05-12,Social,/contact,4,3,,,1.04,0.0,0
14358,2026-04-29,Social,/home,33,32,0.6754,129.9,1.01,0.0,0
11639,2026-03-05,Direct,/checkout,2,2,0.2295,252.5,4.26,0.0,0
12378,2026-03-20,Direct,/blog/how-to-choose-running-shoes,14,13,0.5665,265.4,1.63,1.0,1
15206,2026-05-16,Social,/product/running-shoes,9,8,0.5539,127.1,1.68,0.0,0
15209,2026-05-16,Social,/blog/how-to-choose-running-shoes,8,7,0.747,114.8,1.29,0.0,0
12590,2026-03-25,Organic Search,/about-us,13,11,0.5594,165.3,1.92,0.0,0
14514,2026-05-02,Social,/about-us,4,4,0.6231,108.6,1.64,0.0,0
15583,2026-05-24,Organic Search,/checkout,8,8,0.1804,279.4,3.41,0.0,0
17332,2026-06-28,Paid Search,/checkout,2,2,0.421,237.8,2.78,1.0,1
15238,2026-05-17,Paid Search,/product/backpacks,5,5,0.4704,158.0,2.11,,0
14103,2026-04-24,Referral,/blog/summer-sale-guide,5,5,0.5612,263.0,2.07,0.0,0
15493,2026-05-22,Paid Search,/checkout,8,8,0.3775,156.9,2.45,1.0,1
17847,2026-07-08,Social,/blog/how-to-choose-running-shoes,18,15,0.708,134.3,1.17,0.0,0
13750,2026-04-17,Referral,/product/running-shoes,12,10,0.3284,188.0,3.48,0.0,1
16531,2026-06-12,Paid Search,/product/backpacks,5,5,0.5031,147.2,2.65,0.0,0
14228,2026-04-27,Organic Search,/home,49,43,0.3341,194.6,3.0,3.0,6
12925,2026-03-31,Direct,/product/backpacks,5,4,0.4098,247.3,2.15,0.0,0
13334,2026-04-09,Organic Search,/blog/how-to-choose-running-shoes,41,34,0.658,223.1,1.04,2.0,3
12877,2026-03-30,Direct,/blog/summer-sale-guide,16,14,0.498,242.6,2.99,0.0,0
13483,2026-04-12,Organic Search,/blog/how-to-choose-running-shoes,32,27,0.602,245.3,1.9,1.0,3
16729,2026-06-16,Paid Search,/product/running-shoes,23,22,0.5167,142.3,1.86,0.0,2
11082,2026-02-22,Direct,/home,13,12,0.3592,213.1,2.87,0.0,0
14865,2026-05-09,Social,/pricing,5,5,0.4887,113.5,2.03,0.0,0
16981,2026-06-21,Paid Search,/blog/how-to-choose-running-shoes,13,11,0.6397,155.0,1.0,0.0,0
16508,2026-06-11,Direct,/home,18,17,0.2487,202.1,3.85,0.0,1
17729,2026-07-06,Paid Search,/about-us,7,6,0.5185,107.6,2.85,0.0,0
13112,2026-04-04,Social,/product/running-shoes,8,7,0.5852,146.9,2.06,0.0,0
10199,2026-02-04,Direct,/pricing,11,9,0.2784,255.3,3.14,2.0,2
10397,2026-02-08,Direct,/checkout,1,1,0.2175,270.5,3.6,0.0,0
17792,2026-07-07,Referral,/checkout,3,3,0.2093,273.0,3.47,1.0,2
17733,2026-07-06,Referral,/home,18,17,,201.2,2.52,2.0,2
15900,2026-05-30,Referral,/about-us,4,3,0.5037,217.6,2.55,0.0,0
18979,2026-07-31,Referral,/home,20,17,0.3545,212.9,2.49,1.0,1
10851,2026-02-18,Organic Search,/contact,17,16,0.5932,144.2,2.39,0.0,0
16033,2026-06-02,Paid Search,/product/running-shoes,29,25,0.431,215.2,2.63,4.0,5
13675,2026-04-15,Direct,/about-us,9,8,0.4282,149.7,2.58,0.0,1
15011,2026-05-12,Social,/about-us,3,3,0.6519,64.9,1.76,0.0,0
10772,2026-02-16,Referral,/pricing,3,3,0.2684,254.2,4.05,1.0,1
17416,2026-06-30,Organic Search,/product/backpacks,17,15,0.4533,186.3,2.68,1.0,1
14413,2026-04-30,Social,/blog/summer-sale-guide,13,11,0.8611,176.3,1.0,0.0,0
11441,2026-03-02,Organic Search,/home,60,54,0.2311,202.2,4.07,4.0,5
12226,2026-03-17,Direct,/product/running-shoes,10,8,0.2604,222.2,3.04,0.0,1
10147,2026-02-03,Direct,/about-us,4,3,0.4648,193.3,2.87,0.0,0
15717,2026-05-26,Direct,/product/backpacks,7,6,0.3348,269.3,2.93,2.0,2
12583,2026-03-24,Direct,/checkout,3,3,0.083,213.5,4.2,0.0,0
11624,2026-03-05,Social,/blog/how-to-choose-running-shoes,17,14,0.6471,206.5,1.03,0.0,0
15556,2026-05-23,Social,/product/winter-jackets,8,7,0.5592,95.3,2.09,0.0,1
18335,2026-07-18,Referral,/product/backpacks,4,4,0.3535,239.2,3.06,0.0,0
17676,2026-07-05,Paid Search,/product/backpacks,7,6,0.4882,111.8,2.5,0.0,0
10906,2026-02-19,Paid Search,/product/winter-jackets,8,7,0.489,153.6,2.41,0.0,0
18718,2026-07-26,Organic Search,/checkout,9,8,0.3293,196.3,2.55,2.0,3
18631,2026-07-24,Referral,/product/winter-jackets,9,8,0.3816,180.5,2.57,0.0,0
18082,2026-07-13,Referral,/home,19,17,0.3783,230.0,2.38,0.0,0
10296,2026-02-06,Direct,/blog/summer-sale-guide,8,7,0.5291,303.7,2.05,0.0,0
16837,2026-06-18,Referral,/home,15,13,0.3752,,2.9,0.0,0
11442,2026-03-02,Organic Search,/product/running-shoes,34,33,0.3797,213.0,2.78,3.0,4
10939,2026-02-19,Direct,/about-us,2,2,0.5123,215.3,2.75,0.0,0
14579,2026-05-04,Organic Search,/product/running-shoes,33,27,0.4192,266.7,1.75,2.0,3
15712,2026-05-26,Social,/pricing,7,7,0.5203,89.6,1.93,1.0,1
12517,2026-03-23,Social,/product/backpacks,7,6,0.5597,108.2,1.93,0.0,0
16707,2026-06-15,Social,/checkout,7,6,0.418,164.9,2.45,0.0,0
15828,2026-05-29,Organic Search,/blog/how-to-choose-running-shoes,36,32,0.5616,264.7,1.78,0.0,0
11062,2026-02-22,Referral,/home,4,3,0.3061,210.8,2.62,1.0,1
16852,2026-06-18,Social,/blog/summer-sale-guide,16,15,0.6986,66.1,1.0,0.0,0
15120,2026-05-14,Direct,/blog/summer-sale-guide,8,7,0.5148,242.6,2.3,0.0,1
14439,2026-05-01,Paid Search,/product/running-shoes,16,14,0.4803,185.4,1.65,1.0,1
16050,2026-06-02,Referral,/pricing,6,5,0.4408,198.5,2.28,0.0,1
16257,2026-06-06,Social,/contact,5,4,0.6635,34.6,2.16,0.0,0
10941,2026-02-19,Direct,/pricing,4,4,0.259,239.1,3.72,0.0,0
15783,2026-05-28,Organic Search,/checkout,13,11,0.2403,193.1,3.69,1.0,2
10522,2026-02-11,Referral,/blog/how-to-choose-running-shoes,5,5,0.5698,260.2,1.55,1.0,1
18357,2026-07-18,Direct,/about-us,1,1,0.4676,229.3,2.34,0.0,0
17479,2026-07-01,Paid Search,/about-us,8,7,0.6205,114.5,1.64,0.0,0
13351,2026-04-09,Referral,/product/running-shoes,22,20,0.4581,242.0,2.37,0.0,1
17272,2026-06-27,Organic Search,/pricing,14,12,0.3726,232.3,3.44,0.0,0
14445,2026-05-01,Paid Search,/contact,7,7,0.6504,65.7,1.86,0.0,0
10850,2026-02-18,Organic Search,/about-us,14,13,0.58,180.6,1.98,0.0,0
16253,2026-06-06,Social,/product/backpacks,6,5,0.7079,128.9,1.0,0.0,0
11983,2026-03-12,Direct,/contact,6,6,0.4968,163.2,2.24,0.0,0
17559,2026-07-02,Direct,/about-us,4,4,0.4215,201.5,2.69,0.0,0
18346,2026-07-18,Social,/blog/summer-sale-guide,10,9,0.7924,70.0,1.0,0.0,0
10507,2026-02-11,Organic Search,/checkout,10,8,0.2799,227.0,3.66,1.0,1
15854,2026-05-29,Social,/home,18,17,0.5674,116.3,2.72,1.0,1
10176,2026-02-04,Referral,/blog/summer-sale-guide,7,6,0.5959,236.1,1.85,0.0,0
16067,2026-06-02,Direct,/blog/summer-sale-guide,11,10,0.545,264.5,2.24,0.0,0
10478,2026-02-10,Social,/home,15,12,0.4972,109.4,2.17,0.0,0
15419,2026-05-20,Direct,/blog/summer-sale-guide,11,9,0.5189,281.3,2.38,0.0,0
12794,2026-03-29,Paid Search,/product/winter-jackets,12,11,0.5238,112.6,2.28,1.0,1
15514,2026-05-22,Direct,/home,13,11,0.2926,232.6,3.26,0.0,0
18528,2026-07-22,Paid Search,/pricing,7,6,0.4713,165.6,2.64,0.0,0
16435,2026-06-10,Paid Search,/about-us,13,11,0.5317,116.0,2.18,0.0,0
13401,2026-04-10,Referral,/product/running-shoes,9,7,0.3366,275.9,3.01,0.0,0
17279,2026-06-27,Paid Search,/blog/summer-sale-guide,12,11,0.6023,236.1,1.33,1.0,1
11125,2026-02-23,Social,/product/backpacks,11,9,0.602,71.1,1.81,0.0,0
14212,2026-04-26,Social,/blog/how-to-choose-running-shoes,8,7,0.7565,157.3,1.0,0.0,0
16636,2026-06-14,Paid Search,/pricing,5,4,0.3475,218.4,3.12,0.0,0
12749,2026-03-28,Paid Search,/about-us,3,3,0.5949,134.1,,0.0,0
10247,2026-02-05,Direct,/about-us,2,2,0.3773,175.5,3.61,1.0,1
14664,2026-05-05,Social,/about-us,5,4,0.7896,99.1,1.12,0.0,0
10116,2026-02-03,Paid Search,/blog/summer-sale-guide,12,11,0.5505,273.4,1.57,0.0,0
15789,2026-05-28,Paid Search,/blog/summer-sale-guide,17,15,0.6318,168.9,1.26,0.0,0
11049,2026-02-22,Organic Search,/contact,10,9,0.636,155.6,1.98,0.0,0
13967,2026-04-21,Social,/pricing,4,3,0.5452,169.0,2.33,0.0,0
11254,2026-02-26,Paid Search,/product/winter-jackets,8,7,0.5107,156.6,1.57,0.0,0
18247,2026-07-16,Social,/blog/summer-sale-guide,13,12,0.7801,116.0,1.0,0.0,1
16657,2026-06-14,Social,/checkout,6,6,0.4424,163.2,2.02,2.0,2
13202,2026-04-06,Referral,/product/winter-jackets,13,11,0.3977,227.7,2.53,2.0,2
18915,2026-07-30,Organic Search,/about-us,10,9,0.4615,188.9,,0.0,0
14568,2026-05-03,Direct,/home,15,14,0.2992,167.8,2.82,0.0,0
16890,2026-06-19,Referral,/product/backpacks,5,5,0.3895,191.7,,1.0,1
10025,2026-02-01,Referral,/blog/how-to-choose-running-shoes,8,8,0.5653,262.0,1.82,0.0,0
12592,2026-03-25,Organic Search,/pricing,17,16,0.3608,170.7,3.03,1.0,1
10204,2026-02-05,Organic Search,/product/backpacks,25,21,0.5034,251.1,1.75,1.0,3
15522,2026-05-22,Direct,/pricing,9,8,0.3543,238.6,3.4,1.0,2
15581,2026-05-24,Organic Search,/contact,4,3,0.5656,87.8,1.92,0.0,0
16821,2026-06-18,Organic Search,/blog/how-to-choose-running-shoes,36,34,0.4904,239.1,1.94,1.0,1
12326,2026-03-19,Direct,/product/winter-jackets,8,7,0.3058,184.8,3.03,2.0,3
18236,2026-07-16,Referral,/blog/how-to-choose-running-shoes,6,6,0.4882,226.4,2.67,1.0,1
13026,2026-04-02,Direct,/blog/how-to-choose-running-shoes,8,8,0.5329,267.2,2.88,0.0,0
14122,2026-04-24,Direct,/blog/how-to-choose-running-shoes,6,5,0.5848,222.6,1.38,0.0,0
15301,2026-05-18,Referral,/contact,7,7,0.5581,204.3,2.07,1.0,1
15467,2026-05-21,Direct,/product/backpacks,7,6,0.384,193.8,2.34,0.0,0
16708,2026-06-15,Direct,/home,23,21,0.3247,175.9,3.45,2.0,2
12667,2026-03-26,Social,/product/backpacks,12,11,0.5244,90.7,1.68,0.0,0
10955,2026-02-20,Paid Search,/product/winter-jackets,14,13,0.4817,248.2,2.94,2.0,2
10369,2026-02-08,Paid Search,/checkout,2,2,0.3566,188.0,3.32,0.0,0
11802,2026-03-09,Paid Search,/blog/how-to-choose-running-shoes,15,13,0.628,214.3,1.93,1.0,2
18638,2026-07-24,Referral,/checkout,4,4,0.2636,231.5,3.34,0.0,0
12374,2026-03-20,Direct,/home,22,19,0.3075,219.2,3.03,0.0,0
14226,2026-04-26,Direct,/pricing,1,1,0.3295,247.3,3.44,0.0,0
18337,2026-07-18,Referral,/blog/summer-sale-guide,9,8,0.5271,276.4,2.03,0.0,0
18822,2026-07-28,Paid Search,/product/backpacks,11,9,0.5001,187.4,2.65,2.0,2
10740,2026-02-15,Direct,/about-us,4,4,0.5317,175.2,2.25,0.0,0
11545,2026-03-04,Organic Search,/blog/how-to-choose-running-shoes,25,21,0.5285,227.6,2.53,3.0,3
14757,2026-05-07,Referral,/checkout,3,3,0.2235,170.0,3.72,0.0,0
14329,2026-04-29,Organic Search,/product/running-shoes,47,45,0.4268,232.3,2.57,2.0,2
15430,2026-05-21,Organic Search,/about-us,14,13,0.5126,182.7,2.42,0.0,1
17798,2026-07-07,Social,/blog/summer-sale-guide,5,4,0.7122,178.1,1.14,0.0,0
16676,2026-06-15,Organic Search,/pricing,15,13,0.3143,179.3,3.75,1.0,2
15512,2026-05-22,Social,/pricing,6,5,0.5083,147.5,2.28,0.0,0
16427,2026-06-10,Organic Search,/pricing,22,18,0.4003,181.2,2.37,2.0,2
15473,2026-05-21,Direct,/checkout,2,2,0.1837,232.8,3.34,0.0,0
15190,2026-05-16,Paid Search,/blog/summer-sale-guide,10,9,0.6791,150.3,1.0,0.0,0
14317,2026-04-28,Social,/checkout,5,4,0.5108,122.1,2.19,0.0,0
15409,2026-05-20,Social,/blog/summer-sale-guide,13,12,0.7435,152.0,1.76,1.0,1
14371,2026-04-29,Direct,/product/backpacks,2,2,0.3962,258.8,2.73,0.0,0
17557,2026-07-02,Direct,/blog/how-to-choose-running-shoes,18,15,0.6004,303.3,2.24,0.0,0
14654,2026-05-05,Referral,/about-us,5,4,0.5332,158.8,2.12,0.0,0
12685,2026-03-27,Organic Search,/product/running-shoes,39,37,0.3845,157.3,2.88,3.0,3
16520,2026-06-12,Organic Search,/product/winter-jackets,33,27,0.4202,230.4,2.88,4.0,4
17727,2026-07-06,Paid Search,/blog/how-to-choose-running-shoes,10,9,0.6443,237.8,1.97,0.0,1
11161,2026-02-24,Paid Search,/checkout,3,3,0.3757,207.4,2.82,0.0,0
11275,2026-02-26,Social,/product/backpacks,6,5,0.597,89.7,2.08,0.0,0
10589,2026-02-12,Direct,/product/running-shoes,13,12,0.2585,232.0,3.28,1.0,1
15847,2026-05-29,Referral,/product/backpacks,8,7,0.3355,188.0,2.3,1.0,1
13183,2026-04-06,Organic Search,/product/backpacks,12,11,0.4129,199.7,2.33,1.0,1
17350,2026-06-28,Social,/contact,4,4,,17.3,2.14,0.0,0
17578,2026-07-03,Paid Search,/blog/summer-sale-guide,15,14,0.5942,187.5,2.07,0.0,0
16879,2026-06-19,Paid Search,/product/winter-jackets,10,9,0.4721,98.0,2.54,1.0,1
16803,2026-06-17,Social,/about-us,11,10,0.5981,55.7,1.72,0.0,0
17962,2026-07-11,Organic Search,/home,39,37,0.343,239.4,3.2,2.0,3
10642,2026-02-13,Direct,/blog/how-to-choose-running-shoes,12,11,0.5015,279.7,2.36,0.0,0
18476,2026-07-21,Paid Search,/about-us,8,7,0.5652,85.1,2.3,1.0,1
18865,2026-07-29,Organic Search,/about-us,21,18,0.4706,163.6,2.52,0.0,0
18347,2026-07-18,Social,/about-us,5,4,0.6975,10.0,1.32,0.0,0
13413,2026-04-10,Social,/product/backpacks,16,14,0.6023,91.9,1.82,0.0,0
13630,2026-04-15,Organic Search,/product/running-shoes,41,35,0.4062,198.7,3.08,6.0,7
10368,2026-02-08,Paid Search,/pricing,9,8,0.4997,156.7,2.71,2.0,2
14245,2026-04-27,Paid Search,/contact,3,3,0.656,102.2,2.21,0.0,0
13172,2026-04-05,Direct,/product/winter-jackets,4,4,0.3588,218.9,2.88,1.0,1
15928,2026-05-31,Organic Search,/blog/summer-sale-guide,12,12,0.5786,150.8,1.84,1.0,1
12196,2026-03-17,Paid Search,/product/running-shoes,21,19,0.4785,165.5,1.97,1.0,2
16086,2026-06-03,Paid Search,/blog/how-to-choose-running-shoes,22,21,0.7005,215.3,1.98,0.0,0
12890,2026-03-31,Organic Search,/pricing,16,13,0.4521,229.4,2.79,1.0,1
14134,2026-04-25,Organic Search,/about-us,9,9,0.5349,,2.87,0.0,0
17524,2026-07-02,Paid Search,/product/running-shoes,18,16,0.4554,215.7,2.25,2.0,2
10578,2026-02-12,Social,/home,17,14,0.4518,116.3,2.3,2.0,2
11021,2026-02-21,Referral,/checkout,2,2,0.249,232.9,3.15,0.0,0
11055,2026-02-22,Paid Search,/product/backpacks,4,3,0.445,171.4,2.34,1.0,1
11763,2026-03-08,Referral,/blog/summer-sale-guide,6,6,0.5788,219.5,1.49,0.0,0
16233,2026-06-06,Paid Search,/product/winter-jackets,17,14,0.4669,190.4,1.76,1.0,1
12219,2026-03-17,Social,/blog/how-to-choose-running-shoes,10,10,0.8261,171.5,1.24,0.0,0
18639,2026-07-24,Social,/home,29,25,0.5347,105.5,1.99,0.0,0
15823,2026-05-28,Direct,/checkout,1,1,0.1603,269.7,3.74,0.0,0
18338,2026-07-18,Referral,/about-us,2,2,0.4712,168.6,2.51,0.0,1
18458,2026-07-20,Direct,/pricing,7,6,0.2586,,3.36,0.0,1
15224,2026-05-16,Direct,/checkout,1,1,0.177,268.6,3.64,0.0,0
13806,2026-04-18,Referral,/contact,3,3,0.6072,98.1,1.95,0.0,0
12203,2026-03-17,Paid Search,/pricing,5,4,0.3263,119.6,3.06,0.0,0
11943,2026-03-12,Organic Search,/contact,11,10,0.5638,51.0,1.98,0.0,0
14015,2026-04-22,Social,/about-us,8,7,0.6704,25.9,2.06,1.0,1
10680,2026-02-14,Social,/product/backpacks,6,6,0.56,81.1,1.89,0.0,1
15612,2026-05-24,Social,/pricing,4,4,0.4967,164.3,2.54,0.0,0
11600,2026-03-05,Organic Search,/checkout,7,7,0.3207,232.6,2.9,2.0,2
11712,2026-03-07,Referral,/product/winter-jackets,8,7,0.435,231.2,2.97,1.0,1
18688,2026-07-25,Referral,/checkout,3,3,0.2077,252.3,3.39,0.0,0
13113,2026-04-04,Social,/product/winter-jackets,7,7,0.5125,81.2,1.64,0.0,0
14221,2026-04-26,Direct,/product/backpacks,8,7,0.3176,238.3,2.8,0.0,0
11877,2026-03-10,Direct,/home,12,11,0.3051,220.1,2.21,0.0,0
13448,2026-04-11,Paid Search,/pricing,13,11,0.4673,214.2,1.95,2.0,4
16073,2026-06-03,Organic Search,/product/running-shoes,36,34,0.4216,206.2,2.65,2.0,3
11032,2026-02-21,Direct,/home,11,10,0.3201,215.8,3.64,0.0,0
18286,2026-07-17,Referral,/blog/how-to-choose-running-shoes,12,10,0.5375,273.3,,0.0,1
18996,2026-07-31,Social,/contact,7,6,0.7135,31.0,1.29,0.0,0
18344,2026-07-18,Social,/product/backpacks,6,5,,71.2,1.0,1.0,1
11042,2026-02-22,Organic Search,/home,28,25,0.3431,210.0,2.63,3.0,3
10556,2026-02-12,Organic Search,/pricing,17,16,0.3382,202.3,3.35,2.0,2
15160,2026-05-15,Social,/blog/summer-sale-guide,6,5,0.7619,105.2,1.03,0.0,0
17444,2026-06-30,Social,/product/running-shoes,22,20,0.5904,146.0,1.83,1.0,2
15163,2026-05-15,Social,/pricing,7,7,0.4479,138.6,2.38,0.0,1
16030,2026-06-02,Organic Search,/pricing,13,12,0.3544,197.5,2.69,1.0,1
13829,2026-04-19,Organic Search,/home,34,32,0.3928,190.6,3.22,0.0,0
13718,2026-04-16,Social,/checkout,6,5,0.4682,147.7,2.36,0.0,0
11881,2026-03-10,Direct,/blog/how-to-choose-running-shoes,13,11,0.4269,255.7,2.17,0.0,0
11887,2026-03-11,Organic Search,/home,55,48,,214.0,2.32,2.0,4
16161,2026-06-04,Direct,/home,18,15,0.3038,200.0,3.02,1.0,2
16686,2026-06-15,Paid Search,/pricing,13,12,0.3344,164.8,2.57,2.0,2
14888,2026-05-10,Paid Search,/product/running-shoes,20,19,0.5102,192.8,2.41,0.0,0
10870,2026-02-18,Referral,/about-us,8,8,0.4019,226.8,2.63,0.0,0
12344,2026-03-20,Paid Search,/home,18,17,0.4243,147.1,2.44,0.0,0
12633,2026-03-25,Direct,/checkout,3,2,0.1549,213.8,3.8,0.0,0
10487,2026-02-10,Social,/checkout,8,7,0.3794,211.6,2.34,,0
17040,2026-06-22,Referral,/blog/how-to-choose-running-shoes,10,9,0.5324,,1.85,0.0,0
16571,2026-06-13,Organic Search,/product/backpacks,16,13,0.4557,186.7,2.43,1.0,2
11301,2026-02-27,Organic Search,/checkout,6,6,0.3176,215.4,3.03,0.0,1
17932,2026-07-10,Referral,/home,19,16,0.3405,200.7,2.79,2.0,2
17532,2026-07-02,Paid Search,/checkout,9,9,0.2599,163.1,3.99,1.0,1
13284,2026-04-08,Organic Search,/blog/how-to-choose-running-shoes,27,23,0.5958,269.1,2.05,0.0,0
18186,2026-07-15,Referral,/blog/how-to-choose-running-shoes,11,10,0.594,285.4,1.48,0.0,0
13891,2026-04-20,Paid Search,/product/winter-jackets,29,27,0.576,187.9,2.83,1.0,3
18587,2026-07-23,Referral,/contact,4,4,0.5889,143.3,2.3,1.0,1
18903,2026-07-29,Direct,/blog/how-to-choose-running-shoes,16,14,0.5775,309.1,1.67,0.0,0
15507,2026-05-22,Social,/product/backpacks,10,10,0.6376,121.4,1.87,0.0,0
17771,2026-07-07,Organic Search,/pricing,18,17,0.4797,192.8,2.03,1.0,2
14670,2026-05-05,Direct,/product/winter-jackets,9,8,0.2793,216.1,2.24,1.0,1
11502,2026-03-03,Paid Search,/product/running-shoes,18,17,0.4602,170.6,2.09,1.0,2
18940,2026-07-30,Social,/product/running-shoes,15,14,0.5505,64.2,1.8,1.0,1
14323,2026-04-28,Direct,/blog/summer-sale-guide,14,13,0.5317,279.9,2.16,0.0,0
14857,2026-05-09,Social,/home,16,15,0.5147,64.8,1.6,1.0,1
17951,2026-07-10,Social,/checkout,7,7,0.4787,140.0,1.92,1.0,1
18354,2026-07-18,Direct,/product/backpacks,8,8,0.3233,205.6,3.71,0.0,0
15026,2026-05-13,Organic Search,/product/running-shoes,34,29,0.3834,249.1,3.49,2.0,3
16737,2026-06-16,Paid Search,/checkout,10,9,0.3977,190.0,2.84,2.0,3
17589,2026-07-03,Referral,/about-us,7,6,0.5209,173.5,1.7,0.0,0
17865,2026-07-09,Organic Search,/product/winter-jackets,21,19,0.5004,185.6,2.69,0.0,0
10452,2026-02-10,Organic Search,/blog/how-to-choose-running-shoes,20,17,,199.7,2.12,0.0,0
12216,2026-03-17,Social,/product/running-shoes,21,18,0.6235,124.4,2.08,0.0,1
16551,2026-06-12,Social,/product/backpacks,9,8,0.5669,88.6,2.71,0.0,0
11140,2026-02-23,Direct,/pricing,5,4,0.2468,261.1,3.26,0.0,0
16626,2026-06-14,Organic Search,/pricing,19,17,0.3192,208.4,3.18,2.0,2
15588,2026-05-24,Paid Search,/blog/how-to-choose-running-shoes,10,9,0.6125,215.7,1.84,1.0,1
15266,2026-05-17,Direct,/product/winter-jackets,4,4,0.3869,207.9,2.35,0.0,0
11454,2026-03-02,Paid Search,/product/backpacks,11,10,0.4054,144.1,2.74,1.0,1
13187,2026-04-06,Organic Search,/contact,15,14,0.6796,189.9,1.89,1.0,1
17641,2026-07-04,Referral,/pricing,4,4,0.2684,261.7,3.19,0.0,0
18436,2026-07-20,Referral,/about-us,6,6,0.4952,214.5,,0.0,0
18971,2026-07-31,Paid Search,/product/winter-jackets,16,14,0.4366,137.8,2.75,2.0,2
13051,2026-04-03,Paid Search,/checkout,3,3,0.2756,175.7,3.75,0.0,0
17118,2026-06-24,Organic Search,/product/winter-jackets,29,25,0.3945,224.0,2.44,1.0,1
14292,2026-04-28,Paid Search,/blog/how-to-choose-running-shoes,17,15,0.6153,194.5,2.27,1.0,1
16794,2026-06-17,Referral,/about-us,4,4,0.5436,149.5,2.2,1.0,1
17553,2026-07-02,Direct,/home,33,29,0.2986,232.8,3.35,3.0,3
10501,2026-02-11,Organic Search,/product/backpacks,13,11,0.4726,221.2,2.47,1.0,1
10661,2026-02-14,Paid Search,/product/backpacks,6,6,0.4802,132.7,2.4,1.0,1
11075,2026-02-22,Social,/product/backpacks,7,6,0.528,113.9,2.11,0.0,0
12655,2026-03-26,Referral,/product/running-shoes,15,14,0.4425,237.6,2.4,1.0,1
13505,2026-04-12,Referral,/about-us,4,3,0.5459,143.4,2.07,1.0,1
10026,2026-02-01,Referral,/blog/summer-sale-guide,5,5,0.6142,,1.97,0.0,0
15548,2026-05-23,Referral,/blog/how-to-choose-running-shoes,8,7,0.5868,271.8,2.32,0.0,0
11103,2026-02-23,Paid Search,/product/running-shoes,17,16,0.3952,171.0,2.15,1.0,1
18289,2026-07-17,Referral,/contact,3,3,0.6093,177.9,1.3,0.0,0
11747,2026-03-08,Organic Search,/pricing,13,12,0.3806,195.5,2.66,0.0,0
17732,2026-07-06,Paid Search,/checkout,2,2,0.3718,227.6,2.49,1.0,1
17633,2026-07-04,Referral,/home,18,15,0.291,177.7,3.32,0.0,0
13855,2026-04-19,Referral,/about-us,6,5,0.3948,148.2,2.43,0.0,0
11366,2026-02-28,Referral,/blog/how-to-choose-running-shoes,6,5,0.4942,247.0,2.55,0.0,0
13166,2026-04-05,Social,/about-us,5,5,0.7652,70.5,1.0,0.0,0
18646,2026-07-24,Social,/contact,5,4,0.77,39.9,1.2,0.0,0
12398,2026-03-21,Paid Search,/blog/how-to-choose-running-shoes,13,11,0.5838,155.3,2.4,0.0,2
15773,2026-05-27,Direct,/checkout,3,3,0.1862,282.7,3.7,0.0,0
14830,2026-05-09,Organic Search,/product/backpacks,12,11,0.3731,199.7,2.62,0.0,1
14085,2026-04-24,Organic Search,/contact,7,6,0.598,105.3,2.18,1.0,1
15837,2026-05-29,Paid Search,/product/backpacks,15,13,0.5255,159.1,1.88,0.0,0
15376,2026-05-20,Organic Search,/product/winter-jackets,26,25,0.3893,226.8,3.18,1.0,1
15101,2026-05-14,Referral,/about-us,5,5,0.4677,166.9,1.7,0.0,0
12992,2026-04-02,Paid Search,/home,22,18,0.3974,156.7,3.16,0.0,0
10791,2026-02-16,Direct,/contact,5,5,0.5736,181.0,1.48,0.0,0
10264,2026-02-06,Paid Search,/product/backpacks,4,3,0.4689,117.6,2.35,1.0,1
12748,2026-03-28,Paid Search,/blog/summer-sale-guide,16,14,0.5994,200.7,1.77,0.0,0
10112,2026-02-03,Paid Search,/product/running-shoes,14,14,0.3983,163.7,2.82,1.0,1
12006,2026-03-13,Referral,/home,13,11,0.3449,246.1,2.42,3.0,3
11723,2026-03-07,Social,/product/backpacks,5,4,0.5714,100.0,1.69,0.0,0
16736,2026-06-16,Paid Search,/pricing,8,7,0.4229,123.6,3.0,0.0,0
12513,2026-03-23,Referral,/checkout,4,3,0.2649,264.5,,0.0,0
16944,2026-06-20,Referral,/contact,1,1,0.4981,,2.06,0.0,0
13547,2026-04-13,Paid Search,/pricing,12,11,0.3667,246.3,3.29,0.0,0
12257,2026-03-18,Referral,/product/winter-jackets,16,15,0.3855,229.9,1.79,1.0,1
11932,2026-03-11,Direct,/about-us,4,3,,,1.51,1.0,1
16487,2026-06-11,Paid Search,/checkout,5,5,0.4016,162.7,2.8,1.0,1
18377,2026-07-19,Paid Search,/about-us,6,5,-0.1,203.3,,0.0,0
18171,2026-07-15,Organic Search,/checkout,8,7,0.2049,224.9,4.14,0.0,0
18393,2026-07-19,Social,/product/winter-jackets,9,8,0.5713,166.8,1.0,0.0,0
17485,2026-07-01,Referral,/product/winter-jackets,10,8,0.3288,232.4,3.12,0.0,0
17196,2026-06-25,Social,/product/running-shoes,20,18,0.5547,132.3,1.7,0.0,0
17860,2026-07-08,Direct,/contact,8,7,0.5596,156.0,1.81,0.0,0
17706,2026-07-05,Direct,/product/backpacks,11,10,0.2923,278.7,3.28,1.0,1
17031,2026-06-22,Paid Search,/blog/summer-sale-guide,14,13,0.7618,182.5,1.0,0.0,0
17899,2026-07-09,Social,/about-us,6,6,0.6548,54.0,1.44,0.0,0
18538,2026-07-22,Referral,/pricing,8,7,0.2821,266.3,3.03,0.0,0
14024,2026-04-22,Direct,/blog/summer-sale-guide,11,10,0.4852,220.6,2.56,0.0,0
10984,2026-02-20,Direct,/product/running-shoes,6,5,0.3641,276.0,2.58,0.0,0
12489,2026-03-23,Organic Search,/blog/summer-sale-guide,22,19,0.6599,,1.47,3.0,3
16285,2026-06-07,Paid Search,/blog/summer-sale-guide,8,8,0.6236,132.9,2.04,0.0,1
11380,2026-02-28,Social,/pricing,4,4,0.5759,82.5,2.03,0.0,0
18889,2026-07-29,Social,/home,22,21,0.5995,91.2,1.66,0.0,1
17545,2026-07-02,Social,/product/winter-jackets,10,9,0.5532,75.8,1.9,0.0,0
16196,2026-06-05,Referral,/blog/summer-sale-guide,6,5,0.5482,261.1,2.68,0.0,0
10068,2026-02-02,Paid Search,/contact,6,5,0.6659,87.3,1.22,0.0,0
18687,2026-07-25,Referral,/pricing,1,1,0.3638,189.3,,0.0,0
10499,2026-02-11,Organic Search,/product/running-shoes,32,30,0.422,201.2,1.96,0.0,2
18517,2026-07-22,Organic Search,/contact,7,6,0.6463,111.9,1.45,0.0,0
11623,2026-03-05,Social,/product/backpacks,5,5,0.5961,97.6,,0.0,0
11393,2026-03-01,Organic Search,/product/running-shoes,30,25,0.3345,158.5,3.5,3.0,4
14475,2026-05-01,Direct,/contact,6,5,0.5566,149.2,2.05,0.0,0
12334,2026-03-20,Organic Search,/home,54,51,0.3933,166.4,2.55,2.0,3
12871,2026-03-30,Social,/checkout,5,5,0.4863,120.6,2.18,0.0,0
14738,2026-05-07,Paid Search,/home,28,25,0.4611,137.0,2.32,0.0,0
14357,2026-04-29,Referral,/checkout,4,3,0.2439,238.6,3.39,1.0,1
16364,2026-06-08,Direct,/blog/summer-sale-guide,5,5,0.5956,241.7,1.84,0.0,0
14120,2026-04-24,Direct,/product/winter-jackets,11,10,0.3373,222.7,3.06,3.0,3
16214,2026-06-05,Direct,/product/backpacks,4,4,0.3585,259.4,2.57,0.0,0
15035,2026-05-13,Paid Search,/home,22,18,0.5112,164.9,2.29,1.0,2
16134,2026-06-04,Paid Search,/product/winter-jackets,18,16,0.5091,156.5,2.66,0.0,1
10220,2026-02-05,Paid Search,/checkout,6,5,0.436,208.5,,1.0,1
14029,2026-04-23,Organic Search,/home,48,40,0.2862,161.5,4.23,1.0,2
18246,2026-07-16,Social,/blog/how-to-choose-running-shoes,12,11,0.7503,124.2,1.39,0.0,0
14190,2026-04-26,Paid Search,/product/winter-jackets,8,7,0.5018,145.5,2.52,0.0,1
16838,2026-06-18,Referral,/product/running-shoes,11,10,0.2759,205.8,3.14,1.0,1
18802,2026-07-27,Direct,/product/backpacks,8,8,0.3397,206.9,2.8,0.0,0
16542,2026-06-12,Referral,/blog/how-to-choose-running-shoes,7,6,0.4669,264.1,2.22,0.0,0
14490,2026-05-02,Paid Search,/product/winter-jackets,11,10,0.5254,148.0,2.31,0.0,0
11405,2026-03-01,Paid Search,/product/backpacks,6,5,0.4743,182.8,2.24,,1
11671,2026-03-06,Social,/product/running-shoes,11,9,0.5421,93.2,,0.0,0
18446,2026-07-20,Social,/about-us,5,4,0.6294,69.4,,0.0,0
13828,2026-04-18,Direct,/checkout,2,2,0.3106,270.9,3.41,,1
15006,2026-05-12,Social,/product/running-shoes,14,12,0.589,140.3,2.37,0.0,1
11377,2026-02-28,Social,/blog/summer-sale-guide,9,8,0.8401,112.3,1.0,0.0,0
13134,2026-04-05,Organic Search,/product/backpacks,9,8,0.3969,156.9,1.89,1.0,1
15208,2026-05-16,Social,/product/backpacks,6,5,0.536,157.5,1.77,0.0,0
18164,2026-07-15,Organic Search,/product/winter-jackets,25,24,0.3367,157.9,2.39,1.0,2
11372,2026-02-28,Social,/home,12,10,0.4736,126.4,2.69,1.0,1
16265,2026-06-06,Direct,/blog/summer-sale-guide,6,6,0.4602,228.7,2.55,0.0,0
13333,2026-04-09,Organic Search,/product/backpacks,22,18,,221.7,2.51,2.0,2
12316,2026-03-19,Social,/product/winter-jackets,10,9,,124.7,1.85,0.0,0
14392,2026-04-30,Paid Search,/blog/how-to-choose-running-shoes,18,15,0.6389,176.1,1.46,0.0,1
11882,2026-03-10,Direct,/blog/summer-sale-guide,12,10,0.5847,223.2,1.97,0.0,0
19008,2026-07-31,Direct,/checkout,4,4,0.1484,284.0,3.83,0.0,0
15873,2026-05-29,Direct,/checkout,1,1,0.2882,220.8,3.23,0.0,0
16262,2026-06-06,Direct,/product/winter-jackets,14,13,0.31,197.5,3.3,1.0,1
14987,2026-05-12,Paid Search,/product/winter-jackets,13,12,0.4467,105.2,2.46,0.0,0
16186,2026-06-05,Paid Search,/blog/summer-sale-guide,10,9,0.6315,215.9,1.16,1.0,1
11681,2026-03-06,Direct,/product/running-shoes,8,7,0.3799,259.7,2.78,2.0,2
13543,2026-04-13,Paid Search,/blog/how-to-choose-running-shoes,27,23,0.6424,239.4,1.66,1.0,1
17496,2026-07-01,Social,/product/backpacks,6,5,0.4333,116.0,2.91,1.0,1
11173,2026-02-24,Social,/product/running-shoes,14,13,0.5759,119.8,2.38,0.0,1
16533,2026-06-12,Paid Search,/blog/summer-sale-guide,23,22,0.6409,244.1,2.28,0.0,0
13221,2026-04-06,Direct,/product/running-shoes,23,22,0.3159,232.7,3.04,2.0,4
11385,2026-02-28,Direct,/product/backpacks,7,7,0.2618,238.5,3.89,0.0,0
12456,2026-03-22,Referral,/product/winter-jackets,11,10,,201.5,2.91,1.0,1
15198,2026-05-16,Referral,/product/backpacks,7,6,,155.0,2.22,1.0,1
11144,2026-02-24,Organic Search,/product/winter-jackets,29,26,0.3626,195.4,,3.0,3
15438,2026-05-21,Paid Search,/blog/how-to-choose-running-shoes,14,13,0.6098,,1.0,0.0,0
10388,2026-02-08,Direct,/home,17,16,0.3158,184.3,3.06,0.0,0
17864,2026-07-09,Organic Search,/product/running-shoes,50,46,0.4193,210.5,2.12,3.0,6
15688,2026-05-26,Paid Search,/blog/how-to-choose-running-shoes,16,14,0.512,233.3,2.17,1.0,1
15615,2026-05-24,Direct,/product/running-shoes,15,13,0.4484,223.9,3.17,1.0,1
18391,2026-07-19,Social,/home,21,20,0.4914,67.6,2.61,0.0,0
16976,2026-06-21,Organic Search,/checkout,3,3,0.2184,181.4,4.21,0.0,0
12121,2026-03-15,Social,/about-us,1,1,0.7361,63.8,1.25,0.0,0
11112,2026-02-23,Referral,/home,15,13,0.3376,260.9,3.25,1.0,2
12189,2026-03-17,Organic Search,/blog/how-to-choose-running-shoes,23,21,0.4968,244.7,3.04,2.0,2
12808,2026-03-29,Referral,/about-us,3,3,0.4309,206.5,3.3,0.0,0
18371,2026-07-19,Paid Search,/home,18,16,0.4539,210.8,2.95,1.0,1
11620,2026-03-05,Social,/home,12,11,0.5543,98.9,1.79,1.0,1
17755,2026-07-06,Direct,/product/winter-jackets,11,11,0.3714,222.2,2.84,0.0,0
18864,2026-07-29,Organic Search,/blog/summer-sale-guide,25,21,0.6448,256.6,1.0,0.0,0
13169,2026-04-05,Social,/checkout,6,5,0.4741,141.1,1.56,0.0,0
12085,2026-03-15,Organic Search,/home,24,22,0.4458,204.9,2.74,1.0,3
16673,2026-06-15,Organic Search,/blog/summer-sale-guide,17,16,0.5896,185.6,1.11,0.0,0
10071,2026-02-02,Referral,/home,12,10,0.398,195.6,3.08,0.0,0
14412,2026-04-30,Social,/blog/how-to-choose-running-shoes,9,8,0.739,171.9,1.12,0.0,0
16745,2026-06-16,Referral,/contact,5,4,0.6464,131.6,2.43,0.0,0
13564,2026-04-13,Social,/blog/summer-sale-guide,20,18,0.6789,190.6,1.8,0.0,0
17662,2026-07-04,Direct,/checkout,1,1,0.2466,254.7,3.18,0.0,0
18304,2026-07-17,Direct,/product/winter-jackets,10,9,0.4343,193.5,2.95,0.0,0
19002,2026-07-31,Direct,/product/backpacks,10,9,0.3763,264.5,2.54,0.0,0
10899,2026-02-19,Organic Search,/blog/summer-sale-guide,20,17,0.622,199.9,1.32,1.0,1
10968,2026-02-20,Referral,/blog/summer-sale-guide,6,5,0.5037,284.6,2.12,0.0,0
15749,2026-05-27,Referral,/blog/summer-sale-guide,9,8,0.5791,301.3,2.05,0.0,0
17009,2026-06-21,Direct,/product/winter-jackets,9,8,0.2831,185.1,2.35,0.0,0
17976,2026-07-11,Paid Search,/blog/how-to-choose-running-shoes,9,8,0.6041,220.9,2.59,0.0,0
13074,2026-04-03,Direct,/product/winter-jackets,7,7,0.2365,252.0,4.18,1.0,1
16299,2026-06-07,Referral,/checkout,5,4,0.2979,264.5,3.12,,0
14925,2026-05-10,Direct,/checkout,1,1,0.1751,270.8,3.97,0.0,0
14013,2026-04-22,Social,/blog/how-to-choose-running-shoes,19,18,0.7727,147.6,1.06,0.0,0
17391,2026-06-29,Referral,/pricing,8,7,0.2796,287.8,3.63,0.0,0
16519,2026-06-12,Organic Search,/product/running-shoes,36,30,0.5162,243.9,1.57,3.0,4
14595,2026-05-04,Paid Search,/contact,2,2,0.7119,68.4,1.47,0.0,0
14893,2026-05-10,Paid Search,/about-us,2,2,0.6017,148.6,2.18,1.0,1
13935,2026-04-21,Organic Search,/about-us,13,12,0.5511,129.8,,0.0,0
16995,2026-06-21,Referral,/pricing,6,5,0.3086,274.8,3.56,1.0,1
13772,2026-04-17,Direct,/product/backpacks,8,7,0.4823,262.7,2.29,0.0,0
13178,2026-04-05,Direct,/pricing,6,5,0.275,267.8,3.89,1.0,1
15424,2026-05-21,Organic Search,/home,47,42,0.393,150.4,3.44,2.0,4
10457,2026-02-10,Organic Search,/checkout,7,6,0.2634,239.2,3.13,2.0,2
14260,2026-04-27,Social,/product/winter-jackets,8,8,0.5216,117.7,1.67,0.0,0
14735,2026-05-07,Organic Search,/contact,12,11,0.5517,156.6,2.3,0.0,0
10924,2026-02-19,Social,/product/running-shoes,16,13,0.5569,113.5,1.54,1.0,1
15082,2026-05-14,Organic Search,/contact,9,8,0.5616,149.3,1.66,0.0,0
18859,2026-07-29,Organic Search,/home,45,41,0.3341,157.2,2.9,3.0,3
16921,2026-06-20,Organic Search,/blog/how-to-choose-running-shoes,39,37,0.5547,216.0,2.64,6.0,6
15580,2026-05-24,Organic Search,/about-us,12,11,0.4846,152.2,2.59,2.0,2
11764,2026-03-08,Referral,/about-us,3,3,0.4725,146.7,2.33,0.0,0
14590,2026-05-04,Paid Search,/product/winter-jackets,16,13,0.4066,175.1,2.21,1.0,1
10158,2026-02-04,Organic Search,/contact,8,8,0.6333,155.5,2.21,0.0,0
17558,2026-07-02,Direct,/blog/summer-sale-guide,11,9,0.5793,265.3,1.78,0.0,0
18866,2026-07-29,Organic Search,/contact,14,12,0.6421,86.6,1.87,0.0,0
12541,2026-03-24,Organic Search,/contact,9,8,0.6278,82.8,2.12,0.0,0
10203,2026-02-05,Organic Search,/product/winter-jackets,19,18,0.3048,179.8,2.32,1.0,2
16056,2026-06-02,Social,/blog/how-to-choose-running-shoes,20,17,0.7518,97.0,1.12,1.0,1
13203,2026-04-06,Referral,/product/backpacks,7,6,0.3319,220.0,3.12,0.0,0
15998,2026-06-01,Referral,/about-us,6,5,0.4494,126.9,3.44,0.0,1
10145,2026-02-03,Direct,/blog/how-to-choose-running-shoes,14,13,0.5554,304.6,2.46,0.0,0
10095,2026-02-02,Direct,/blog/how-to-choose-running-shoes,8,7,0.4261,254.5,2.53,1.0,1
10643,2026-02-13,Direct,/blog/summer-sale-guide,4,4,0.5095,201.9,1.87,0.0,0
17526,2026-07-02,Paid Search,/product/backpacks,11,9,0.5475,170.7,1.89,3.0,3
11549,2026-03-04,Organic Search,/pricing,14,12,0.3498,219.1,3.26,2.0,2
15885,2026-05-30,Paid Search,/product/running-shoes,14,13,0.592,159.1,1.56,1.0,3
16953,2026-06-20,Social,/about-us,4,4,0.5888,40.0,1.57,0.0,0
15257,2026-05-17,Social,/product/backpacks,5,4,0.52,125.9,1.96,1.0,1
17405,2026-06-29,Direct,/product/winter-jackets,6,5,0.326,263.1,3.29,0.0,0
11984,2026-03-12,Direct,/pricing,6,5,0.2384,266.8,3.56,0.0,1
17180,2026-06-25,Paid Search,/blog/summer-sale-guide,15,14,0.6371,188.7,1.82,0.0,0
15743,2026-05-27,Paid Search,/checkout,7,7,0.2047,193.2,3.55,0.0,0
15284,2026-05-18,Paid Search,/home,26,23,0.4129,101.3,2.56,0.0,0
14571,2026-05-03,Direct,/product/backpacks,4,4,0.3762,206.6,2.84,0.0,0
10702,2026-02-15,Organic Search,/blog/summer-sale-guide,18,17,0.5603,222.8,1.93,0.0,0
12135,2026-03-16,Organic Search,/home,38,35,0.3499,213.4,3.34,3.0,4
10687,2026-02-14,Direct,/home,12,11,0.2836,208.3,3.13,0.0,0
16109,2026-06-03,Social,/contact,4,4,0.7588,22.4,1.17,0.0,0
15058,2026-05-13,Social,/product/backpacks,6,6,0.6302,100.9,1.89,0.0,1
11239,2026-02-25,Direct,/contact,4,4,0.5758,164.8,2.89,0.0,0
10516,2026-02-11,Paid Search,/pricing,11,10,0.3835,194.8,2.47,2.0,2
17580,2026-07-03,Paid Search,/contact,3,3,0.6992,160.1,1.95,0.0,0
13635,2026-04-15,Organic Search,/about-us,17,15,0.5896,144.2,1.6,1.0,1
18047,2026-07-12,Social,/blog/summer-sale-guide,4,3,0.8409,87.6,1.0,1.0,1
12200,2026-03-17,Paid Search,/blog/summer-sale-guide,11,10,0.6843,221.6,1.56,0.0,1
18742,2026-07-26,Social,/product/backpacks,8,7,0.5444,141.1,1.93,0.0,0
15653,2026-05-25,Referral,/checkout,5,4,0.1712,267.8,3.94,0.0,0
14207,2026-04-26,Referral,/checkout,5,5,0.3317,255.4,3.12,0.0,0
10592,2026-02-12,Direct,/blog/how-to-choose-running-shoes,9,8,0.4707,259.8,2.15,0.0,0
12960,2026-04-01,Referral,/pricing,7,7,0.2833,204.6,3.04,0.0,0
18078,2026-07-13,Paid Search,/about-us,14,12,0.5158,130.6,2.42,0.0,0
10329,2026-02-07,Referral,/pricing,4,4,0.3246,244.6,3.24,0.0,1
17120,2026-06-24,Organic Search,/blog/how-to-choose-running-shoes,25,24,0.5435,242.4,2.27,0.0,1
16266,2026-06-06,Direct,/about-us,9,8,0.4032,256.2,2.46,0.0,0
15724,2026-05-27,Organic Search,/home,45,42,0.3773,243.8,2.21,2.0,3
17068,2026-06-23,Organic Search,/product/winter-jackets,28,26,0.4555,169.6,2.25,0.0,0
15787,2026-05-28,Paid Search,/product/backpacks,12,11,0.5744,161.9,2.11,0.0,0
16380,2026-06-09,Paid Search,/product/running-shoes,20,18,0.4677,158.6,2.21,2.0,4
17824,2026-07-08,Paid Search,/product/running-shoes,15,14,0.5229,206.7,2.59,0.0,1
14856,2026-05-09,Referral,/checkout,2,2,0.2428,195.5,3.5,0.0,0
15593,2026-05-24,Paid Search,/checkout,3,3,0.3389,158.7,2.46,0.0,0
17878,2026-07-09,Paid Search,/blog/summer-sale-guide,14,13,0.6485,202.5,1.63,0.0,0
15904,2026-05-30,Social,/home,13,11,0.5892,96.3,2.0,3.0,3
16503,2026-06-11,Social,/blog/summer-sale-guide,4,4,0.8231,153.5,1.56,0.0,0
16614,2026-06-13,Direct,/about-us,4,4,0.4885,175.9,2.36,0.0,0
17456,2026-06-30,Direct,/product/backpacks,14,12,0.3469,276.1,3.71,1.0,1
10607,2026-02-13,Organic Search,/checkout,10,9,0.211,226.4,3.37,2.0,2
12153,2026-03-16,Paid Search,/pricing,6,6,0.4219,216.2,3.19,0.0,1
10042,2026-02-01,Direct,/product/running-shoes,8,7,0.3271,208.7,3.27,0.0,0
12903,2026-03-31,Referral,/product/running-shoes,4,3,0.3708,210.9,3.42,0.0,0
17220,2026-06-26,Organic Search,/blog/summer-sale-guide,27,23,0.5614,243.6,2.04,1.0,1
12299,2026-03-19,Paid Search,/blog/how-to-choose-running-shoes,15,13,0.6628,186.1,1.53,1.0,1
16741,2026-06-16,Referral,/product/backpacks,8,7,0.4464,165.0,2.25,1.0,1
18795,2026-07-27,Social,/about-us,2,2,0.7212,79.5,1.16,0.0,0
11341,2026-02-27,Direct,/checkout,3,2,0.2297,270.4,3.75,0.0,0
17871,2026-07-09,Organic Search,/pricing,21,20,0.3216,191.0,2.91,0.0,2
18663,2026-07-25,Organic Search,/blog/how-to-choose-running-shoes,17,15,0.4707,235.6,2.65,0.0,0
11208,2026-02-25,Paid Search,/about-us,10,9,0.5386,70.1,2.96,1.0,1
13159,2026-04-05,Referral,/checkout,1,1,0.1748,262.8,3.01,0.0,0
18523,2026-07-22,Paid Search,/product/backpacks,11,10,0.5315,127.7,2.32,1.0,1
10232,2026-02-05,Social,/product/running-shoes,18,16,0.5709,106.7,1.29,0.0,0
12148,2026-03-16,Paid Search,/product/backpacks,8,7,0.5392,150.1,2.3,1.0,1
12796,2026-03-29,Paid Search,/blog/how-to-choose-running-shoes,7,6,0.659,185.6,1.86,0.0,0
11065,2026-02-22,Referral,/product/backpacks,5,5,0.2712,147.9,3.0,0.0,0
10159,2026-02-04,Organic Search,/pricing,11,10,0.3323,201.7,3.14,2.0,2
17812,2026-07-07,Direct,/checkout,2,2,0.2082,274.6,3.88,0.0,0
18725,2026-07-26,Paid Search,/about-us,6,6,0.6024,130.7,1.38,0.0,0
15591,2026-05-24,Paid Search,/contact,7,7,0.6386,129.5,2.44,0.0,0
15173,2026-05-15,Direct,/pricing,10,9,0.2829,257.4,2.71,1.0,2
15502,2026-05-22,Referral,/pricing,4,4,0.3552,255.1,3.35,1.0,1
11618,2026-03-05,Referral,/contact,6,5,0.5589,153.5,1.97,1.0,1
11420,2026-03-01,Referral,/pricing,6,5,0.3671,208.0,2.95,0.0,0
18845,2026-07-28,Social,/about-us,7,6,0.6222,112.3,1.22,0.0,0
12073,2026-03-14,Social,/pricing,5,5,0.4688,88.5,2.41,,0
16642,2026-06-14,Referral,/blog/how-to-choose-running-shoes,6,5,0.482,225.4,2.08,0.0,0
16188,2026-06-05,Paid Search,/contact,7,6,-0.1,25.0,1.43,0.0,0
10211,2026-02-05,Paid Search,/home,21,20,0.4125,141.7,2.78,0.0,0
12675,2026-03-26,Direct,/product/running-shoes,14,12,0.3694,293.5,2.63,2.0,2
15200,2026-05-16,Referral,/blog/summer-sale-guide,9,8,0.6445,281.6,1.7,1.0,1
14374,2026-04-29,Direct,/about-us,6,6,0.3492,164.4,3.24,0.0,0
18491,2026-07-21,Social,/product/running-shoes,17,16,0.5971,84.3,2.28,0.0,0
15166,2026-05-15,Direct,/product/running-shoes,13,11,0.2981,215.9,3.55,1.0,1
17603,2026-07-03,Direct,/home,24,22,0.3044,240.6,3.52,1.0,2
10830,2026-02-17,Social,/about-us,6,6,0.7726,35.4,1.09,0.0,0
14944,2026-05-11,Paid Search,/pricing,8,7,0.4816,167.8,1.64,2.0,2
16072,2026-06-03,Organic Search,/home,51,49,0.3118,143.9,3.39,2.0,4
13961,2026-04-21,Social,/product/winter-jackets,8,7,0.5494,145.9,2.33,0.0,0
17862,2026-07-08,Direct,/checkout,4,4,0.152,307.9,3.48,1.0,2
18617,2026-07-24,Organic Search,/pricing,16,15,0.3179,199.6,3.49,2.0,2
18671,2026-07-25,Paid Search,/product/winter-jackets,13,12,0.5832,184.7,1.95,1.0,1
10256,2026-02-06,Organic Search,/blog/summer-sale-guide,22,19,0.6089,287.7,1.21,2.0,2
10405,2026-02-09,Organic Search,/contact,11,10,0.6588,161.5,1.77,0.0,0
10697,2026-02-15,Organic Search,/home,21,20,,200.3,2.08,0.0,2
10136,2026-02-03,Social,/blog/summer-sale-guide,7,6,0.7739,166.5,1.0,0.0,0
11823,2026-03-09,Social,/blog/summer-sale-guide,9,9,0.7416,121.8,1.51,0.0,0
18245,2026-07-16,Social,/product/backpacks,14,12,0.4976,102.7,2.77,0.0,0
15046,2026-05-13,Referral,/product/running-shoes,14,12,0.395,200.4,,0.0,0
17313,2026-06-28,Organic Search,/home,39,34,0.4266,195.5,1.83,1.0,2
11582,2026-03-04,Direct,/product/running-shoes,19,17,0.2868,173.9,3.53,2.0,2
12429,2026-03-21,Direct,/blog/summer-sale-guide,7,7,0.5063,280.8,2.16,0.0,0
13011,"April 02, 2026",Referral,/checkout,3,3,0.1554,249.8,3.59,0.0,0
15753,2026-05-27,Referral,/checkout,3,3,0.1899,291.1,3.84,1.0,2
13789,2026-04-18,Paid Search,/home,28,26,0.4232,190.1,2.21,1.0,2
15884,2026-05-30,Paid Search,/home,25,22,0.5064,199.6,2.7,1.0,2
11101,2026-02-23,Organic Search,/checkout,6,5,0.2846,228.6,3.08,0.0,0
14187,2026-04-26,Organic Search,/checkout,9,9,0.2907,189.4,3.06,0.0,1
16900,2026-06-19,Social,/product/backpacks,16,15,0.5564,104.1,1.94,0.0,0
17804,2026-07-07,Direct,/product/running-shoes,19,17,0.4201,194.9,2.76,1.0,1
13958,2026-04-21,Referral,/checkout,3,3,0.2794,216.4,3.0,1.0,1
12379,2026-03-20,Direct,/blog/summer-sale-guide,12,11,0.5994,267.2,2.02,0.0,0
15979,2026-06-01,Organic Search,/contact,11,10,0.5265,145.6,2.05,0.0,0
15018,2026-05-12,Direct,/product/backpacks,17,15,0.3805,270.1,2.28,2.0,2
13690,2026-04-16,Paid Search,/product/running-shoes,27,26,0.4156,142.7,2.07,4.0,4
11198,2026-02-25,Organic Search,/about-us,17,16,0.5241,155.2,2.79,1.0,1
13377,2026-04-09,Direct,/contact,5,5,0.4941,127.2,1.68,0.0,0
12602,2026-03-25,Paid Search,/pricing,7,6,0.4684,112.6,2.71,0.0,0
18425,2026-07-20,Paid Search,/blog/summer-sale-guide,19,18,0.6153,244.1,2.14,0.0,0
16516,2026-06-11,Direct,/pricing,8,7,0.334,210.0,3.61,1.0,1
16917,2026-06-20,Organic Search,/home,34,33,0.4053,229.7,2.68,0.0,1
15874,2026-05-30,Organic Search,/home,37,35,0.4211,177.0,2.51,0.0,0
17592,2026-07-03,Referral,/checkout,4,3,0.2591,234.2,3.21,0.0,0
10451,2026-02-10,Organic Search,/product/backpacks,19,16,0.4203,178.9,2.84,1.0,1
17325,2026-06-28,Paid Search,/product/winter-jackets,11,10,0.4996,186.1,,2.0,4
17039,2026-06-22,Referral,/product/backpacks,2,2,0.4494,192.1,1.74,0.0,0
13744,2026-04-17,Paid Search,/blog/summer-sale-guide,19,17,0.6328,212.8,1.41,0.0,1
18020,2026-07-12,Organic Search,/pricing,12,11,0.3379,196.3,2.68,1.0,1
11705,2026-03-07,Paid Search,/blog/summer-sale-guide,5,4,0.602,194.4,1.37,0.0,0
13637,2026-04-15,Organic Search,/pricing,20,19,0.3463,172.9,2.75,0.0,0
14068,2026-04-23,Direct,/home,19,18,0.3384,216.8,3.15,,1
17209,2026-06-25,Direct,/blog/how-to-choose-running-shoes,14,13,0.5368,302.2,2.13,0.0,1
17764,2026-07-07,Organic Search,/product/running-shoes,37,32,0.4396,197.7,2.98,1.0,2
14071,2026-04-23,Direct,/product/backpacks,7,6,0.337,209.1,3.58,1.0,1
10603,2026-02-13,Organic Search,/blog/summer-sale-guide,24,23,0.5825,264.7,,1.0,1
11988,2026-03-13,Organic Search,/product/winter-jackets,18,15,0.3786,253.9,3.58,1.0,1
10892,2026-02-18,Direct,/pricing,5,4,0.2524,220.2,3.17,1.0,1
15882,2026-05-30,Organic Search,/pricing,17,16,0.4157,175.4,2.85,1.0,2
16725,2026-06-16,Organic Search,/contact,12,10,0.5914,114.3,1.14,1.0,1
18356,2026-07-18,Direct,/blog/summer-sale-guide,7,6,0.4769,271.3,1.87,0.0,0
18611,2026-07-24,Organic Search,/product/winter-jackets,34,32,0.4111,206.5,2.6,0.0,0
10455,2026-02-10,Organic Search,/contact,9,8,0.7016,72.1,1.36,0.0,0
16076,2026-06-03,Organic Search,/blog/how-to-choose-running-shoes,32,29,0.6429,250.9,1.0,1.0,2
12926,2026-03-31,Direct,/blog/how-to-choose-running-shoes,11,9,0.4998,249.5,2.58,1.0,1
18796,2026-07-27,Social,/contact,5,5,0.7478,13.4,1.0,0.0,0
13714,2026-04-16,Social,/blog/summer-sale-guide,23,21,0.7403,126.6,1.0,0.0,0
11734,2026-03-07,Direct,/blog/how-to-choose-running-shoes,13,12,0.567,252.5,2.72,1.0,1
17100,2026-06-23,Social,/blog/how-to-choose-running-shoes,16,15,0.7745,122.9,1.0,0.0,0
12879,2026-03-30,Direct,/contact,3,3,0.5598,118.2,1.69,0.0,0
14730,2026-05-07,Organic Search,/product/winter-jackets,23,21,0.3845,198.2,3.38,0.0,2
11349,2026-02-28,Organic Search,/contact,3,3,0.5135,120.9,2.53,0.0,0
13240,2026-04-07,Paid Search,/home,50,44,0.3014,192.2,3.28,7.0,7
11120,2026-02-23,Referral,/pricing,9,8,0.2934,231.8,2.98,1.0,1
11389,2026-02-28,Direct,/contact,3,3,0.5674,128.4,1.92,0.0,0
15517,2026-05-22,Direct,/product/backpacks,11,10,0.3681,172.6,3.28,1.0,1
10056,2026-02-02,Organic Search,/blog/summer-sale-guide,15,14,0.6249,203.3,1.54,0.0,0
16584,2026-06-13,Paid Search,/about-us,9,8,0.5847,99.1,2.49,0.0,0
13838,2026-04-19,Organic Search,/checkout,6,5,0.2357,215.3,3.95,0.0,0
15573,2026-05-23,Direct,/checkout,2,2,0.1769,207.4,3.86,0.0,0
14691,2026-05-06,Paid Search,/product/backpacks,9,8,0.4724,208.5,2.37,0.0,0
11292,2026-02-27,Organic Search,/home,30,29,0.3644,200.4,3.38,0.0,0
11459,2026-03-02,Paid Search,/pricing,11,10,0.3866,127.5,3.45,0.0,0
13929,2026-04-21,Organic Search,/home,42,36,0.4406,182.4,2.07,3.0,4
10732,2026-02-15,Social,/pricing,7,6,0.5332,131.8,1.65,0.0,0
14725,2026-05-06,Direct,/contact,3,3,0.5598,130.9,1.6,0.0,0
14973,2026-05-11,Direct,/pricing,4,3,0.2825,264.1,2.88,0.0,0
16071,2026-06-02,Direct,/checkout,3,2,0.228,273.2,3.41,1.0,2
10943,2026-02-20,Organic Search,/home,46,39,0.3174,215.2,3.31,0.0,0
13893,2026-04-20,Paid Search,/blog/how-to-choose-running-shoes,35,31,0.6611,186.5,1.05,1.0,1
11093,2026-02-23,Organic Search,/product/running-shoes,30,27,0.3777,207.0,2.92,2.0,2
16018,2026-06-01,Direct,/about-us,2,2,0.4432,182.2,1.98,0.0,0
15694,2026-05-26,Referral,/home,16,15,0.3924,186.7,2.27,1.0,1
11141,2026-02-23,Direct,/checkout,3,3,0.2,254.2,3.46,0.0,0
14963,2026-05-11,Social,/pricing,7,6,0.5156,132.3,2.12,0.0,0
10091,2026-02-02,Direct,/home,8,8,0.2269,239.1,4.48,1.0,1
11647,2026-03-06,Organic Search,/contact,8,8,0.6224,156.0,1.22,0.0,0
12837,2026-03-30,Organic Search,/blog/summer-sale-guide,24,21,0.5182,266.0,2.1,0.0,0
14246,2026-04-27,Paid Search,/pricing,12,12,0.449,151.1,2.68,1.0,1
17497,2026-07-01,Social,/blog/how-to-choose-running-shoes,23,20,0.7314,178.4,1.0,0.0,0
17462,2026-06-30,Direct,/checkout,8,7,0.198,229.3,3.63,1.0,1
16901,2026-06-19,Social,/blog/how-to-choose-running-shoes,4,4,0.7136,155.7,1.5,0.0,0
10959,2026-02-20,Paid Search,/about-us,6,6,0.5785,95.4,2.11,0.0,0
17073,2026-06-23,Organic Search,/contact,13,11,0.5989,128.7,1.94,0.0,0
14842,2026-05-09,Paid Search,/blog/summer-sale-guide,11,9,0.6858,195.6,1.44,1.0,1
12803,2026-03-29,Referral,/product/running-shoes,9,8,0.4433,173.4,2.48,0.0,0
15350,2026-05-19,Referral,/about-us,5,5,0.4693,232.8,1.95,0.0,0
14420,2026-04-30,Direct,/product/winter-jackets,14,12,0.3479,228.0,3.12,0.0,1
14653,2026-05-05,Referral,/blog/summer-sale-guide,10,9,0.4995,226.1,2.23,0.0,0
15835,2026-05-29,Paid Search,/product/running-shoes,17,16,0.4999,155.4,2.75,1.0,1
18442,2026-07-20,Social,/product/winter-jackets,5,4,0.4992,87.8,2.55,0.0,0
16625,2026-06-14,Organic Search,/contact,8,7,0.6216,127.8,1.59,0.0,0
17712,2026-07-05,Direct,/checkout,2,2,0.2692,274.3,3.73,0.0,0
14822,2026-05-08,Direct,/blog/summer-sale-guide,10,9,0.4865,255.6,2.76,0.0,0
13704,2026-04-16,Referral,/blog/summer-sale-guide,3,3,0.6026,325.1,1.58,0.0,0
12166,2026-03-16,Social,/product/running-shoes,9,8,0.4753,157.3,2.11,0.0,1
11286,2026-02-26,Direct,/blog/how-to-choose-running-shoes,12,11,0.4388,270.4,2.77,1.0,2
12657,2026-03-26,Referral,/product/backpacks,5,4,0.3627,234.6,2.29,0.0,0
12190,2026-03-17,Organic Search,/blog/summer-sale-guide,25,24,0.5766,232.6,2.04,0.0,0
11202,2026-02-25,Paid Search,/home,28,24,0.4819,150.3,3.1,0.0,0
15732,2026-05-27,Organic Search,/pricing,10,9,0.3819,221.4,2.81,0.0,0
16144,2026-06-04,Referral,/product/winter-jackets,11,9,0.3683,236.4,3.22,1.0,2
12093,2026-03-15,Organic Search,/pricing,8,7,0.3395,162.1,2.6,,2
16013,2026-06-01,Direct,/product/running-shoes,13,11,0.3561,289.0,2.49,2.0,2
14417,2026-04-30,Social,/checkout,2,2,0.4518,74.3,2.33,0.0,0
15471,2026-05-21,Direct,/contact,4,4,0.5342,176.1,2.14,0.0,0
12754,2026-03-28,Referral,/product/running-shoes,5,5,0.389,216.1,2.47,0.0,0
13419,2026-04-10,Social,/checkout,4,3,0.4692,112.4,2.91,0.0,0
10304,2026-02-07,Organic Search,/product/backpacks,16,14,0.4081,179.4,2.55,0.0,0
15460,2026-05-21,Social,/about-us,4,4,0.664,62.3,1.71,0.0,0
12894,2026-03-31,Paid Search,/product/winter-jackets,16,14,0.5217,146.7,1.99,2.0,2
14313,2026-04-28,Social,/blog/summer-sale-guide,13,11,0.7521,98.8,1.0,0.0,0
10864,2026-02-18,Referral,/home,16,15,0.3762,182.1,3.1,0.0,1
18178,2026-07-15,Paid Search,/about-us,9,8,0.6148,,1.4,0.0,0
15231,2026-05-17,Organic Search,/about-us,13,12,0.489,127.4,2.17,0.0,0
18144,2026-07-14,Social,/product/winter-jackets,13,11,0.4776,104.0,2.05,0.0,0
11921,2026-03-11,Social,/blog/summer-sale-guide,9,8,0.7005,127.0,,0.0,0
14011,2026-04-22,Social,/product/winter-jackets,13,11,0.5915,87.5,1.77,0.0,0
12458,2026-03-22,Referral,/blog/how-to-choose-running-shoes,4,4,0.5967,203.3,1.75,0.0,0
16218,2026-06-05,Direct,/contact,6,5,0.6614,157.5,2.01,0.0,0
13492,2026-04-12,Paid Search,/product/backpacks,10,10,0.4129,,2.59,1.0,1
13367,2026-04-09,Social,/contact,4,3,0.8014,51.0,1.0,0.0,0
16167,2026-06-04,Direct,/about-us,4,3,0.4585,173.4,2.41,0.0,0
12900,2026-03-31,Paid Search,/pricing,8,8,0.3827,151.0,2.48,0.0,0
18350,2026-07-18,Social,/checkout,2,2,0.4008,152.0,2.55,0.0,0
11879,2026-03-10,Direct,/product/winter-jackets,6,6,0.3699,236.9,3.0,0.0,0
17269,2026-06-27,Organic Search,/blog/summer-sale-guide,19,18,0.6668,,1.15,1.0,1
16916,2026-06-19,Direct,/checkout,8,7,0.2078,269.9,3.17,1.0,2
15776,2026-05-28,Organic Search,/product/winter-jackets,24,23,0.4847,243.4,2.86,1.0,1
14453,2026-05-01,Referral,/blog/summer-sale-guide,7,7,0.5274,192.0,2.03,0.0,0
11045,2026-02-22,Organic Search,/product/backpacks,15,14,0.4263,214.9,2.51,1.0,2
10165,2026-02-04,Paid Search,/blog/how-to-choose-running-shoes,11,9,0.5958,,2.07,1.0,1
13922,2026-04-20,Direct,/product/backpacks,9,8,0.4074,202.9,2.17,1.0,1
15710,2026-05-26,Social,/about-us,5,5,0.5749,81.7,1.47,0.0,0
12048,2026-03-14,Paid Search,/product/winter-jackets,13,11,0.5363,160.2,2.73,0.0,0
14947,2026-05-11,Referral,/product/running-shoes,9,8,0.4034,222.3,2.87,0.0,0
12679,2026-03-26,Direct,/blog/summer-sale-guide,5,5,0.5119,238.8,2.25,2.0,2
10885,2026-02-18,Direct,/product/running-shoes,11,10,0.3261,256.5,3.74,0.0,0
13129,2026-04-04,Direct,/pricing,4,4,0.2577,242.6,3.83,0.0,0
15702,2026-05-26,Referral,/pricing,2,2,0.3735,271.8,3.23,0.0,0
16397,2026-06-09,Referral,/pricing,4,4,0.3812,174.0,2.77,0.0,0
18064,2026-07-13,Organic Search,/product/winter-jackets,40,38,0.4899,236.7,1.83,2.0,3
10837,2026-02-17,Direct,/product/backpacks,3,3,0.4816,187.8,2.84,0.0,0
12550,2026-03-24,Paid Search,/about-us,3,2,0.6688,103.5,1.41,0.0,0
16672,2026-06-15,Organic Search,/blog/how-to-choose-running-shoes,36,35,0.5522,,2.25,0.0,1
15407,2026-05-20,Social,/product/backpacks,5,4,0.5614,91.6,1.89,0.0,0
10456,2026-02-10,Organic Search,/pricing,17,16,0.2093,206.1,3.71,1.0,1
13917,2026-04-20,Social,/pricing,13,12,0.5036,172.0,2.25,2.0,3
16818,2026-06-18,Organic Search,/product/running-shoes,40,36,0.389,214.5,2.22,0.0,0
18005,2026-07-11,Direct,/product/backpacks,3,3,,193.8,2.82,0.0,0
17087,2026-06-23,Referral,/product/running-shoes,12,11,0.4,196.2,3.53,1.0,1
15727,2026-05-27,Organic Search,/product/backpacks,21,19,0.4714,190.5,2.01,2.0,3
14848,2026-05-09,Referral,/product/running-shoes,11,9,0.3756,266.5,2.55,0.0,0
16606,2026-06-13,Social,/pricing,3,3,0.5346,82.1,1.81,0.0,0
10472,2026-02-10,Referral,/blog/how-to-choose-running-shoes,6,6,0.5869,286.0,2.51,2.0,2
11177,2026-02-24,Social,/blog/summer-sale-guide,11,10,0.7118,109.5,1.17,0.0,0
16597,2026-06-13,Referral,/checkout,1,1,0.253,219.6,3.32,1.0,1
12645,2026-03-26,Paid Search,/product/running-shoes,22,21,0.4549,201.9,2.33,0.0,2
17331,2026-06-28,Paid Search,/pricing,3,3,0.4365,162.4,2.06,1.0,1
11149,2026-02-24,Organic Search,/contact,11,10,0.6141,117.5,,0.0,0
10631,2026-02-13,Social,/product/backpacks,9,8,0.6212,74.5,1.57,0.0,0
16291,2026-06-07,Referral,/product/running-shoes,13,13,0.4708,166.6,2.71,2.0,2
11809,2026-03-09,Referral,/product/running-shoes,7,7,0.3217,215.6,3.0,0.0,0
10737,2026-02-15,Direct,/product/backpacks,7,6,0.43,215.6,3.14,0.0,0
18701,2026-07-25,Direct,/product/winter-jackets,10,9,0.4136,204.6,2.83,0.0,0
11892,2026-03-11,Organic Search,/blog/summer-sale-guide,14,12,0.5833,220.4,1.76,0.0,0
11948,2026-03-12,Paid Search,/product/winter-jackets,13,12,0.4682,122.0,2.0,0.0,0
18567,2026-07-23,Organic Search,/contact,17,16,0.623,136.6,1.49,0.0,0
12546,2026-03-24,Paid Search,/product/winter-jackets,18,15,0.3415,233.6,3.04,1.0,2
15456,2026-05-21,Social,/product/winter-jackets,12,10,0.5707,71.8,2.06,0.0,0
16922,2026-06-20,Organic Search,/blog/summer-sale-guide,-1,17,0.6403,217.7,1.29,0.0,0
14241,2026-04-27,Paid Search,/product/backpacks,11,9,0.4533,214.6,2.25,1.0,1
12454,2026-03-22,Referral,/home,6,6,0.1989,228.7,3.58,1.0,1
12518,"March 23, 2026",Social,/blog/how-to-choose-running-shoes,14,14,0.639,150.3,1.91,0.0,0
11687,2026-03-06,Direct,/contact,5,5,0.5587,202.2,,0.0,0
15684,2026-05-26,Paid Search,/home,24,22,0.3405,138.8,3.54,1.0,1
11478,2026-03-02,Social,/contact,6,5,0.7792,107.3,1.0,0.0,0
11711,2026-03-07,Referral,/product/running-shoes,9,7,0.4217,182.3,3.27,0.0,0
12867,2026-03-30,Social,/blog/summer-sale-guide,5,4,0.7279,198.3,1.9,0.0,0
16882,2026-06-19,Paid Search,/blog/summer-sale-guide,21,20,0.714,125.2,1.47,1.0,2
17273,2026-06-27,Organic Search,/checkout,7,7,0.203,183.2,3.45,1.0,2
10426,2026-02-09,Referral,/pricing,5,4,0.3448,177.7,2.5,1.0,1
18041,2026-07-12,Referral,/checkout,2,2,0.2507,225.7,3.1,0.0,0
10406,2026-02-09,Organic Search,/pricing,13,13,0.3774,209.2,2.71,2.0,2
14338,2026-04-29,Paid Search,/home,24,21,0.4971,133.0,2.66,0.0,0
14378,2026-04-30,Organic Search,/home,39,36,0.3937,216.8,3.36,0.0,0
14340,2026-04-29,Paid Search,/product/winter-jackets,13,12,0.4798,146.0,1.95,0.0,0
16485,2026-06-11,Paid Search,/contact,8,7,0.6795,71.6,1.75,1.0,1
15069,2026-05-13,Direct,/blog/how-to-choose-running-shoes,15,14,0.5594,299.9,2.2,1.0,1
10540,2026-02-11,Direct,/product/winter-jackets,12,11,0.3598,243.7,2.64,0.0,1
18518,2026-07-22,Organic Search,/pricing,22,20,250.0,242.0,2.94,4.0,4
17817,2026-07-08,Organic Search,/blog/how-to-choose-running-shoes,29,27,0.6282,258.0,1.57,0.0,0
18381,2026-07-19,Referral,/home,13,11,0.3313,168.6,2.96,1.0,1
16831,2026-06-18,Paid Search,/blog/how-to-choose-running-shoes,10,8,0.5368,215.4,2.39,0.0,0
17793,2026-07-07,Social,/home,18,15,0.5546,144.3,1.93,0.0,1
15520,2026-05-22,Direct,/about-us,5,5,0.481,198.3,1.59,1.0,1
12689,2026-03-27,Organic Search,/blog/summer-sale-guide,27,26,0.7029,205.1,1.57,0.0,0
10835,2026-02-17,Direct,/product/running-shoes,13,12,0.2608,191.2,3.25,1.0,1
13877,2026-04-19,Direct,/pricing,7,7,0.2631,265.4,3.49,0.0,0
12728,2026-03-27,Direct,/blog/how-to-choose-running-shoes,13,11,0.4171,263.5,2.31,0.0,0
18727,2026-07-26,Paid Search,/pricing,9,9,0.3446,202.7,2.66,0.0,0
12943,2026-04-01,Paid Search,/product/running-shoes,17,16,0.4515,163.6,3.0,2.0,2
10591,2026-02-12,Direct,/product/backpacks,4,3,0.2907,237.4,2.52,0.0,0
17999,2026-07-11,Social,/contact,2,2,0.8473,81.6,1.0,0.0,0
12737,2026-03-28,Organic Search,/blog/how-to-choose-running-shoes,21,20,0.5745,192.9,1.27,0.0,0
17919,2026-07-10,Organic Search,/contact,15,14,0.7387,62.0,1.0,0.0,0
12948,2026-04-01,Paid Search,/about-us,4,3,0.6331,67.2,1.42,0.0,0
13773,2026-04-17,Direct,/blog/how-to-choose-running-shoes,13,12,0.5447,265.8,1.99,0.0,0
12659,2026-03-26,Referral,/blog/summer-sale-guide,7,6,0.5493,215.1,1.83,0.0,0
15001,2026-05-12,Referral,/about-us,7,6,0.4884,245.0,2.28,0.0,0
16787,2026-06-17,Paid Search,/checkout,6,5,0.2827,235.7,3.76,1.0,2
10119,2026-02-03,Paid Search,/pricing,8,7,0.5181,,1.88,0.0,0
17093,2026-06-23,Referral,/contact,7,6,0.6247,138.0,1.56,0.0,0
18416,2026-07-20,Organic Search,/about-us,19,17,0.4548,199.2,2.71,1.0,1
18122,2026-07-14,Paid Search,/home,23,19,0.3396,167.8,2.73,3.0,4
10611,2026-02-13,Paid Search,/product/backpacks,14,13,0.4757,166.5,1.95,1.0,1
16797,2026-06-17,Social,/home,17,14,0.4894,95.8,1.52,0.0,0
15758,2026-05-27,Social,/blog/how-to-choose-running-shoes,8,7,0.7498,137.1,1.21,0.0,0
15470,2026-05-21,Direct,/about-us,4,3,0.4418,183.0,3.16,0.0,0
18780,2026-07-27,Referral,/product/running-shoes,10,10,0.3532,186.9,2.46,0.0,0
13038,2026-04-03,Organic Search,/about-us,14,12,0.5128,123.2,2.26,0.0,0
12575,2026-03-24,Direct,/product/running-shoes,15,13,0.3804,221.4,2.93,0.0,0
15886,2026-05-30,Paid Search,/product/winter-jackets,11,10,0.5145,137.5,2.37,0.0,1
13341,2026-04-09,Paid Search,/product/running-shoes,42,40,0.4209,150.6,3.24,2.0,4
11498,2026-03-03,Organic Search,/contact,13,12,0.6142,88.9,2.1,0.0,0
11635,2026-03-05,Direct,/blog/summer-sale-guide,9,8,0.4926,247.1,2.41,0.0,0
10164,2026-02-04,Paid Search,/product/backpacks,7,6,0.4431,124.6,2.25,1.0,1
11967,2026-03-12,Social,/product/running-shoes,23,20,0.6404,71.3,2.12,0.0,1
12003,2026-03-13,Paid Search,/contact,8,7,0.6649,155.9,1.44,0.0,0
11766,2026-03-08,Referral,/pricing,4,3,0.3343,198.3,3.25,0.0,0
15659,2026-05-25,Social,/blog/summer-sale-guide,13,11,0.7864,126.5,1.44,0.0,0
17104,2026-06-23,Social,/pricing,7,7,0.5278,,2.17,0.0,0
15893,2026-05-30,Paid Search,/checkout,4,4,0.3656,154.9,2.71,1.0,1
15447,2026-05-21,Referral,/product/backpacks,9,8,0.3339,207.0,3.26,0.0,2
16396,2026-06-09,Referral,/contact,8,7,0.5188,131.3,1.82,0.0,0
12510,2026-03-23,Referral,/about-us,2,2,0.4949,186.4,2.12,0.0,0
16347,2026-06-08,Referral,/pricing,6,5,0.3661,237.5,2.75,0.0,1
13561,2026-04-13,Social,/product/winter-jackets,15,13,0.5388,150.8,1.89,0.0,0
13032,2026-04-03,Organic Search,/home,36,30,0.357,226.8,3.19,1.0,1
15877,2026-05-30,Organic Search,/product/backpacks,8,7,0.3841,212.2,2.88,0.0,0
11403,2026-03-01,Paid Search,/product/running-shoes,8,7,0.486,183.0,2.25,1.0,1
12851,2026-03-30,Paid Search,/checkout,10,10,0.2385,182.9,3.11,4.0,4
15431,2026-05-21,Organic Search,/contact,9,9,0.654,160.4,1.2,0.0,0
11629,2026-03-05,Social,/checkout,5,4,0.4479,92.8,2.22,0.0,1
10703,2026-02-15,Organic Search,/about-us,10,9,0.4989,163.7,2.46,0.0,1
15550,2026-05-23,Referral,/about-us,2,2,0.5815,139.0,2.29,0.0,1
14690,2026-05-06,Paid Search,/product/winter-jackets,16,15,0.542,139.2,1.89,1.0,1
11785,2026-03-08,Direct,/contact,4,3,0.5262,143.2,2.43,0.0,0
13375,2026-04-09,Direct,/blog/summer-sale-guide,8,7,0.5598,266.5,2.16,1.0,1
16014,2026-06-01,Direct,/product/winter-jackets,11,10,0.2524,278.9,3.8,1.0,1
11009,2026-02-21,Paid Search,/contact,6,5,0.7011,102.2,,1.0,1
18444,2026-07-20,Social,/blog/how-to-choose-running-shoes,10,9,0.7394,162.4,1.12,0.0,0
11193,2026-02-25,Organic Search,/product/running-shoes,28,26,0.3145,209.8,3.28,1.0,1
16726,2026-06-16,Organic Search,/pricing,11,11,0.3591,279.6,3.33,1.0,1
14941,2026-05-11,Paid Search,/blog/summer-sale-guide,18,17,0.6931,176.0,1.0,2.0,2
10797,2026-02-17,Organic Search,/product/backpacks,16,13,0.441,213.1,2.78,0.0,0
13065,2026-04-03,Social,/product/backpacks,9,8,0.5422,,2.75,1.0,1
14006,2026-04-22,Referral,/contact,5,4,0.6513,145.0,1.26,0.0,0
15768,2026-05-27,Direct,/blog/how-to-choose-running-shoes,15,13,0.5369,259.9,1.76,0.0,0
17994,2026-07-11,Social,/product/winter-jackets,7,7,0.5102,116.6,2.66,0.0,0
12684,2026-03-27,Organic Search,/home,43,36,0.3532,236.0,3.43,2.0,2
13064,2026-04-03,Social,/product/winter-jackets,13,11,0.4995,108.3,2.94,0.0,0
15546,2026-05-23,Referral,/product/winter-jackets,9,8,0.4083,190.4,2.58,0.0,0
15701,2026-05-26,Referral,/contact,2,2,0.6656,112.9,1.52,0.0,0
13835,2026-04-19,Organic Search,/about-us,6,5,0.5917,169.3,1.84,0.0,0
11136,2026-02-23,Direct,/blog/how-to-choose-running-shoes,15,13,0.477,351.0,2.19,0.0,0
15348,2026-05-19,Referral,/blog/how-to-choose-running-shoes,13,11,0.5641,254.2,2.13,0.0,0
18559,2026-07-22,Direct,/checkout,4,4,0.1499,199.8,4.03,1.0,1
12976,2026-04-01,Direct,/blog/how-to-choose-running-shoes,11,9,0.5619,273.1,2.29,1.0,1
14114,2026-04-24,Social,/about-us,8,8,0.6534,52.7,2.15,0.0,0
10551,2026-02-12,Organic Search,/product/backpacks,15,13,0.3902,220.9,2.77,3.0,4
11358,2026-02-28,Paid Search,/about-us,5,4,0.6659,102.5,1.16,0.0,0
11375,2026-02-28,Social,/product/backpacks,6,5,0.6363,67.2,1.45,0.0,0
12784,2026-03-29,Organic Search,/product/winter-jackets,12,10,0.4447,183.5,2.55,0.0,1
14359,2026-04-29,Social,/product/running-shoes,15,13,0.5214,147.8,2.17,0.0,0
13427,2026-04-10,Direct,/contact,4,4,0.569,159.8,2.3,0.0,0
11554,2026-03-04,Paid Search,/product/backpacks,9,8,0.4168,186.0,2.51,2.0,2
18852,2026-07-28,Direct,/product/backpacks,9,8,0.3685,295.6,1.84,0.0,0
13094,2026-04-04,Paid Search,/product/backpacks,3,3,,86.3,3.3,0.0,0
18240,2026-07-16,Referral,/pricing,6,6,0.3091,201.9,2.64,0.0,0
15441,2026-05-21,Paid Search,/contact,3,3,0.8174,64.4,1.47,0.0,0
18881,2026-07-29,Referral,/product/winter-jackets,15,13,0.3919,225.9,2.14,4.0,4
15959,2026-05-31,Social,/contact,10,9,0.793,10.0,1.05,0.0,0
14149,2026-04-25,Referral,/product/running-shoes,11,10,0.4095,234.7,2.24,2.0,2
18228,2026-07-16,Paid Search,/about-us,6,5,0.5356,66.1,2.52,0.0,0
18366,2026-07-19,Organic Search,/blog/summer-sale-guide,21,17,0.5737,237.2,1.88,0.0,1
13196,2026-04-06,Paid Search,/about-us,11,9,0.6076,121.2,1.63,1.0,1
14447,2026-05-01,Paid Search,/checkout,3,3,0.3364,184.1,2.67,0.0,0
12825,2026-03-29,Direct,/product/backpacks,5,4,0.2483,214.2,3.8,0.0,0
12263,2026-03-18,Referral,/pricing,4,4,0.3563,123.3,2.94,1.0,2
18173,2026-07-15,Paid Search,/product/running-shoes,17,15,0.4375,134.7,2.03,1.0,2
13707,2026-04-16,Referral,/pricing,5,4,0.2818,220.1,3.79,0.0,1
17740,2026-07-06,Referral,/contact,5,4,0.5928,139.1,1.0,0.0,1
10214,2026-02-05,Paid Search,/product/backpacks,9,8,0.4671,208.3,2.38,0.0,0
15713,2026-05-26,Social,/checkout,4,4,0.4129,162.8,2.84,2.0,2
11949,2026-03-12,Paid Search,/product/backpacks,9,8,0.392,148.3,2.72,0.0,0
14587,2026-05-04,Organic Search,/checkout,10,9,0.219,199.6,3.18,1.0,1
13691,2026-04-16,Paid Search,/product/winter-jackets,30,28,0.4894,165.6,2.56,2.0,2
11143,2026-02-24,Organic Search,/product/running-shoes,36,34,0.4174,185.8,2.42,0.0,0
17607,2026-07-03,Direct,/blog/how-to-choose-running-shoes,11,10,0.4661,269.4,2.55,0.0,0
14644,2026-05-05,Paid Search,/about-us,7,6,0.5377,132.8,2.16,1.0,1
15242,2026-05-17,Paid Search,/contact,4,3,0.6931,112.3,1.67,0.0,0
10686,2026-02-14,Social,/checkout,1,1,0.3994,144.3,2.96,0.0,0
12022,2026-03-13,Social,/about-us,7,6,0.6302,107.3,2.17,0.0,0
18472,2026-07-21,Paid Search,/product/winter-jackets,16,13,0.4505,169.0,1.85,1.0,2
12182,2026-03-16,Direct,/contact,1,1,0.5899,146.7,1.45,0.0,0
10050,2026-02-01,Direct,/checkout,3,3,0.192,258.5,3.72,,0
11730,2026-03-07,Direct,/home,12,11,0.3661,188.6,2.82,0.0,0
11166,2026-02-24,Referral,/blog/how-to-choose-running-shoes,3,3,0.5786,291.9,1.78,0.0,0
12578,2026-03-24,Direct,/blog/how-to-choose-running-shoes,8,7,0.55,284.0,2.01,0.0,0
14891,2026-05-10,Paid Search,/blog/how-to-choose-running-shoes,4,4,0.6104,237.5,2.38,0.0,0
11185,2026-02-24,Direct,/product/backpacks,5,5,0.4055,254.7,2.84,0.0,0
11594,2026-03-05,Organic Search,/product/backpacks,11,9,0.358,218.0,2.39,1.0,1
17752,2026-07-06,Social,/checkout,2,2,0.3953,163.9,2.57,0.0,0
11219,2026-02-25,Referral,/contact,3,3,0.5419,146.2,1.97,0.0,0
14295,2026-04-28,Paid Search,/contact,7,6,0.6601,85.1,1.4,2.0,2
15574,2026-05-24,Organic Search,/home,39,35,0.355,164.6,2.48,0.0,0
12753,2026-03-28,Referral,/home,19,17,0.3304,203.1,3.17,1.0,1
18721,2026-07-26,Paid Search,/product/winter-jackets,14,13,0.492,125.2,2.12,1.0,1
11170,2026-02-24,Referral,/pricing,7,6,0.3245,246.3,2.6,0.0,0
10923,2026-02-19,Social,/home,22,19,0.4681,61.7,3.18,1.0,1
16309,2026-06-07,Direct,/home,11,10,0.2246,267.5,3.72,1.0,1
12132,2026-03-15,Direct,/contact,2,2,0.5046,130.6,1.55,0.0,0
14658,2026-05-05,Social,/home,28,24,0.5538,78.7,2.0,1.0,1
14988,2026-05-12,Paid Search,/product/backpacks,16,15,0.4974,156.6,1.84,0.0,0
13361,2026-04-09,Social,/product/running-shoes,26,22,0.5823,90.4,2.23,1.0,1
13816,2026-04-18,Social,/contact,9,8,0.878,10.0,1.0,0.0,0
18591,2026-07-23,Social,/product/winter-jackets,15,12,0.6845,97.1,1.05,0.0,1
10435,2026-02-09,Social,/contact,8,7,0.712,10.5,1.14,0.0,0
13763,2026-04-17,Social,/blog/how-to-choose-running-shoes,22,19,0.764,137.9,1.02,0.0,0
17901,2026-07-09,Social,/checkout,5,4,0.4384,104.3,3.39,0.0,0
10233,2026-02-05,Social,/product/winter-jackets,8,7,0.6481,75.4,1.0,0.0,0
10641,2026-02-13,Direct,/product/backpacks,6,6,0.3346,252.0,3.22,0.0,0
17808,2026-07-07,Direct,/blog/summer-sale-guide,11,9,0.5483,240.7,2.09,0.0,0
13931,2026-04-21,Organic Search,/product/winter-jackets,24,22,0.5309,200.5,1.42,0.0,1
17961,2026-07-10,Direct,/checkout,7,6,0.1497,275.7,4.98,0.0,0
15905,2026-05-30,Social,/product/running-shoes,10,9,0.6134,140.4,1.93,2.0,2
17409,2026-06-29,Direct,/about-us,7,6,0.3658,211.0,3.03,0.0,0
14124,2026-04-24,Direct,/about-us,6,5,0.4206,162.7,2.68,0.0,0
14220,2026-04-26,Direct,/product/winter-jackets,10,9,0.384,257.4,2.39,0.0,1
13870,2026-04-19,Direct,/product/running-shoes,10,9,,243.3,2.44,0.0,0
10545,2026-02-11,Direct,/contact,5,5,0.5583,,2.52,0.0,0
17838,2026-07-08,Referral,/blog/summer-sale-guide,7,6,0.6262,208.8,1.77,0.0,0
10518,2026-02-11,Referral,/home,16,14,0.3227,200.3,2.85,0.0,0
14115,2026-04-24,Social,/contact,6,5,0.78,89.7,1.0,0.0,0
14967,2026-05-11,Direct,/product/winter-jackets,13,11,0.3984,,3.75,1.0,2
17454,2026-06-30,Direct,/product/running-shoes,10,10,0.4103,233.4,2.91,0.0,0
15219,2026-05-16,Direct,/blog/how-to-choose-running-shoes,6,5,0.5264,296.9,1.96,0.0,0
17110,2026-06-23,Direct,/blog/how-to-choose-running-shoes,14,13,0.5449,305.7,2.19,,0
18133,2026-07-14,Referral,/product/running-shoes,11,10,0.4038,193.5,3.07,0.0,1
12732,2026-03-27,Direct,/checkout,5,5,0.187,241.9,3.54,0.0,0
13868,2026-04-19,Social,/checkout,4,4,0.4424,181.6,2.34,0.0,0
12647,2026-03-26,Paid Search,/product/backpacks,12,11,0.5652,198.1,1.62,2.0,3
18359,2026-07-18,Direct,/pricing,4,4,,248.7,3.41,0.0,0
18732,2026-07-26,Referral,/product/backpacks,11,9,0.3115,152.3,2.63,1.0,1
10633,2026-02-13,Social,/blog/summer-sale-guide,7,7,0.8417,156.8,1.0,0.0,0
19004,2026-07-31,Direct,/blog/summer-sale-guide,10,8,0.4389,269.2,2.72,1.0,1
16774,2026-06-17,Organic Search,/about-us,16,15,0.5941,131.7,1.94,0.0,0
18610,2026-07-24,Organic Search,/product/running-shoes,38,32,0.3828,,3.54,2.0,3
18452,2026-07-20,Direct,/product/winter-jackets,11,10,0.2976,224.9,3.08,0.0,0
11833,2026-03-09,Direct,/about-us,6,5,0.5413,193.7,2.18,1.0,1
12878,2026-03-30,Direct,/about-us,3,3,0.4069,228.3,2.65,1.0,1
12865,2026-03-30,Social,/product/backpacks,11,10,0.5536,107.0,1.73,0.0,0
18984,2026-07-31,Referral,/blog/summer-sale-guide,14,12,0.5323,289.2,2.07,1.0,1
11421,2026-03-01,Social,/home,12,12,0.5445,96.1,1.76,0.0,0
18099,2026-07-13,Social,/contact,9,8,0.7754,47.5,1.0,0.0,0
11965,2026-03-12,Referral,/checkout,3,3,0.2622,268.3,2.97,0.0,1
15744,2026-05-27,Referral,/home,15,14,0.3413,256.5,3.22,0.0,0
18085,2026-07-13,Referral,/product/backpacks,5,4,0.3973,189.7,3.02,0.0,1
18036,2026-07-12,Referral,/blog/how-to-choose-running-shoes,4,4,0.5095,324.6,2.11,0.0,0
17910,2026-07-09,Direct,/pricing,8,7,0.3797,261.4,2.9,1.0,1
17403,2026-06-29,Direct,/home,16,15,0.3354,163.9,3.04,0.0,0
18504,2026-07-21,Direct,/blog/how-to-choose-running-shoes,10,8,0.5489,245.7,1.59,0.0,0
14619,2026-05-04,Direct,/product/running-shoes,13,12,0.3031,245.2,3.91,0.0,1
17631,2026-07-04,Paid Search,/pricing,11,9,0.3181,138.2,3.91,0.0,0
18088,2026-07-13,Referral,/about-us,4,4,0.4474,,1.93,0.0,0
17807,2026-07-07,Direct,/blog/how-to-choose-running-shoes,14,12,0.5944,278.2,1.87,0.0,0
13003,2026-04-02,Referral,/product/running-shoes,16,14,0.2718,220.9,3.46,0.0,0
17228,2026-06-26,Paid Search,/product/backpacks,13,12,0.4897,145.1,2.13,1.0,1
15031,2026-05-13,Organic Search,/about-us,18,16,0.3857,168.0,2.56,0.0,0
18543,2026-07-22,Social,/product/backpacks,13,11,0.6083,121.4,1.81,0.0,0
18404,2026-07-19,Direct,/blog/how-to-choose-running-shoes,11,10,0.4979,284.7,2.79,0.0,0
17113,2026-06-23,Direct,/contact,4,3,0.5967,128.1,1.92,0.0,0
11278,2026-02-26,Social,/about-us,6,6,0.6906,67.6,1.26,0.0,0
15148,2026-05-15,Referral,/product/backpacks,4,3,0.5009,235.5,2.19,0.0,0
17938,2026-07-10,Referral,/about-us,5,5,0.4184,161.5,2.55,0.0,0
11605,2026-03-05,Paid Search,/blog/how-to-choose-running-shoes,18,15,0.6707,234.9,1.05,0.0,0
17451,2026-06-30,Social,/pricing,8,7,0.4541,128.1,2.54,1.0,1
13255,2026-04-07,Referral,/blog/summer-sale-guide,10,9,0.5708,200.2,2.2,0.0,0
18743,2026-07-26,Social,/blog/how-to-choose-running-shoes,9,8,0.6395,123.1,1.95,0.0,0
18480,2026-07-21,Referral,/home,20,19,0.3447,152.1,3.19,1.0,2
15229,2026-05-17,Organic Search,/blog/how-to-choose-running-shoes,14,13,0.5584,275.4,2.12,1.0,1
12486,2026-03-23,Organic Search,/product/winter-jackets,20,19,0.4362,220.3,2.82,2.0,2
14347,2026-04-29,Paid Search,/checkout,3,2,0.3154,236.5,3.09,1.0,1
19000,2026-07-31,Direct,/product/running-shoes,19,16,0.2642,313.5,3.37,1.0,1
16497,2026-06-11,Referral,/checkout,7,6,0.1919,206.1,4.26,1.0,1
13800,2026-04-18,Referral,/product/running-shoes,10,9,0.4212,232.5,2.9,1.0,1
18623,2026-07-24,Paid Search,/blog/how-to-choose-running-shoes,20,17,0.6357,218.1,1.2,1.0,3
16732,2026-06-16,Paid Search,/blog/how-to-choose-running-shoes,21,20,0.6047,205.5,1.93,2.0,2
12262,2026-03-18,Referral,/contact,5,5,0.6061,168.1,1.71,0.0,0
16305,2026-06-07,Social,/blog/summer-sale-guide,11,10,0.7485,162.4,1.0,0.0,0
13895,2026-04-20,Paid Search,/about-us,17,16,0.648,101.6,2.03,1.0,1
16377,2026-06-09,Organic Search,/pricing,22,20,0.354,201.6,2.67,2.0,2
18806,2026-07-27,Direct,/contact,1,1,0.5698,95.8,1.69,0.0,0
13366,2026-04-09,Social,/about-us,9,8,0.581,83.0,1.83,0.0,0
13660,2026-04-15,Social,/product/running-shoes,24,21,0.5613,126.0,1.6,0.0,0
16525,2026-06-12,Organic Search,/contact,9,8,0.6475,172.9,1.23,0.0,0
12914,2026-03-31,Social,/product/winter-jackets,5,5,0.5725,102.2,1.62,0.0,0
18993,2026-07-31,Social,/blog/how-to-choose-running-shoes,11,10,0.7319,208.9,1.0,0.0,0
11874,2026-03-10,Social,/contact,5,4,0.8024,57.1,1.0,0.0,0
15525,2026-05-23,Organic Search,/product/running-shoes,34,29,0.2986,242.9,3.36,4.0,6
17205,2026-06-25,Direct,/home,21,19,0.1887,274.7,4.3,2.0,2
11236,2026-02-25,Direct,/blog/how-to-choose-running-shoes,8,8,0.5625,271.4,1.8,0.0,0
13706,2026-04-16,Referral,/contact,6,5,0.6181,138.7,2.01,0.0,0
18608,2026-07-23,Direct,/checkout,4,4,0.2142,222.1,3.35,0.0,0
14928,2026-05-11,Organic Search,/product/winter-jackets,20,17,0.4028,233.2,2.94,1.0,1
16942,2026-06-20,Referral,/blog/summer-sale-guide,7,6,0.6456,253.8,1.89,2.0,2
12612,2026-03-25,Referral,/pricing,3,3,0.2962,198.1,2.84,0.0,0
15578,2026-05-24,Organic Search,/blog/how-to-choose-running-shoes,21,20,0.6012,228.3,,0.0,0
10218,2026-02-05,Paid Search,/contact,2,2,,70.7,1.0,0.0,0
10262,2026-02-06,Paid Search,/product/running-shoes,17,16,0.4628,195.9,2.95,1.0,1
10372,2026-02-08,Referral,/product/winter-jackets,2,2,0.3954,185.2,2.2,1.0,1
14385,2026-04-30,Organic Search,/contact,13,12,0.6078,135.0,1.09,1.0,1
17775,2026-07-07,Paid Search,/product/winter-jackets,11,9,0.5338,186.3,2.48,,4
14759,2026-05-07,Social,/product/running-shoes,18,17,0.5394,102.1,2.06,0.0,1
15901,2026-05-30,Referral,/contact,4,4,,,2.33,0.0,0
17486,2026-07-01,Referral,/product/backpacks,9,8,0.4527,215.7,1.77,1.0,1
16761,2026-06-16,Direct,/product/backpacks,4,4,0.371,214.1,2.85,0.0,0
14355,2026-04-29,Referral,/contact,4,4,0.6445,144.4,1.71,0.0,0
14816,2026-05-08,Social,/checkout,4,4,0.4362,149.7,2.52,0.0,0
11578,2026-03-04,Social,/contact,3,3,0.785,31.4,1.09,0.0,0
17537,2026-07-02,Referral,/blog/how-to-choose-running-shoes,14,13,0.4571,278.6,2.48,0.0,0
13879,2026-04-20,Organic Search,/home,45,39,0.405,188.4,2.89,1.0,1
11905,2026-03-11,Paid Search,/pricing,7,6,0.32,173.7,3.51,,2
17650,2026-07-04,Social,/contact,3,3,0.7956,109.9,1.2,0.0,0
15740,2026-05-27,Paid Search,/about-us,13,12,0.5744,119.0,2.91,1.0,1
17415,2026-06-30,Organic Search,/product/winter-jackets,33,28,0.4743,201.7,2.16,2.0,2
10184,2026-02-04,Social,/product/backpacks,8,7,0.5875,131.3,1.92,1.0,1
18482,2026-07-21,Referral,/product/winter-jackets,12,11,0.3722,213.6,3.1,0.0,0
13507,2026-04-12,Referral,/pricing,4,4,0.3923,278.3,2.7,0.0,0
10323,2026-02-07,Referral,/product/winter-jackets,6,5,0.4291,207.1,2.79,0.0,0
18429,2026-07-20,Paid Search,/checkout,6,5,0.3878,156.0,2.19,1.0,2
14783,2026-05-08,Organic Search,/blog/summer-sale-guide,32,28,0.617,270.0,1.47,0.0,0
10514,2026-02-11,Paid Search,/about-us,7,7,0.5883,91.6,1.78,0.0,0
10813,2026-02-17,Paid Search,/checkout,7,7,0.2877,248.4,3.42,0.0,2
10995,2026-02-21,Organic Search,/product/backpacks,15,14,0.3952,211.1,3.29,2.0,2
15319,2026-05-18,Direct,/blog/summer-sale-guide,8,7,0.551,299.4,2.56,,1
16015,2026-06-01,Direct,/product/backpacks,6,5,0.3286,230.7,3.43,0.0,0
17979,2026-07-11,Paid Search,/contact,6,5,,70.0,1.26,0.0,0
15055,2026-05-13,Social,/home,22,18,0.5437,133.6,1.0,1.0,1
18124,2026-07-14,Paid Search,/product/winter-jackets,11,10,0.4756,201.0,1.26,2.0,2
18450,2026-07-20,Direct,/home,11,10,0.2628,226.0,2.94,0.0,1
13699,2026-04-16,Referral,/home,28,23,0.421,180.5,2.7,3.0,3
15153,2026-05-15,Referral,/pricing,5,4,0.2046,,3.12,0.0,0
14815,2026-05-08,Social,/pricing,7,6,0.56,111.7,1.59,0.0,0
12953,2026-04-01,Referral,/product/running-shoes,18,17,,255.3,2.14,1.0,1
18258,2026-07-16,Direct,/about-us,10,9,0.393,178.4,2.63,0.0,0
16453,2026-06-10,Social,/blog/summer-sale-guide,13,11,0.7376,136.2,1.0,0.0,0
13799,2026-04-18,Referral,/home,11,9,0.3421,220.7,3.25,1.0,1
10197,2026-02-04,Direct,/about-us,3,3,0.476,178.2,,0.0,0
14486,2026-05-02,Organic Search,/pricing,5,4,0.2798,188.5,2.94,0.0,0
18397,2026-07-19,Social,/about-us,10,8,0.6179,19.8,1.83,0.0,0
14634,2026-05-05,Organic Search,/about-us,15,13,0.509,155.5,2.09,0.0,1
18672,2026-07-25,Paid Search,/product/backpacks,9,8,0.4141,180.0,2.64,0.0,0
17644,2026-07-04,Social,/product/running-shoes,16,15,0.6126,109.4,1.93,1.0,1
15736,2026-05-27,Paid Search,/product/winter-jackets,26,23,0.4794,152.0,2.19,3.0,3
16979,2026-06-21,Paid Search,/product/winter-jackets,11,10,0.4861,176.5,2.61,1.0,1
13141,2026-04-05,Paid Search,/home,33,30,0.35,156.2,2.43,1.0,3
18336,2026-07-18,Referral,/blog/how-to-choose-running-shoes,9,7,0.5673,313.6,1.45,1.0,1
10550,2026-02-12,Organic Search,/product/winter-jackets,28,27,0.4307,164.9,2.63,1.0,2
14899,2026-05-10,Referral,/product/winter-jackets,6,6,0.3069,260.1,3.07,0.0,0
18692,2026-07-25,Social,/product/backpacks,10,9,0.5543,129.0,1.75,0.0,0
10331,2026-02-07,Social,/home,18,16,0.5384,84.7,2.15,0.0,0
15305,2026-05-18,Social,/product/running-shoes,13,11,0.5812,111.3,1.56,0.0,0
15004,2026-05-12,Referral,/checkout,6,5,0.223,250.6,3.26,0.0,0
18844,2026-07-28,Social,/blog/summer-sale-guide,12,11,0.6778,171.2,1.0,0.0,0
11028,2026-02-21,Social,/about-us,5,4,0.661,29.6,1.66,0.0,0
18262,2026-07-17,Organic Search,/home,39,33,,192.9,3.48,1.0,1
15707,2026-05-26,Social,/product/backpacks,7,6,0.5698,117.9,1.9,0.0,0
13322,2026-04-08,Direct,/product/winter-jackets,7,6,0.3384,219.9,2.54,1.0,1
13387,2026-04-10,Organic Search,/contact,15,13,0.6298,110.1,1.53,1.0,1
18892,2026-07-29,Social,/product/backpacks,11,10,0.5695,136.3,2.16,0.0,0
13451,2026-04-11,Referral,/product/running-shoes,11,10,0.3679,215.2,2.9,0.0,0
10921,2026-02-19,Referral,/contact,3,3,0.5746,137.9,2.16,0.0,0
11317,2026-02-27,Referral,/blog/summer-sale-guide,6,6,0.5491,171.7,1.75,0.0,0
13293,2026-04-08,Paid Search,/product/backpacks,21,20,0.4517,176.3,2.11,2.0,3
16386,2026-06-09,Paid Search,/contact,9,8,0.7056,120.0,1.86,0.0,0
13527,2026-04-12,Direct,/pricing,4,3,0.3232,,3.0,0.0,0
14785,2026-05-08,Organic Search,/contact,25,22,0.5805,124.1,2.15,0.0,0
15268,2026-05-17,Direct,/blog/how-to-choose-running-shoes,4,4,0.5146,287.1,1.95,0.0,0
15833,2026-05-29,Organic Search,/checkout,12,11,0.3246,194.1,2.5,3.0,3
18392,2026-07-19,Social,/product/running-shoes,9,7,0.554,101.6,1.72,1.0,1
14067,2026-04-23,Social,/checkout,4,3,0.3877,151.5,3.01,1.0,1
15110,2026-05-14,Social,/blog/summer-sale-guide,11,9,0.8364,122.1,1.0,0.0,0
11947,2026-03-12,Paid Search,/product/running-shoes,22,21,0.4537,144.7,1.79,0.0,1
12151,2026-03-16,Paid Search,/about-us,10,9,0.5863,131.3,1.59,1.0,1
14191,2026-04-26,Paid Search,/product/backpacks,6,5,0.4978,139.3,1.79,0.0,0
13683,2026-04-16,Organic Search,/blog/how-to-choose-running-shoes,31,27,0.6402,238.1,2.09,0.0,0
14802,2026-05-08,Referral,/blog/how-to-choose-running-shoes,9,9,0.465,264.8,1.9,0.0,0
17850,2026-07-08,Social,/contact,3,2,0.8098,16.7,1.0,0.0,0
18645,2026-07-24,Social,/about-us,5,4,0.7764,58.1,1.0,0.0,0
13668,2026-04-15,Social,/checkout,7,6,0.4217,,3.07,0.0,1
15644,2026-05-25,Referral,/home,12,10,0.3971,203.0,2.51,0.0,0
12833,2026-03-30,Organic Search,/product/running-shoes,28,24,0.4086,175.1,3.53,1.0,2
11453,2026-03-02,Paid Search,/product/winter-jackets,11,10,0.4418,203.3,2.41,3.0,3
10895,2026-02-19,Organic Search,/product/running-shoes,41,37,0.4095,199.6,2.82,3.0,3
16923,2026-06-20,Organic Search,/about-us,10,10,0.5603,194.8,2.23,0.0,0
11929,2026-03-11,Direct,/product/backpacks,5,4,0.4084,196.2,,0.0,0
12014,2026-03-13,Referral,/pricing,3,3,0.2857,243.8,3.25,0.0,1
10716,2026-02-15,Paid Search,/checkout,4,4,0.3153,153.4,2.8,0.0,0
15523,2026-05-22,Direct,/checkout,7,6,0.2499,297.9,3.34,1.0,1
13674,2026-04-15,Direct,/blog/summer-sale-guide,13,11,0.5389,298.7,1.15,1.0,1
15220,2026-05-16,Direct,/blog/summer-sale-guide,8,8,0.5601,298.5,2.21,0.0,0
12376,2026-03-20,Direct,/product/winter-jackets,10,9,0.2457,210.5,3.13,,1
14840,2026-05-09,Paid Search,/product/backpacks,9,8,0.3948,192.4,2.73,1.0,1
10059,2026-02-02,Organic Search,/pricing,21,18,0.3041,229.1,3.05,1.0,1
11761,2026-03-08,Referral,/product/backpacks,6,5,0.351,259.3,2.22,0.0,1
18090,2026-07-13,Referral,/pricing,4,4,0.2811,205.4,3.24,0.0,0
16490,2026-06-11,Referral,/product/winter-jackets,9,8,0.3411,249.9,3.26,0.0,0
11131,2026-02-23,Social,/checkout,3,3,0.4101,,3.38,0.0,0
16747,2026-06-16,Referral,/checkout,3,3,0.2063,192.6,3.92,0.0,0
12106,2026-03-15,Referral,/product/running-shoes,7,7,0.3944,302.7,3.23,0.0,0
18167,2026-07-15,Organic Search,/blog/summer-sale-guide,37,35,0.542,262.1,1.59,3.0,3
15557,2026-05-23,Social,/product/backpacks,6,6,0.6011,130.6,2.16,0.0,0
15564,2026-05-23,Direct,/home,18,15,0.3605,250.9,2.81,2.0,2
14886,2026-05-10,Organic Search,/checkout,11,10,0.2808,196.6,3.79,0.0,1
11952,2026-03-12,Paid Search,/about-us,5,4,,160.4,2.45,0.0,0
13168,2026-04-05,Social,/pricing,9,9,0.497,105.9,2.17,0.0,1
14549,2026-05-03,Referral,/product/running-shoes,8,7,0.3998,177.7,2.9,0.0,0
11159,2026-02-24,Paid Search,/contact,6,5,0.7329,126.6,1.81,0.0,1
12315,2026-03-19,Social,/product/running-shoes,9,8,0.6054,115.9,1.29,0.0,0
10534,2026-02-11,Social,/about-us,10,9,0.6806,81.6,1.11,0.0,0
14437,2026-05-01,Organic Search,/checkout,12,11,0.2729,207.5,3.48,3.0,3
10536,2026-02-11,Social,/pricing,11,9,0.4283,144.7,2.53,0.0,0
15529,2026-05-23,Organic Search,/blog/summer-sale-guide,16,15,0.6325,265.0,1.8,0.0,0
17037,2026-06-22,Referral,/product/running-shoes,9,9,0.3451,209.1,3.23,0.0,0
12076,2026-03-14,Direct,/product/running-shoes,8,8,0.3881,305.1,2.94,1.0,1
11922,2026-03-11,Social,/about-us,5,4,0.6563,31.0,1.18,0.0,0
11336,2026-02-27,Direct,/blog/how-to-choose-running-shoes,6,5,0.477,268.4,2.63,0.0,0
17498,2026-07-01,Social,/blog/summer-sale-guide,12,11,0.7273,123.2,1.22,0.0,0
16675,2026-06-15,Organic Search,/contact,16,14,0.601,112.8,1.51,0.0,0
11656,2026-03-06,Paid Search,/about-us,8,8,0.5924,91.0,1.63,0.0,0
11462,2026-03-02,Referral,/product/running-shoes,15,14,0.2757,,3.84,2.0,2
15943,2026-05-31,Referral,/home,16,14,0.4045,215.8,2.98,0.0,0
16529,2026-06-12,Paid Search,/product/running-shoes,17,16,0.4296,219.3,2.4,2.0,3
13008,2026-04-02,Referral,/about-us,2,2,0.4556,109.3,2.01,0.0,0
17459,2026-06-30,Direct,/about-us,6,5,0.4478,181.2,2.82,0.0,0
13914,2026-04-20,Social,/blog/summer-sale-guide,24,23,0.6976,153.4,1.34,0.0,0
11652,2026-03-06,Paid Search,/product/winter-jackets,11,10,0.3687,79.6,2.67,1.0,2
13976,2026-04-21,Direct,/contact,9,8,0.5866,130.8,2.15,2.0,2
11585,2026-03-04,Direct,/blog/how-to-choose-running-shoes,11,9,0.4342,227.0,2.68,2.0,2
10213,2026-02-05,Paid Search,/product/winter-jackets,13,12,0.4316,186.2,2.51,1.0,2
16040,2026-06-02,Paid Search,/pricing,6,6,0.4207,187.2,2.12,0.0,1
11611,2026-03-05,Referral,/home,13,12,0.3206,216.2,3.64,0.0,0
18278,2026-07-17,Paid Search,/about-us,9,8,0.5992,85.7,1.72,0.0,1
14646,2026-05-05,Paid Search,/pricing,10,9,0.3728,220.5,3.32,1.0,2
14021,2026-04-22,Direct,/product/winter-jackets,8,7,,224.8,3.04,1.0,1
18486,2026-07-21,Referral,/about-us,1,1,0.4447,186.7,2.54,0.0,0
17956,2026-07-10,Direct,/blog/how-to-choose-running-shoes,16,15,0.5013,258.1,2.15,1.0,1
13871,2026-04-19,Direct,/product/winter-jackets,6,6,0.3408,237.2,2.94,1.0,1
15015,2026-05-12,Direct,/home,18,17,,259.4,3.12,1.0,1
15181,2026-05-16,Organic Search,/about-us,8,8,0.4983,207.2,2.14,0.0,0
14798,2026-05-08,Referral,/home,12,10,0.4023,183.2,2.75,0.0,0
10676,2026-02-14,Referral,/checkout,2,2,0.259,262.3,3.14,1.0,1
16755,2026-06-16,Social,/contact,1,1,0.8122,24.1,1.0,0.0,0
17406,2026-06-29,Direct,/product/backpacks,9,8,0.4026,238.4,2.49,1.0,1
18046,2026-07-12,Social,/blog/how-to-choose-running-shoes,12,11,0.8487,157.5,1.0,0.0,0
10533,2026-02-11,Social,/blog/summer-sale-guide,9,8,0.7435,152.2,1.69,0.0,0
17320,2026-06-28,Organic Search,/contact,4,3,0.6456,165.5,1.73,0.0,0
10241,2026-02-05,Direct,/home,22,18,0.3405,196.4,2.86,2.0,3
16418,2026-06-09,Direct,/checkout,3,3,0.2719,229.0,3.46,0.0,0
11296,2026-02-27,Organic Search,/blog/how-to-choose-running-shoes,26,22,0.5884,200.2,,0.0,0
14250,2026-04-27,Referral,/product/winter-jackets,11,10,0.3812,224.3,2.2,0.0,0
14366,2026-04-29,Social,/pricing,8,8,0.5284,121.7,3.06,1.0,1
13423,2026-04-10,Direct,/product/backpacks,6,5,0.399,223.2,2.45,0.0,0
16674,2026-06-15,Organic Search,/about-us,16,13,0.5225,118.7,2.29,0.0,0
15315,2026-05-18,Direct,/product/running-shoes,16,13,0.369,206.5,2.79,0.0,0
17266,2026-06-27,Organic Search,/product/winter-jackets,16,15,0.3648,207.1,2.79,0.0,0
18229,2026-07-16,Paid Search,/contact,6,6,0.6983,77.2,1.0,0.0,0
12446,2026-03-22,Paid Search,/product/winter-jackets,4,4,0.4931,115.4,2.24,0.0,0
17326,2026-06-28,Paid Search,/product/backpacks,8,7,0.4988,124.8,2.16,1.0,1
17003,2026-06-21,Social,/about-us,2,2,0.7291,101.8,1.46,0.0,0
14607,2026-05-04,Referral,/checkout,6,5,0.2069,244.0,3.38,1.0,1
18066,2026-07-13,Organic Search,/blog/how-to-choose-running-shoes,34,29,0.6166,308.6,2.06,1.0,2
10230,2026-02-05,Referral,/checkout,4,4,0.3341,219.8,3.46,0.0,1
16779,2026-06-17,Paid Search,/product/running-shoes,17,15,0.4508,161.1,2.97,1.0,1
13195,2026-04-06,Paid Search,/blog/summer-sale-guide,20,19,0.7447,218.2,1.0,1.0,2
11601,2026-03-05,Paid Search,/home,23,20,0.4172,162.9,2.16,0.0,0
15816,2026-05-28,Direct,/product/winter-jackets,10,10,0.3358,268.5,2.91,0.0,0
15279,2026-05-18,Organic Search,/blog/summer-sale-guide,26,22,0.5906,210.5,2.36,1.0,2
14117,2026-04-24,Social,/checkout,5,4,0.54,153.9,2.25,0.0,0
16162,2026-06-04,Direct,/product/running-shoes,18,15,0.3029,212.8,3.53,2.0,2
14087,2026-04-24,Organic Search,/checkout,14,12,0.3105,210.7,2.9,0.0,0
11519,2026-03-03,Referral,/pricing,8,7,0.3754,216.3,3.12,2.0,2
12503,2026-03-23,Paid Search,/checkout,5,5,0.3141,187.5,3.35,0.0,1
17102,2026-06-23,Social,/about-us,7,7,0.6042,101.2,1.81,0.0,0
13421,2026-04-10,Direct,/product/running-shoes,12,11,0.3636,243.0,2.84,0.0,0
11074,2026-02-22,Social,/product/winter-jackets,10,9,0.5794,113.0,1.75,1.0,1
12041,2026-03-14,Organic Search,/blog/summer-sale-guide,12,11,0.6001,207.0,2.2,0.0,0
18772,2026-07-27,Paid Search,/product/backpacks,8,7,0.3928,172.2,2.17,1.0,1
16138,"June 04, 2026",Paid Search,/about-us,10,9,0.4933,145.3,2.57,0.0,0
11584,2026-03-04,Direct,/product/backpacks,4,4,0.3413,196.0,2.29,0.0,0
16409,2026-06-09,Direct,/home,22,18,0.2721,212.6,3.06,1.0,3
12713,2026-03-27,Referral,/checkout,5,4,0.2696,214.2,3.68,0.0,1
15918,2026-05-30,Direct,/blog/summer-sale-guide,10,9,0.5423,246.0,3.05,0.0,0
12259,2026-03-18,Referral,/blog/how-to-choose-running-shoes,9,8,0.6181,262.7,1.76,1.0,1
14903,2026-05-10,Referral,/about-us,2,2,0.5051,144.3,1.92,0.0,0
14996,2026-05-12,Referral,/product/running-shoes,12,10,0.4293,239.6,2.47,0.0,0
14990,2026-05-12,Paid Search,/blog/summer-sale-guide,14,12,0.6322,184.0,1.54,1.0,1
14676,2026-05-05,Direct,/pricing,9,9,0.204,302.9,2.99,0.0,1
15542,2026-05-23,Paid Search,/pricing,10,8,0.4223,175.0,2.41,2.0,2
18959,2026-07-31,Organic Search,/home,71,68,0.3994,172.2,2.91,4.0,4
18829,2026-07-28,Referral,/home,23,20,0.3839,128.4,2.42,0.0,0
13973,2026-04-21,Direct,/blog/how-to-choose-running-shoes,8,8,0.4067,258.4,2.61,0.0,0
11242,2026-02-26,Organic Search,/home,45,43,0.3853,214.7,1.55,1.0,2
11568,2026-03-04,Referral,/contact,3,3,0.5497,90.0,2.04,0.0,0
11680,2026-03-06,Direct,/home,15,14,0.3221,259.3,2.96,1.0,1
11981,2026-03-12,Direct,/blog/summer-sale-guide,14,12,0.5633,279.8,2.2,0.0,0
10994,2026-02-21,Organic Search,/product/winter-jackets,16,14,0.4212,179.4,1.8,0.0,0
14481,2026-05-02,Organic Search,/product/backpacks,14,13,0.3907,196.8,2.23,1.0,1
18920,2026-07-30,Paid Search,/product/running-shoes,17,15,0.3945,187.4,1.83,0.0,0
10389,2026-02-08,Direct,/product/running-shoes,11,10,0.3109,270.4,3.36,1.0,1
11860,2026-03-10,Referral,/product/backpacks,8,8,0.4063,217.9,2.99,1.0,1
16826,2026-06-18,Organic Search,/checkout,4,4,0.2298,215.8,3.77,1.0,1
17284,2026-06-27,Referral,/home,17,16,0.2775,203.4,2.77,0.0,1
16579,2026-06-13,Paid Search,/product/running-shoes,12,10,0.4784,198.0,2.12,1.0,1
12448,2026-03-22,Paid Search,/blog/how-to-choose-running-shoes,13,11,0.5606,180.3,2.54,0.0,0
10293,2026-02-06,Direct,/product/winter-jackets,10,9,0.2817,237.3,3.27,0.0,0
12218,2026-03-17,Social,/product/backpacks,15,14,0.5223,81.8,2.48,0.0,0
12783,2026-03-29,Organic Search,/product/running-shoes,28,25,0.3653,217.4,2.63,1.0,2
16671,2026-06-15,Organic Search,/product/backpacks,15,14,0.3838,186.6,3.23,0.0,0
11797,2026-03-09,Organic Search,/checkout,6,5,0.2695,245.3,3.3,1.0,1
16100,2026-06-03,Referral,/pricing,3,3,0.3302,215.9,3.92,0.0,0
17043,2026-06-22,Referral,/contact,7,6,0.547,92.4,1.93,0.0,0
10925,2026-02-19,Social,/product/winter-jackets,12,10,0.5902,154.1,2.2,0.0,0
17952,2026-07-10,Direct,/home,22,20,0.2865,230.8,3.47,2.0,4
16790,2026-06-17,Referral,/product/winter-jackets,9,7,0.305,182.5,3.3,0.0,0
12157,2026-03-16,Referral,/product/winter-jackets,6,5,0.3846,196.1,2.81,0.0,0
17565,2026-07-03,Organic Search,/product/winter-jackets,36,34,0.4285,202.7,,1.0,2
17088,2026-06-23,Referral,/product/winter-jackets,10,8,0.3255,201.1,3.21,0.0,1
10206,2026-02-05,Organic Search,/blog/summer-sale-guide,24,20,0.5608,213.3,1.99,0.0,1
10761,2026-02-16,Paid Search,/contact,8,7,0.7064,113.7,1.57,0.0,0
10998,2026-02-21,Organic Search,/about-us,5,5,0.5703,206.7,1.39,0.0,0
16511,2026-06-11,Direct,/product/backpacks,5,5,0.3236,205.1,3.02,0.0,0
16872,2026-06-19,Organic Search,/blog/summer-sale-guide,19,16,0.7157,282.5,1.19,1.0,1
15969,2026-05-31,Direct,/contact,7,7,0.5514,,1.63,0.0,0
16368,2026-06-08,Direct,/checkout,5,5,0.1635,238.4,3.09,0.0,1
14916,2026-05-10,Direct,/home,20,18,0.2738,228.3,3.21,1.0,1
16469,2026-06-11,Organic Search,/product/running-shoes,32,30,0.3758,165.7,3.1,2.0,4
17238,2026-06-26,Referral,/product/backpacks,6,5,0.4019,237.0,2.44,,0
11227,2026-02-25,Social,/blog/summer-sale-guide,11,10,0.6949,131.7,1.09,0.0,0
18655,2026-07-24,Direct,/about-us,3,2,0.4756,210.4,3.51,0.0,0
10570,2026-02-12,Referral,/product/winter-jackets,5,4,0.424,179.4,2.56,0.0,0
12743,2026-03-28,Paid Search,/home,11,11,0.4454,141.2,,1.0,1
16106,2026-06-03,Social,/blog/how-to-choose-running-shoes,14,12,0.7223,173.0,1.97,0.0,0
11586,2026-03-04,Direct,/blog/summer-sale-guide,5,4,0.557,284.8,2.68,0.0,0
10248,2026-02-05,Direct,/contact,3,3,0.4933,141.7,2.24,0.0,0
14469,2026-05-01,Direct,/product/running-shoes,13,12,0.347,289.4,3.57,2.0,2
16785,2026-06-17,Paid Search,/contact,10,8,0.6171,93.3,,0.0,0
16287,2026-06-07,Paid Search,/contact,7,6,0.6372,75.1,1.0,0.0,0
17969,2026-07-11,Organic Search,/contact,8,8,0.5876,114.6,1.65,0.0,0
14028,2026-04-22,Direct,/checkout,2,2,0.1124,296.1,3.29,0.0,1
10407,2026-02-09,Organic Search,/checkout,9,8,,225.7,4.02,0.0,0
18192,2026-07-15,Social,/home,17,16,0.5423,128.6,1.92,1.0,1
12120,2026-03-15,Social,/blog/summer-sale-guide,5,4,0.786,131.8,1.0,0.0,0
17881,2026-07-09,Paid Search,/pricing,5,4,0.3608,147.0,2.83,0.0,0
14508,2026-05-02,Social,/home,17,16,0.537,55.7,1.64,0.0,0
16423,2026-06-10,Organic Search,/blog/how-to-choose-running-shoes,28,24,0.6437,261.2,1.46,1.0,1
12971,2026-04-01,Social,/checkout,4,4,0.4776,164.2,2.12,1.0,1
17912,2026-07-10,Organic Search,/home,57,54,0.4132,235.8,3.09,4.0,4
14829,2026-05-09,Organic Search,/product/winter-jackets,23,20,0.379,195.6,2.9,1.0,1
15202,2026-05-16,Referral,/contact,2,2,0.521,108.8,2.32,0.0,0
13847,2026-04-19,Paid Search,/pricing,15,14,0.3299,122.6,3.43,0.0,1
13791,2026-04-18,Paid Search,/product/winter-jackets,19,16,0.4996,207.3,2.01,1.0,1
16697,2026-06-15,Referral,/checkout,1,1,0.1054,306.5,3.9,1.0,1
10930,2026-02-19,Social,/contact,5,4,0.7651,23.6,1.0,,0
17856,2026-07-08,Direct,/product/backpacks,9,8,0.3175,233.1,2.96,2.0,2
10097,2026-02-02,Direct,/about-us,5,4,0.3561,185.6,2.56,1.0,2
18117,2026-07-14,Organic Search,/blog/summer-sale-guide,24,22,0.5605,231.0,2.45,0.0,0
10195,2026-02-04,Direct,/blog/how-to-choose-running-shoes,13,12,0.4414,236.8,2.38,0.0,1
13390,2026-04-10,Paid Search,/home,43,37,0.3356,151.6,3.03,3.0,4
11056,2026-02-22,Paid Search,/blog/how-to-choose-running-shoes,12,11,0.6183,211.5,1.82,0.0,0
13538,2026-04-13,Organic Search,/checkout,13,12,0.2496,232.3,3.91,3.0,5
15829,2026-05-29,Organic Search,/blog/summer-sale-guide,25,24,0.5983,157.3,1.01,0.0,0
16810,2026-06-17,Direct,/product/backpacks,7,7,0.3634,304.2,3.01,,0
15982,2026-06-01,Paid Search,/home,35,33,0.4437,151.4,3.32,3.0,4
15838,2026-05-29,Paid Search,/blog/how-to-choose-running-shoes,22,19,0.6612,199.9,1.87,2.0,2
11595,2026-03-05,Organic Search,/blog/how-to-choose-running-shoes,21,20,0.5362,252.6,1.69,0.0,0
18034,2026-07-12,Referral,/product/winter-jackets,7,7,0.4553,189.2,2.58,0.0,0
13996,2026-04-22,Paid Search,/contact,6,6,0.646,51.2,,1.0,1
10982,2026-02-20,Social,/checkout,2,2,0.4468,151.1,2.39,0.0,0
13746,2026-04-17,Paid Search,/contact,12,11,0.7639,67.2,1.0,1.0,2
18777,2026-07-27,Paid Search,/pricing,11,9,0.3438,202.9,2.99,0.0,1
13853,2026-04-19,Referral,/blog/how-to-choose-running-shoes,4,4,0.5076,261.9,2.49,0.0,0
14325,2026-04-28,Direct,/contact,3,3,0.6391,105.5,1.3,0.0,0
11066,2026-02-22,Referral,/blog/how-to-choose-running-shoes,7,6,0.5799,296.8,1.6,0.0,0
13268,2026-04-07,Social,/pricing,12,11,0.4897,106.1,1.17,0.0,0
15831,2026-05-29,Organic Search,/contact,18,17,0.6913,171.5,,0.0,0
14984,2026-05-12,Organic Search,/checkout,9,8,0.2272,241.0,3.41,2.0,4
15398,2026-05-20,Referral,/blog/how-to-choose-running-shoes,7,6,0.5715,244.5,2.34,2.0,2
11408,2026-03-01,Paid Search,/about-us,5,5,0.5711,84.9,1.47,0.0,0
17659,2026-07-04,Direct,/about-us,5,4,0.5267,206.8,1.81,0.0,0
15340,2026-05-19,Paid Search,/about-us,9,8,0.6263,179.7,1.7,1.0,1
14237,2026-04-27,Organic Search,/checkout,16,15,0.2807,205.7,3.06,0.0,0
18054,2026-07-12,Direct,/product/winter-jackets,6,6,0.2855,197.2,3.25,0.0,0
14631,2026-05-05,Organic Search,/product/backpacks,13,13,0.4555,239.3,2.3,1.0,1
10178,2026-02-04,Referral,/contact,6,5,0.5937,132.5,1.97,1.0,1
16588,2026-06-13,Referral,/home,15,12,0.3279,188.7,2.8,0.0,0
15991,2026-06-01,Paid Search,/checkout,3,2,0.3906,240.6,2.49,1.0,1
18370,2026-07-19,Organic Search,/checkout,7,7,0.1924,178.4,3.65,0.0,0
17977,2026-07-11,Paid Search,/blog/summer-sale-guide,14,14,0.5833,183.3,2.02,0.0,0
11350,2026-02-28,Organic Search,/pricing,3,3,0.4151,,2.61,0.0,0
14902,2026-05-10,Referral,/blog/summer-sale-guide,3,2,0.5365,293.6,2.29,0.0,0
14945,2026-05-11,Paid Search,/checkout,5,5,0.3472,180.5,3.21,3.0,3
10179,2026-02-04,Referral,/pricing,9,9,0.3333,243.3,3.22,0.0,0
11471,2026-03-02,Social,/home,31,29,0.5647,129.6,1.49,0.0,0
13261,2026-04-07,Social,/product/running-shoes,35,31,0.5748,161.6,1.84,0.0,0
16908,2026-06-19,Direct,/product/running-shoes,13,11,0.3225,248.6,2.76,0.0,0
15486,2026-05-22,Paid Search,/product/winter-jackets,16,14,0.3894,206.8,2.97,0.0,1
10393,2026-02-08,Direct,/blog/summer-sale-guide,7,6,0.5753,235.9,1.76,0.0,0
17112,2026-06-23,Direct,/about-us,8,7,0.4996,198.5,2.04,0.0,0
10763,2026-02-16,Paid Search,/checkout,6,6,0.3855,170.1,2.91,0.0,1
16857,2026-06-18,Direct,/home,20,17,0.2449,208.5,3.09,0.0,0
16217,2026-06-05,Direct,/about-us,1,1,0.368,167.8,2.32,0.0,0
17944,2026-07-10,Social,/product/winter-jackets,13,11,0.5372,102.6,2.23,1.0,1
17280,2026-06-27,Paid Search,/about-us,3,3,0.681,142.4,1.69,0.0,0
17749,2026-07-06,Social,/about-us,6,6,0.6455,101.2,1.79,0.0,0
11959,2026-03-12,Referral,/product/backpacks,7,7,0.3962,198.2,2.55,1.0,1
12015,2026-03-13,Referral,/checkout,3,3,0.2517,203.5,3.35,0.0,0
18158,2026-07-14,Direct,/about-us,3,3,0.4359,196.0,3.22,0.0,0
17845,2026-07-08,Social,/product/winter-jackets,16,14,0.5511,74.5,1.59,,0
16081,2026-06-03,Organic Search,/checkout,11,10,0.2054,196.9,3.55,1.0,1
13821,2026-04-18,Direct,/product/winter-jackets,12,11,0.336,226.1,2.73,0.0,0
15147,2026-05-15,Referral,/product/winter-jackets,9,8,0.3975,212.4,2.97,0.0,0
16399,2026-06-09,Social,/home,16,14,0.5951,138.8,1.47,0.0,0
11072,2026-02-22,Social,/home,9,8,0.5356,103.3,1.66,1.0,1
14869,2026-05-09,Direct,/product/winter-jackets,11,10,0.3218,,2.48,0.0,0
15811,2026-05-28,Social,/contact,4,3,0.7357,74.0,1.34,0.0,0
17781,2026-07-07,Paid Search,/pricing,15,13,0.3557,160.8,3.16,1.0,1
17619,2026-07-04,Organic Search,/about-us,17,16,0.5171,152.1,2.09,0.0,0
13972,2026-04-21,Direct,/product/backpacks,6,5,0.347,255.6,3.68,0.0,0
10044,2026-02-01,Direct,/product/backpacks,1,1,0.2898,237.1,3.25,0.0,0
10954,2026-02-20,Paid Search,/product/running-shoes,19,18,0.4901,173.6,1.88,0.0,0
13474,2026-04-11,Direct,/blog/how-to-choose-running-shoes,12,11,0.4688,222.8,2.46,0.0,0
13067,2026-04-03,Social,/blog/summer-sale-guide,14,12,0.7067,162.9,1.73,0.0,0
14346,2026-04-29,Paid Search,/pricing,8,8,0.4197,183.6,2.54,,2
10809,2026-02-17,Paid Search,/blog/summer-sale-guide,10,8,0.6118,199.8,1.28,0.0,1
10961,2026-02-20,Paid Search,/pricing,14,12,0.3512,196.9,2.9,2.0,2
16694,2026-06-15,Referral,/about-us,3,3,0.6384,185.9,1.77,0.0,0
13253,2026-04-07,Referral,/product/backpacks,6,5,0.4349,181.7,2.36,0.0,0
16075,2026-06-03,Organic Search,/product/backpacks,23,22,0.3727,157.8,2.29,2.0,2
14419,2026-04-30,Direct,/product/running-shoes,18,15,0.3258,241.0,3.39,0.0,0
17024,2026-06-22,Organic Search,/pricing,13,12,0.3282,180.2,3.06,,1
11030,2026-02-21,Social,/pricing,7,7,0.5012,128.5,2.82,1.0,1
13233,2026-04-07,Organic Search,/product/backpacks,13,13,0.4884,182.0,2.21,0.0,0
11235,2026-02-25,Direct,/product/backpacks,9,8,0.4436,221.5,2.86,0.0,1
16696,2026-06-15,Referral,/pricing,5,4,0.2265,218.0,3.62,0.0,0
11244,2026-02-26,Organic Search,/product/winter-jackets,23,22,0.4481,194.5,2.11,0.0,0
18205,2026-07-15,Direct,/product/backpacks,9,8,0.3473,204.8,3.2,0.0,0
13365,2026-04-09,Social,/blog/summer-sale-guide,20,18,0.7732,124.5,1.09,0.0,0
18043,2026-07-12,Social,/product/running-shoes,21,19,,99.5,1.93,0.0,0
10896,2026-02-19,Organic Search,/product/winter-jackets,31,27,0.4445,205.6,2.39,2.0,2
13513,2026-04-12,Social,/blog/how-to-choose-running-shoes,15,14,0.7506,165.2,1.0,0.0,0
12305,2026-03-19,Referral,/home,16,14,0.4421,173.5,2.1,0.0,1
12580,2026-03-24,Direct,/about-us,3,3,0.4209,234.6,2.44,0.0,0
13103,2026-04-04,Referral,/product/winter-jackets,6,6,0.4238,219.3,3.01,0.0,0
11378,2026-02-28,Social,/about-us,2,2,0.6837,92.8,1.0,0.0,0
14604,2026-05-04,Referral,/about-us,3,3,0.5732,162.2,1.69,0.0,0
11913,2026-03-11,Referral,/about-us,2,2,0.4384,182.1,2.2,0.0,0
17030,2026-06-22,Paid Search,/blog/how-to-choose-running-shoes,16,14,0.6226,188.1,1.87,0.0,0
11430,2026-03-01,Social,/checkout,1,1,0.395,100.7,2.46,0.0,0
14982,2026-05-12,Organic Search,/contact,10,9,0.5894,49.1,1.73,0.0,0
10652,2026-02-14,Organic Search,/blog/how-to-choose-running-shoes,17,15,0.6006,281.6,2.23,0.0,0
12630,2026-03-25,Direct,/about-us,5,4,0.4595,219.3,2.63,0.0,0
16949,2026-06-20,Social,/product/winter-jackets,9,9,0.5489,126.6,2.55,0.0,0
10917,2026-02-19,Referral,/product/backpacks,4,4,0.3448,173.9,2.72,0.0,0
12920,2026-03-31,Social,/pricing,15,14,0.5637,71.6,2.22,0.0,0
13969,2026-04-21,Direct,/home,24,22,0.2331,203.2,3.94,1.0,1
12752,2026-03-28,Paid Search,/checkout,2,2,0.4415,212.8,2.17,0.0,0
13455,2026-04-11,Referral,/blog/summer-sale-guide,7,6,0.5674,,1.99,0.0,0
17300,2026-06-27,Social,/about-us,11,10,0.7164,68.5,1.32,0.0,0
15475,2026-05-22,Organic Search,/product/running-shoes,33,29,0.3425,151.7,2.51,0.0,1
10291,2026-02-06,Direct,/home,15,13,0.1919,238.7,3.87,0.0,0
15832,2026-05-29,Organic Search,/pricing,11,10,0.3387,174.6,2.62,1.0,1
13031,2026-04-02,Direct,/checkout,5,5,0.1572,290.7,3.6,0.0,0
13655,2026-04-15,Referral,/about-us,10,9,0.5644,166.6,2.33,0.0,0
15308,2026-05-18,Social,/blog/how-to-choose-running-shoes,13,12,0.7155,126.0,1.08,0.0,0
12670,2026-03-26,Social,/about-us,4,3,0.6824,100.5,1.02,0.0,0
16322,2026-06-08,Organic Search,/product/backpacks,22,19,0.36,231.7,2.84,1.0,1
11000,2026-02-21,Organic Search,/pricing,10,9,0.2689,225.9,3.31,2.0,2
10575,2026-02-12,Referral,/contact,5,4,0.5292,123.1,1.84,0.0,0
10106,2026-02-03,Organic Search,/blog/summer-sale-guide,26,24,0.5974,226.2,2.1,0.0,1
10468,2026-02-10,Referral,/home,11,10,0.2513,213.7,3.99,0.0,0
10378,2026-02-08,Social,/home,12,10,0.4982,94.6,2.56,0.0,0
10860,2026-02-18,Paid Search,/about-us,9,8,0.6461,89.6,1.43,0.0,0
18585,2026-07-23,Referral,/blog/summer-sale-guide,11,10,0.5329,242.9,2.21,0.0,0
17056,2026-06-22,Direct,/home,17,14,0.1835,262.9,4.19,2.0,2
10493,2026-02-10,Direct,/blog/summer-sale-guide,5,5,0.5019,271.7,2.13,0.0,0
11274,2026-02-26,Social,/product/winter-jackets,17,14,0.548,88.4,2.11,1.0,1
15916,2026-05-30,Direct,/product/backpacks,3,2,0.3607,253.8,2.91,0.0,0
17413,2026-06-30,Organic Search,/home,61,53,0.3666,-91.39220353075343,3.15,2.0,3
12741,2026-03-28,Organic Search,/pricing,11,11,0.3153,199.0,3.21,0.0,0
14152,2026-04-25,Referral,/blog/how-to-choose-running-shoes,8,8,0.4864,285.5,2.2,0.0,0
13741,2026-04-17,Paid Search,/product/winter-jackets,24,23,0.4418,208.8,2.59,2.0,2
18953,2026-07-30,Direct,/blog/how-to-choose-running-shoes,13,12,0.4654,300.7,2.63,0.0,0
13943,2026-04-21,Paid Search,/blog/how-to-choose-running-shoes,22,21,0.6583,245.2,1.05,0.0,0
17875,2026-07-09,Paid Search,/product/winter-jackets,15,13,0.5603,185.3,1.81,1.0,1
10274,2026-02-06,Referral,/product/backpacks,5,5,0.3342,221.1,3.03,0.0,0
14765,2026-05-07,Social,/contact,3,3,0.8634,27.4,1.11,0.0,0
13511,2026-04-12,Social,/product/winter-jackets,10,8,0.599,,1.74,0.0,0
17025,2026-06-22,Organic Search,/checkout,11,10,0.3281,185.0,2.79,2.0,2
16952,2026-06-20,Social,/blog/summer-sale-guide,6,5,0.7534,143.6,1.25,0.0,0
18601,2026-07-23,Direct,/product/winter-jackets,10,9,0.3886,292.7,2.81,0.0,1
10201,2026-02-05,Organic Search,/home,43,37,0.342,193.4,2.42,3.0,4
17762,2026-07-06,Direct,/checkout,4,3,0.1751,273.0,,0.0,0
17811,2026-07-07,Direct,/pricing,5,5,0.2354,282.9,3.21,0.0,0
11525,2026-03-03,Social,/blog/how-to-choose-running-shoes,8,7,0.7907,171.3,1.0,0.0,0
11457,2026-03-02,Paid Search,/about-us,7,6,0.5627,124.5,2.2,0.0,0
13347,2026-04-09,Paid Search,/contact,13,11,0.671,124.4,1.09,1.0,1
18712,2026-07-26,Organic Search,/product/backpacks,11,10,0.4465,241.7,3.15,1.0,1
15940,2026-05-31,Paid Search,/contact,2,2,0.6741,105.3,1.79,0.0,0
11683,2026-03-06,Direct,/product/backpacks,9,8,0.415,198.2,3.07,0.0,0
11768,2026-03-08,Social,/home,8,7,0.5667,155.2,2.13,0.0,0
17849,2026-07-08,Social,/about-us,7,6,0.7017,94.3,2.01,0.0,0
17047,2026-06-22,Social,/product/running-shoes,14,13,0.5708,121.7,1.36,0.0,0
13786,2026-04-18,Organic Search,/contact,14,13,0.6183,141.2,1.95,0.0,0
18597,2026-07-23,Social,/pricing,11,9,0.4992,152.8,2.31,0.0,0
14206,2026-04-26,Referral,/pricing,3,3,0.2886,254.3,3.66,0.0,0
18023,2026-07-12,Paid Search,/product/running-shoes,13,12,0.432,152.8,2.84,1.0,2
14692,2026-05-06,Paid Search,/blog/how-to-choose-running-shoes,14,13,0.6073,183.3,2.45,0.0,0
15066,2026-05-13,Direct,/product/running-shoes,14,13,0.3401,261.7,3.47,1.0,1
17640,2026-07-04,Referral,/contact,2,2,0.6579,123.9,1.0,0.0,0
12361,2026-03-20,Referral,/contact,3,3,0.5936,118.3,1.67,0.0,0
15862,2026-05-29,Social,/pricing,10,9,0.4947,118.7,2.4,0.0,0
17522,2026-07-02,Organic Search,/checkout,14,13,0.2348,200.7,3.47,1.0,1
14038,2026-04-23,Organic Search,/checkout,8,7,0.206,225.7,3.73,0.0,1
15538,2026-05-23,Paid Search,/blog/how-to-choose-running-shoes,17,16,,227.7,2.13,2.0,2
11034,2026-02-21,Direct,/product/winter-jackets,5,4,0.2271,198.8,3.18,1.0,1
13769,2026-04-17,Direct,/home,22,18,0.3399,237.5,2.92,1.0,2
11675,2026-03-06,Social,/blog/summer-sale-guide,14,12,0.7256,124.2,1.0,0.0,0
17768,2026-07-07,Organic Search,/blog/summer-sale-guide,22,21,0.5547,238.3,1.73,0.0,0
15434,2026-05-21,Paid Search,/home,31,28,0.3946,131.4,2.76,,2
14090,2026-04-24,Paid Search,/product/winter-jackets,11,10,0.4994,169.1,1.84,0.0,0
12037,2026-03-14,Organic Search,/product/running-shoes,21,18,0.4048,264.2,2.05,,1
10235,2026-02-05,Social,/blog/how-to-choose-running-shoes,9,7,0.6712,153.0,1.39,0.0,0
11928,2026-03-11,Direct,/product/winter-jackets,13,11,0.3602,275.1,2.82,0.0,0
16951,2026-06-20,Social,/blog/how-to-choose-running-shoes,6,6,0.7288,88.7,1.23,0.0,0
16479,2026-06-11,Paid Search,/product/running-shoes,22,21,0.4134,,2.6,2.0,5
18324,2026-07-18,Paid Search,/product/winter-jackets,13,12,0.4643,139.0,,0.0,0
10350,2026-02-08,Organic Search,/home,25,24,0.2606,183.5,3.87,1.0,2
14594,2026-05-04,Paid Search,/about-us,10,9,0.6354,86.1,1.27,1.0,1
15108,2026-05-14,Social,/product/backpacks,7,6,0.5802,131.9,2.13,0.0,0
17491,2026-07-01,Referral,/pricing,4,4,0.2928,226.1,3.52,0.0,0
15458,2026-05-21,Social,/blog/how-to-choose-running-shoes,25,24,0.7487,192.9,1.2,0.0,0
14647,2026-05-05,Paid Search,/checkout,7,6,0.3405,186.4,2.92,0.0,0
11971,2026-03-12,Social,/blog/summer-sale-guide,9,9,0.7554,53.7,1.0,0.0,0
10958,2026-02-20,Paid Search,/blog/summer-sale-guide,14,13,0.5676,209.4,2.0,0.0,0
15156,2026-05-15,Social,/product/running-shoes,14,12,0.4805,171.7,2.4,1.0,2
17832,2026-07-08,Paid Search,/checkout,1,1,0.372,202.8,2.5,0.0,0
15739,2026-05-27,Paid Search,/blog/summer-sale-guide,15,14,0.6449,200.1,1.11,0.0,0
14836,2026-05-09,Organic Search,/checkout,4,4,0.2978,240.5,3.02,0.0,0
15145,2026-05-15,Referral,/home,19,16,0.2994,216.3,3.6,0.0,0
17970,2026-07-11,Organic Search,/pricing,20,17,0.3473,215.5,3.04,4.0,4
12766,2026-03-28,Social,/product/backpacks,10,10,0.5917,111.3,2.07,0.0,0
14235,2026-04-27,Organic Search,/contact,11,9,0.5935,131.5,1.91,0.0,0
13960,2026-04-21,Social,/product/running-shoes,25,23,0.5591,36.6,1.42,0.0,0
18757,2026-07-26,Direct,/pricing,3,3,0.2468,247.3,2.86,0.0,0
12519,2026-03-23,Social,/blog/summer-sale-guide,5,5,0.8438,156.7,2.0,0.0,0
15896,2026-05-30,Referral,/product/winter-jackets,9,8,0.4043,173.0,2.61,0.0,0
18014,2026-07-12,Organic Search,/product/winter-jackets,17,15,0.5436,179.1,2.05,0.0,0
18330,2026-07-18,Paid Search,/pricing,7,7,0.3454,191.9,,0.0,1
16834,2026-06-18,Paid Search,/contact,7,7,0.758,111.4,1.0,,0
12902,2026-03-31,Referral,/home,14,13,0.3864,235.6,2.99,1.0,1
17618,2026-07-04,Organic Search,/blog/summer-sale-guide,22,21,0.5957,247.4,1.29,1.0,1
16522,2026-06-12,Organic Search,/blog/how-to-choose-running-shoes,26,22,0.5385,245.3,1.0,1.0,1
14519,2026-05-02,Direct,/product/running-shoes,13,12,0.4323,219.4,2.42,1.0,2
15508,2026-05-22,Social,/blog/how-to-choose-running-shoes,14,13,0.8147,233.2,1.0,0.0,0
14213,2026-04-26,Social,/blog/summer-sale-guide,10,9,0.7016,138.2,1.8,0.0,0
17071,2026-06-23,Organic Search,/blog/summer-sale-guide,28,24,0.6772,252.4,1.31,0.0,0
12653,2026-03-26,Paid Search,/checkout,7,6,0.3577,95.2,3.35,0.0,0
17980,2026-07-11,Paid Search,/pricing,8,8,0.373,121.9,3.17,2.0,2
15535,2026-05-23,Paid Search,/product/running-shoes,14,12,0.5631,166.7,1.34,3.0,4
17719,2026-07-06,Organic Search,/about-us,11,10,0.5152,183.7,2.21,0.0,0
14851,2026-05-09,Referral,/blog/how-to-choose-running-shoes,13,11,0.5853,250.1,2.08,0.0,0
16164,2026-06-04,Direct,/product/backpacks,9,8,,232.2,3.43,1.0,1
11746,2026-03-08,Organic Search,/contact,9,9,0.6131,132.7,2.12,0.0,0
11492,2026-03-03,Organic Search,/product/running-shoes,42,39,0.3464,234.5,3.03,3.0,3
18529,2026-07-22,Paid Search,/checkout,4,3,0.2945,251.7,3.01,0.0,0
11012,2026-02-21,Referral,/home,9,9,0.319,247.5,3.14,0.0,1
10126,2026-02-03,Referral,/blog/summer-sale-guide,9,8,0.5088,280.3,2.89,0.0,0
16135,2026-06-04,Paid Search,/product/backpacks,5,5,0.4403,120.2,3.08,1.0,1
18409,2026-07-19,Direct,/checkout,2,2,0.241,259.6,3.82,0.0,0
17224,2026-06-26,Organic Search,/checkout,8,7,0.1483,226.8,4.0,2.0,2
17027,2026-06-22,Paid Search,/product/running-shoes,15,13,0.4136,175.3,2.57,2.0,3
14708,2026-05-06,Social,/home,18,17,0.6187,104.9,2.12,0.0,1
16284,2026-06-07,Paid Search,/blog/how-to-choose-running-shoes,8,7,0.683,231.7,1.68,0.0,0
16310,2026-06-07,Direct,/product/running-shoes,7,7,0.3348,281.4,3.06,0.0,0
13518,2026-04-12,Social,/checkout,3,3,0.3669,107.1,2.8,0.0,0
14537,2026-05-03,Organic Search,/checkout,6,6,0.3035,213.5,3.5,0.0,1
16428,2026-06-10,Organic Search,/checkout,14,13,0.2709,203.6,,0.0,1
16446,2026-06-10,Referral,/pricing,9,8,0.2597,281.2,3.54,0.0,0
11135,2026-02-23,Direct,/product/backpacks,6,6,0.333,235.0,3.47,0.0,1
18209,2026-07-15,Direct,/contact,3,3,0.5371,119.7,2.16,0.0,0
11410,2026-03-01,Paid Search,/pricing,8,7,0.3821,158.3,3.19,0.0,0
14361,2026-04-29,Social,/product/backpacks,11,10,0.5956,105.9,1.9,1.0,1
10749,2026-02-16,Organic Search,/blog/summer-sale-guide,25,24,0.639,208.1,2.01,0.0,1
13019,2026-04-02,Social,/contact,4,4,0.8155,18.1,1.03,0.0,0
11503,2026-03-03,Paid Search,/product/winter-jackets,9,8,0.522,167.1,2.9,0.0,0
13335,2026-04-09,Organic Search,/blog/summer-sale-guide,24,22,0.5213,211.5,2.47,,2
17835,2026-07-08,Referral,/product/winter-jackets,4,4,0.3915,203.4,2.64,0.0,1
16360,2026-06-08,Direct,/product/running-shoes,12,10,0.3528,250.3,3.04,1.0,1
16853,2026-06-18,Social,/about-us,8,7,0.6628,85.5,1.0,0.0,0
18252,2026-07-16,Direct,/home,29,26,0.3137,235.4,3.19,2.0,4
12533,2026-03-23,Direct,/checkout,4,4,0.2522,272.0,3.2,0.0,0
13606,2026-04-14,Referral,/contact,3,3,0.551,116.8,2.33,0.0,0
17677,2026-07-05,Paid Search,/blog/how-to-choose-running-shoes,18,17,0.6205,267.7,1.54,0.0,0
16627,2026-06-14,Organic Search,/checkout,7,6,0.2479,221.5,3.93,1.0,1
14132,2026-04-25,Organic Search,/blog/how-to-choose-running-shoes,15,14,0.5713,237.6,2.03,0.0,0
14056,2026-04-23,Referral,/pricing,2,2,0.2393,274.4,3.69,0.0,0
18857,2026-07-28,Direct,/pricing,6,6,0.2624,291.8,2.12,0.0,0
16403,2026-06-09,Social,/blog/how-to-choose-running-shoes,9,8,0.694,176.5,1.0,0.0,0
15132,2026-05-15,Organic Search,/contact,17,15,0.5457,161.5,2.67,0.0,0
17638,2026-07-04,Referral,/blog/summer-sale-guide,3,3,0.6033,186.7,2.19,0.0,0
14932,2026-05-11,Organic Search,/about-us,16,15,0.5354,201.8,1.79,0.0,0
10018,2026-02-01,Paid Search,/contact,6,6,0.6769,102.2,1.06,0.0,0
15178,2026-05-16,Organic Search,/product/backpacks,9,8,0.453,177.8,2.6,2.0,3
11482,2026-03-02,Direct,/product/running-shoes,9,8,0.409,232.5,2.59,0.0,0
16462,2026-06-10,Direct,/blog/how-to-choose-running-shoes,8,7,0.4152,229.0,2.58,0.0,0
17286,2026-06-27,Referral,/product/winter-jackets,9,8,0.3417,198.9,,0.0,1
11129,2026-02-23,Social,/contact,3,3,0.7635,10.0,1.08,0.0,0
17122,2026-06-24,Organic Search,/about-us,10,9,0.5332,174.0,2.5,0.0,0
15672,2026-05-25,Direct,/pricing,6,5,0.2806,220.4,3.3,0.0,0
12410,2026-03-21,Referral,/about-us,1,1,0.4288,158.1,2.24,0.0,0
17425,2026-06-30,Paid Search,/product/winter-jackets,12,11,0.3864,160.4,2.37,1.0,1
15960,2026-05-31,Social,/pricing,3,3,0.5055,144.0,2.09,0.0,0
15437,2026-05-21,Paid Search,/product/backpacks,16,14,0.5497,198.7,2.41,2.0,3
18203,2026-07-15,Direct,/product/running-shoes,24,21,0.3354,250.3,3.66,1.0,1
15513,2026-05-22,Social,/checkout,2,2,0.4615,137.7,3.04,0.0,0
12919,2026-03-31,Social,/contact,8,7,0.7965,22.6,1.03,0.0,0
18917,2026-07-30,Organic Search,/pricing,19,16,0.3252,210.2,3.96,1.0,1
12958,2026-04-01,Referral,/about-us,2,2,0.4752,185.2,2.52,0.0,0
16549,2026-06-12,Social,/product/running-shoes,17,15,0.5831,107.6,1.92,1.0,1
14578,2026-05-04,Organic Search,/home,50,46,0.3809,219.2,3.09,4.0,4
11467,2026-03-02,Referral,/about-us,2,2,0.4097,202.6,2.21,0.0,0
18834,2026-07-28,Referral,/blog/summer-sale-guide,10,9,0.5646,259.0,1.74,0.0,0
13618,2026-04-14,Social,/checkout,9,8,0.3245,112.8,4.08,1.0,2
16088,2026-06-03,Paid Search,/about-us,5,5,0.55,135.4,1.93,0.0,0
10530,2026-02-11,Social,/product/winter-jackets,13,12,0.5915,85.9,1.96,1.0,2
13228,2026-04-06,Direct,/pricing,6,6,0.2665,242.1,2.97,1.0,1
15723,2026-05-26,Direct,/checkout,3,3,0.1548,292.5,4.33,0.0,0
14232,2026-04-27,Organic Search,/blog/how-to-choose-running-shoes,23,19,0.6195,220.6,1.34,1.0,1
18100,2026-07-13,Social,/pricing,8,7,0.535,137.8,1.8,0.0,0
11257,2026-02-26,Paid Search,/blog/summer-sale-guide,10,8,0.6579,194.3,1.64,0.0,0
12224,2026-03-17,Social,/checkout,5,5,0.4703,137.1,2.29,0.0,0
14793,2026-05-08,Paid Search,/blog/summer-sale-guide,9,8,0.6359,180.2,1.96,1.0,1
10794,2026-02-17,Organic Search,/home,32,29,0.4102,192.5,2.92,0.0,0
10969,2026-02-20,Referral,/about-us,5,4,0.4351,173.9,2.6,0.0,0
10408,2026-02-09,Paid Search,/home,23,22,0.4518,163.2,2.59,2.0,2
15815,2026-05-28,Direct,/product/running-shoes,27,25,0.2627,255.7,3.67,1.0,2
18999,2026-07-31,Direct,/home,21,20,0.2423,291.2,3.02,0.0,1
16202,2026-06-05,Social,/product/running-shoes,21,19,0.5329,71.3,2.21,0.0,0
15572,2026-05-23,Direct,/pricing,3,3,0.2824,231.7,2.75,0.0,0
18298,2026-07-17,Social,/about-us,8,7,0.6991,119.0,1.49,0.0,0
11449,2026-03-02,Organic Search,/pricing,14,13,0.4007,170.2,2.66,0.0,0
11999,2026-03-13,Paid Search,/product/backpacks,9,8,0.4072,159.0,2.65,0.0,0
17270,2026-06-27,Organic Search,/about-us,12,11,0.4811,134.0,2.19,1.0,2
12950,2026-04-01,Paid Search,/pricing,2,2,0.3928,222.6,2.25,0.0,0
18763,2026-07-27,Organic Search,/blog/how-to-choose-running-shoes,38,36,0.634,209.6,1.25,1.0,1
10945,2026-02-20,Organic Search,/product/winter-jackets,27,25,0.4065,183.3,3.26,0.0,2
14803,2026-05-08,Referral,/blog/summer-sale-guide,5,4,0.5773,266.9,1.41,0.0,0
10222,2026-02-05,Referral,/product/running-shoes,7,6,0.3356,266.2,3.25,0.0,0
13911,2026-04-20,Social,/product/winter-jackets,28,27,0.6157,137.3,1.81,0.0,0
18378,2026-07-19,Paid Search,/contact,2,2,0.7938,53.1,1.0,0.0,0
14555,2026-05-03,Referral,/contact,3,3,0.626,139.1,1.62,0.0,0
14339,2026-04-29,Paid Search,/product/running-shoes,21,18,0.4276,205.3,2.77,1.0,2
10088,2026-02-02,Social,/contact,3,3,0.7025,14.0,1.0,0.0,0
18427,2026-07-20,Paid Search,/contact,3,3,0.7823,76.1,1.49,0.0,0
12089,2026-03-15,Organic Search,/blog/how-to-choose-running-shoes,13,11,0.589,268.9,2.83,0.0,0
16096,2026-06-03,Referral,/blog/how-to-choose-running-shoes,8,7,0.5082,257.9,3.01,0.0,0
18824,2026-07-28,Paid Search,/blog/summer-sale-guide,17,14,0.602,220.9,1.0,,2
17747,2026-07-06,Social,/blog/how-to-choose-running-shoes,22,18,0.6998,181.5,1.39,0.0,0
13053,2026-04-03,Referral,/product/running-shoes,8,7,0.3449,225.4,3.39,0.0,0
10094,2026-02-02,Direct,/product/backpacks,11,11,0.3659,230.1,3.28,1.0,1
11174,2026-02-24,Social,/product/winter-jackets,10,10,0.5495,103.5,1.73,0.0,0
14078,2026-04-24,Organic Search,/home,50,42,0.4139,170.5,2.15,1.0,3
16802,2026-06-17,Social,/blog/summer-sale-guide,11,10,0.7486,129.9,1.05,0.0,0
13787,2026-04-18,Organic Search,/pricing,12,11,0.3177,158.2,2.56,0.0,2
10812,2026-02-17,Paid Search,/pricing,5,5,0.3977,195.8,2.91,0.0,0
12322,2026-03-19,Social,/pricing,5,4,0.4879,135.0,2.44,0.0,0
15129,2026-05-15,Organic Search,/blog/how-to-choose-running-shoes,27,24,0.6684,263.7,1.12,0.0,0
17237,2026-06-26,Referral,/product/winter-jackets,10,9,0.3876,254.0,2.35,2.0,2
17472,2026-07-01,Organic Search,/checkout,9,8,0.2467,,3.77,2.0,2
16568,2026-06-13,Organic Search,/home,30,26,0.4236,149.8,2.45,1.0,1
17145,2026-06-24,Social,/home,21,18,0.4843,77.3,2.64,0.0,0
12207,2026-03-17,Referral,/product/winter-jackets,7,6,0.3762,167.9,3.09,0.0,0
12836,2026-03-30,Organic Search,/blog/how-to-choose-running-shoes,21,17,0.6474,292.4,1.91,0.0,0
11977,2026-03-12,Direct,/product/running-shoes,19,16,0.3575,241.3,3.35,3.0,3
17397,2026-06-29,Social,/blog/how-to-choose-running-shoes,14,13,0.7179,165.8,1.0,0.0,0
11096,2026-02-23,Organic Search,/blog/how-to-choose-running-shoes,18,15,0.5839,246.4,1.74,1.0,1
11507,2026-03-03,Paid Search,/about-us,8,7,0.5576,109.4,1.93,,1
12634,2026-03-26,Organic Search,/home,36,33,0.3099,180.4,2.86,1.0,1
12479,2026-03-22,Direct,/blog/summer-sale-guide,5,5,0.568,249.4,1.92,0.0,0
17208,2026-06-25,Direct,/product/backpacks,5,4,0.2947,195.1,2.78,0.0,0
15660,2026-05-25,Social,/about-us,6,5,0.6172,38.6,1.7,0.0,0
12782,2026-03-29,Organic Search,/home,32,27,0.3739,159.9,3.07,0.0,0
13314,2026-04-08,Social,/blog/how-to-choose-running-shoes,22,20,0.7138,113.5,1.47,1.0,1
10934,2026-02-19,Direct,/product/running-shoes,12,11,,240.9,3.28,1.0,1
16589,2026-06-13,Referral,/product/running-shoes,8,7,0.3505,230.2,3.23,1.0,1
14779,2026-05-08,Organic Search,/product/running-shoes,25,24,0.4239,250.7,2.5,1.0,1
17851,2026-07-08,Social,/pricing,10,9,0.5212,129.6,1.67,0.0,0
14975,2026-05-12,Organic Search,/home,51,48,0.3213,265.8,1.97,2.0,2
15909,2026-05-30,Social,/blog/summer-sale-guide,6,6,0.7598,109.9,1.06,0.0,0
11090,2026-02-22,Direct,/pricing,7,7,0.313,259.2,3.08,0.0,0
15853,2026-05-29,Referral,/checkout,6,6,0.2078,250.8,4.03,,0
10396,2026-02-08,Direct,/pricing,3,3,0.2054,237.1,4.41,0.0,1
13084,2026-04-04,Organic Search,/product/backpacks,11,10,0.393,218.0,2.81,0.0,0
18215,2026-07-16,Organic Search,/product/backpacks,16,15,0.4155,239.0,2.17,2.0,2
11264,2026-02-26,Referral,/product/winter-jackets,8,7,0.3805,,2.32,0.0,0
12869,2026-03-30,Social,/contact,7,6,0.7868,10.0,1.0,0.0,0
17293,2026-06-27,Referral,/checkout,1,1,0.2694,224.3,3.26,0.0,0
13504,2026-04-12,Referral,/blog/summer-sale-guide,7,6,0.5795,253.8,2.21,0.0,0
10362,2026-02-08,Paid Search,/product/winter-jackets,11,10,0.4663,183.2,2.39,2.0,2
15170,2026-05-15,Direct,/blog/summer-sale-guide,5,4,0.4752,279.2,2.77,0.0,0
16093,2026-06-03,Referral,/product/running-shoes,10,8,0.3696,287.9,2.98,1.0,1
15372,2026-05-19,Direct,/pricing,4,4,0.229,292.3,3.59,1.0,1
12930,2026-03-31,Direct,/pricing,8,7,0.2164,249.9,3.81,1.0,1
15252,2026-05-17,Referral,/contact,1,1,0.65,142.8,1.88,0.0,0
14767,2026-05-07,Social,/checkout,4,3,0.3492,128.7,2.74,0.0,0
11603,2026-03-05,Paid Search,/product/winter-jackets,7,7,0.5201,194.3,2.08,0.0,0
12496,2026-03-23,Paid Search,/product/winter-jackets,5,5,0.4497,177.5,2.92,0.0,0
16307,2026-06-07,Social,/contact,2,2,0.8329,60.2,1.03,0.0,0
14010,2026-04-22,Social,/product/running-shoes,19,16,0.5271,146.2,1.63,1.0,1
10674,2026-02-14,Referral,/about-us,2,2,0.4699,179.6,2.61,0.0,0
15259,2026-05-17,Social,/blog/summer-sale-guide,9,8,0.7832,150.9,1.0,0.0,0
16876,2026-06-19,Organic Search,/checkout,6,5,0.295,191.5,3.36,1.0,2
11821,2026-03-09,Social,/product/backpacks,12,11,0.524,73.8,1.93,0.0,0
13456,2026-04-11,Referral,/about-us,4,3,0.3824,151.2,2.71,1.0,1
11464,2026-03-02,Referral,/product/backpacks,4,3,0.4182,207.3,2.39,1.0,1
10822,2026-02-17,Referral,/pricing,6,6,0.2131,264.2,,0.0,0
12365,2026-03-20,Social,/product/running-shoes,21,18,0.6884,74.5,2.02,0.0,1
18500,2026-07-21,Direct,/home,25,23,0.2358,225.3,3.12,2.0,2
15377,2026-05-20,Organic Search,/product/backpacks,18,17,0.4645,230.8,1.91,0.0,1
16228,2026-06-06,Organic Search,/contact,12,10,0.584,120.8,1.9,0.0,0
11826,2026-03-09,Social,/checkout,2,2,0.3511,158.4,2.64,0.0,0
12961,2026-04-01,Referral,/checkout,6,5,0.2461,288.2,2.9,0.0,0
11497,2026-03-03,Organic Search,/about-us,15,14,0.4663,141.7,3.02,0.0,0
16618,2026-06-14,Organic Search,/home,39,37,0.4114,201.0,2.53,3.0,3
10764,2026-02-16,Referral,/home,10,9,0.3825,164.5,3.12,0.0,0
16313,2026-06-07,Direct,/blog/how-to-choose-running-shoes,10,8,0.5278,304.8,1.43,0.0,0
12437,2026-03-22,Organic Search,/product/backpacks,12,10,0.4014,195.6,2.1,0.0,0
18148,2026-07-14,Social,/about-us,11,10,0.6677,71.4,1.07,0.0,0
17535,2026-07-02,Referral,/product/winter-jackets,9,8,0.3753,224.4,3.07,1.0,1
16352,2026-06-08,Social,/product/backpacks,9,8,0.6717,112.3,1.7,0.0,0
11682,2026-03-06,Direct,/product/winter-jackets,10,10,0.3612,208.6,3.33,1.0,1
18695,2026-07-25,Social,/about-us,4,4,0.6536,79.8,1.95,0.0,0
16863,2026-06-18,Direct,/about-us,4,3,0.4883,159.1,1.86,0.0,0
10863,2026-02-18,Paid Search,/checkout,3,3,0.3762,183.1,2.55,2.0,2
12673,2026-03-26,Social,/checkout,4,3,0.3812,91.9,2.14,0.0,0
16407,2026-06-09,Social,/pricing,5,5,0.4462,98.5,2.37,0.0,0
12699,2026-03-27,Paid Search,/blog/summer-sale-guide,12,11,0.6409,202.5,1.57,2.0,2
14404,2026-04-30,Referral,/about-us,8,7,0.4998,133.9,2.09,0.0,0
13152,2026-04-05,Referral,/product/running-shoes,10,9,0.4187,260.7,2.6,1.0,1
17577,2026-07-03,Paid Search,/blog/how-to-choose-running-shoes,13,12,0.6335,222.8,1.89,1.0,1
17739,2026-07-06,Referral,/about-us,4,4,0.4283,153.5,2.15,0.0,0
15106,2026-05-14,Social,/product/running-shoes,20,19,0.5411,146.4,2.24,0.0,0
12626,2026-03-25,Direct,/product/winter-jackets,8,7,0.3566,252.4,3.12,0.0,0
17797,2026-07-07,Social,/blog/how-to-choose-running-shoes,16,15,0.7548,177.2,1.0,0.0,0
18495,2026-07-21,Social,/blog/summer-sale-guide,8,7,0.7811,148.5,1.0,1.0,1
11367,2026-02-28,Referral,/blog/summer-sale-guide,1,1,0.5945,260.4,1.94,0.0,0
11271,2026-02-26,Referral,/checkout,3,3,0.1791,,4.72,1.0,2
13970,2026-04-21,Direct,/product/running-shoes,15,14,0.4499,197.8,2.69,1.0,1
12084,2026-03-14,Direct,/checkout,1,1,0.1701,245.9,3.67,0.0,0
13600,2026-04-14,Referral,/product/running-shoes,9,8,0.4175,214.0,2.5,1.0,1
13484,2026-04-12,Organic Search,/blog/summer-sale-guide,21,17,0.6262,171.7,1.59,1.0,1
17124,2026-06-24,Organic Search,/pricing,18,16,0.2583,195.9,2.74,2.0,2
11898,2026-03-11,Paid Search,/product/running-shoes,16,14,0.4524,145.6,2.14,0.0,0
12631,2026-03-25,Direct,/contact,3,3,0.4799,181.5,2.42,0.0,0
18150,2026-07-14,Social,/pricing,10,9,0.5083,105.1,2.31,0.0,1
10448,2026-02-10,Organic Search,/home,36,30,0.2575,211.4,2.8,5.0,6
12396,2026-03-21,Paid Search,/product/winter-jackets,5,4,0.5048,75.8,2.56,0.0,0
16064,2026-06-02,Direct,/product/winter-jackets,11,9,0.3058,234.2,2.54,1.0,1
17656,2026-07-04,Direct,/product/backpacks,2,2,0.2833,279.0,3.32,1.0,1
13768,2026-04-17,Social,/checkout,7,7,0.483,154.4,2.23,1.0,1
16752,2026-06-16,Social,/blog/how-to-choose-running-shoes,20,17,0.7741,151.5,1.53,0.0,0
16425,2026-06-10,Organic Search,/about-us,18,17,0.5763,205.0,2.14,0.0,0
17913,2026-07-10,Organic Search,/product/running-shoes,32,29,0.4418,211.4,2.25,1.0,2
14877,2026-05-10,Organic Search,/home,23,21,0.4062,158.5,2.72,0.0,0
14136,2026-04-25,Organic Search,/pricing,13,12,0.2795,215.8,3.39,1.0,1
18990,2026-07-31,Social,/product/running-shoes,14,11,0.5667,109.7,1.95,2.0,2
12187,2026-03-17,Organic Search,/product/winter-jackets,20,19,0.389,142.0,3.24,1.0,2
14384,2026-04-30,Organic Search,/about-us,6,5,0.6078,174.6,1.73,1.0,1
17940,2026-07-10,Referral,/pricing,9,9,0.4426,218.7,2.85,0.0,1
13682,2026-04-16,Organic Search,/product/backpacks,28,25,0.422,209.5,2.43,3.0,3
10820,2026-02-17,Referral,/about-us,2,2,0.525,137.9,2.49,0.0,0
12024,2026-03-13,Social,/pricing,7,7,0.5281,158.5,1.62,1.0,1
14992,2026-05-12,Paid Search,/contact,9,8,0.5861,130.2,1.98,1.0,1
18162,2026-07-15,Organic Search,/home,53,46,0.3747,143.2,3.14,0.0,2
15176,2026-05-16,Organic Search,/product/running-shoes,24,20,0.3676,178.1,2.43,1.0,1
11543,2026-03-04,Organic Search,/product/winter-jackets,21,19,0.3733,211.7,2.51,1.0,2
14629,2026-05-05,Organic Search,/product/running-shoes,27,23,0.4464,136.8,2.74,1.0,1
10653,2026-02-14,Organic Search,/blog/summer-sale-guide,21,20,0.5963,214.3,2.12,0.0,0
11015,2026-02-21,Referral,/product/backpacks,6,6,0.3529,242.6,2.69,0.0,0
16097,2026-06-03,Referral,/blog/summer-sale-guide,10,9,0.4933,231.3,1.75,0.0,0
10750,2026-02-16,Organic Search,/about-us,13,12,0.4281,170.2,1.96,0.0,0
12987,2026-04-02,Organic Search,/blog/summer-sale-guide,18,16,0.6353,182.1,1.1,0.0,1
18113,2026-07-14,Organic Search,/product/running-shoes,45,37,0.4594,194.8,2.5,5.0,7
13477,2026-04-11,Direct,/pricing,10,9,0.2906,234.9,3.15,0.0,0
17567,2026-07-03,Organic Search,/blog/how-to-choose-running-shoes,42,36,0.6188,230.5,1.39,0.0,0
13090,2026-04-04,Organic Search,/checkout,3,3,0.3028,213.2,2.85,0.0,0
14576,2026-05-03,Direct,/pricing,3,2,0.2057,321.5,3.26,0.0,0
13220,2026-04-06,Direct,/home,19,18,0.2842,199.1,2.8,1.0,2
18334,2026-07-18,Referral,/product/winter-jackets,9,9,0.4125,230.6,2.37,0.0,0
14741,2026-05-07,Paid Search,/product/backpacks,5,5,0.4493,183.0,2.57,1.0,1
15057,2026-05-13,Social,/product/winter-jackets,9,8,0.6116,62.0,2.16,0.0,0
14154,2026-04-25,Referral,/about-us,5,4,0.4918,188.4,2.65,0.0,0
16742,2026-06-16,Referral,/blog/how-to-choose-running-shoes,9,9,0.5709,226.0,2.18,0.0,0
18616,2026-07-24,Organic Search,/contact,11,10,0.5563,127.5,2.1,0.0,0
14484,2026-05-02,Organic Search,/about-us,9,8,0.5379,139.3,2.02,0.0,0
18451,2026-07-20,Direct,/product/running-shoes,17,14,0.3578,,3.51,1.0,2
12126,2026-03-15,Direct,/product/running-shoes,9,8,0.4107,235.6,2.85,0.0,0
12167,2026-03-16,Social,/product/winter-jackets,8,7,0.6136,172.5,1.0,0.0,0
15497,2026-05-22,Referral,/product/backpacks,9,8,0.3732,215.8,2.16,0.0,0
11607,2026-03-05,Paid Search,/about-us,6,6,0.5568,140.4,1.62,0.0,0
11978,2026-03-12,Direct,/product/winter-jackets,9,8,0.4077,255.9,2.51,0.0,0
16190,2026-06-05,Paid Search,/checkout,4,4,0.2851,189.7,3.63,0.0,0
18832,2026-07-28,Referral,/product/backpacks,8,7,0.4118,225.5,2.13,1.0,1
17044,2026-06-22,Referral,/pricing,2,2,0.2448,225.0,3.7,0.0,0
17299,2026-06-27,Social,/blog/summer-sale-guide,6,6,0.6873,116.4,1.11,0.0,0
18398,2026-07-19,Social,/contact,2,2,0.7531,16.9,1.0,0.0,0
17879,2026-07-09,Paid Search,/about-us,7,7,0.571,111.2,1.78,0.0,0
10237,2026-02-05,Social,/about-us,10,9,0.7141,40.1,1.0,0.0,0
16036,2026-06-02,Paid Search,/blog/how-to-choose-running-shoes,11,10,0.6063,260.3,2.03,0.0,0
15086,2026-05-14,Paid Search,/product/running-shoes,20,17,0.466,180.4,1.97,2.0,2
18174,2026-07-15,Paid Search,/product/winter-jackets,15,13,0.4441,130.3,2.05,1.0,1
16204,2026-06-05,Social,/product/backpacks,7,6,0.585,82.5,1.38,0.0,0
15984,2026-06-01,Paid Search,/product/winter-jackets,12,11,0.5639,160.2,1.97,1.0,1
16653,2026-06-14,Social,/blog/summer-sale-guide,9,8,0.7522,111.5,1.0,0.0,0
14093,2026-04-24,Paid Search,/blog/summer-sale-guide,6,5,0.5697,,2.15,1.0,1
10246,2026-02-05,Direct,/blog/summer-sale-guide,9,8,0.5175,273.5,2.41,0.0,0
14165,2026-04-25,Social,/contact,2,2,0.6852,68.0,1.53,0.0,0
18793,2026-07-27,Social,/blog/how-to-choose-running-shoes,12,11,0.7903,133.3,1.0,0.0,0
16865,2026-06-18,Direct,/pricing,6,6,0.2284,261.3,3.14,0.0,1
12209,2026-03-17,Referral,/blog/how-to-choose-running-shoes,6,5,0.4988,243.6,2.81,0.0,0
15068,2026-05-13,Direct,/product/backpacks,6,6,0.3473,219.7,3.01,0.0,0
18924,2026-07-30,Paid Search,/blog/summer-sale-guide,18,15,0.7253,214.3,1.0,0.0,0
14985,2026-05-12,Paid Search,/home,27,25,0.3379,161.7,2.82,1.0,1
13326,2026-04-08,Direct,/about-us,4,4,0.4113,205.8,,0.0,0
10093,2026-02-02,Direct,/product/winter-jackets,7,6,0.2858,275.2,3.23,0.0,0
11744,2026-03-08,Organic Search,/blog/summer-sale-guide,17,15,0.6545,207.5,1.73,0.0,0
18814,2026-07-28,Organic Search,/blog/summer-sale-guide,29,26,0.5875,289.7,2.37,1.0,1
18965,2026-07-31,Organic Search,/about-us,21,17,0.5025,138.3,2.54,1.0,2
14914,2026-05-10,Social,/pricing,4,4,0.5709,116.7,1.89,0.0,1
14293,2026-04-28,Paid Search,/blog/summer-sale-guide,8,8,0.6467,166.1,1.73,0.0,0
12247,2026-03-18,Paid Search,/product/winter-jackets,18,15,0.4955,150.8,2.43,0.0,0
14600,2026-05-04,Referral,/product/winter-jackets,7,6,0.3254,194.0,3.33,1.0,1
12306,2026-03-19,Referral,/product/running-shoes,20,18,0.4041,251.0,3.45,1.0,1
10811,2026-02-17,Paid Search,/contact,10,9,0.6622,111.2,1.76,0.0,0
16405,2026-06-09,Social,/about-us,5,4,0.6798,41.2,1.25,0.0,0
12790,2026-03-29,Organic Search,/pricing,14,13,0.3303,213.0,2.74,0.0,0
15344,2026-05-19,Referral,/home,15,14,0.3395,234.9,3.23,0.0,0
12929,2026-03-31,Direct,/contact,6,5,0.5763,179.9,1.73,0.0,0
17304,2026-06-27,Direct,/home,17,14,0.3367,276.9,2.83,0.0,0
18527,2026-07-22,Paid Search,/contact,3,3,0.7205,105.6,1.01,0.0,0
16521,2026-06-12,Organic Search,/product/backpacks,19,18,0.4812,193.9,2.01,1.0,1
11599,2026-03-05,Organic Search,/pricing,14,12,0.2681,233.8,3.34,1.0,2
17061,2026-06-22,Direct,/blog/summer-sale-guide,15,14,0.5173,,,0.0,0
12005,2026-03-13,Paid Search,/checkout,3,3,0.3198,227.7,2.84,1.0,1
17596,2026-07-03,Social,/product/backpacks,10,9,0.5456,122.1,2.26,0.0,0
18831,2026-07-28,Referral,/product/winter-jackets,13,12,0.4637,222.1,2.16,0.0,1
18562,2026-07-23,Organic Search,/product/winter-jackets,27,26,0.4391,196.7,2.56,,3
17934,2026-07-10,Referral,/product/winter-jackets,10,9,0.3918,200.8,2.38,1.0,1
11246,2026-02-26,Organic Search,/blog/how-to-choose-running-shoes,25,21,0.5388,250.8,1.86,0.0,0
15070,2026-05-13,Direct,/blog/summer-sale-guide,5,4,0.5293,275.2,1.81,0.0,0
13013,2026-04-02,Social,/product/running-shoes,12,11,0.6299,148.2,1.86,0.0,0
13896,2026-04-20,Paid Search,/contact,13,11,0.6259,63.4,1.18,0.0,0
10648,2026-02-14,Organic Search,/home,24,23,0.3142,208.4,,1.0,1
15025,2026-05-13,Organic Search,/home,44,39,0.3738,188.6,2.82,2.0,3
13453,2026-04-11,Referral,/product/backpacks,9,8,0.4491,218.2,2.83,0.0,0
11256,2026-02-26,Paid Search,/blog/how-to-choose-running-shoes,21,20,0.7459,170.7,1.05,2.0,2
17870,2026-07-09,Organic Search,/contact,10,9,0.5343,135.5,1.92,0.0,0
13496,2026-04-12,Paid Search,/contact,10,9,0.7036,104.9,1.0,1.0,1
14872,2026-05-09,Direct,/blog/summer-sale-guide,6,6,0.4717,253.1,2.82,0.0,0
18586,2026-07-23,Referral,/about-us,5,4,0.5191,192.7,2.06,0.0,0
13756,2026-04-17,Referral,/contact,6,5,0.6781,171.5,1.5,0.0,0
14370,2026-04-29,Direct,/product/winter-jackets,7,6,0.3588,233.7,2.9,2.0,2
18219,2026-07-16,Organic Search,/contact,16,15,0.6313,110.3,1.84,0.0,0
18153,2026-07-14,Direct,/product/running-shoes,15,13,0.357,226.5,3.64,,5
15750,2026-05-27,Referral,/about-us,7,6,0.4456,154.4,1.57,0.0,0
11808,2026-03-09,Referral,/home,13,11,0.2973,241.2,2.94,0.0,0
17914,2026-07-10,Organic Search,/product/winter-jackets,28,23,0.3973,227.8,2.58,2.0,3
15601,2026-05-24,Referral,/contact,8,7,0.5709,114.9,1.94,0.0,0
15867,2026-05-29,Direct,/product/backpacks,9,9,0.3488,311.6,2.74,1.0,1
11128,2026-02-23,Social,/about-us,4,4,0.7334,70.8,1.1,0.0,0
11827,2026-03-09,Direct,/home,16,15,0.34,218.6,3.23,0.0,0
13437,2026-04-11,Organic Search,/contact,13,11,0.5857,130.7,1.0,0.0,0
13435,2026-04-11,Organic Search,/blog/summer-sale-guide,18,16,0.6454,207.9,1.66,0.0,0
11031,2026-02-21,Social,/checkout,4,3,0.3627,133.2,3.21,1.0,1
13410,2026-04-10,Social,/home,42,39,0.5578,101.7,2.6,2.0,2
11632,2026-03-05,Direct,/product/winter-jackets,10,9,0.3216,193.7,,0.0,0
17083,2026-06-23,Paid Search,/contact,1,1,0.6858,134.1,1.48,0.0,0
11046,2026-02-22,Organic Search,/blog/how-to-choose-running-shoes,11,10,0.5713,228.3,1.92,0.0,0
13348,2026-04-09,Paid Search,/pricing,9,8,0.3921,209.4,2.27,1.0,1
17008,2026-06-21,Direct,/product/running-shoes,11,9,0.2648,230.9,4.16,0.0,0
18658,2026-07-24,Direct,/checkout,4,3,,278.2,3.77,0.0,0
15328,2026-05-19,Organic Search,/blog/how-to-choose-running-shoes,27,24,0.5903,246.2,1.94,0.0,0
16149,2026-06-04,Referral,/pricing,8,8,0.326,241.7,2.96,1.0,2
12778,2026-03-28,Direct,/blog/summer-sale-guide,6,5,0.4609,236.1,2.18,0.0,0
10748,2026-02-16,Organic Search,/blog/how-to-choose-running-shoes,27,24,0.5638,290.2,1.8,1.0,1
10318,2026-02-07,Paid Search,/contact,3,3,0.6308,36.6,1.26,0.0,0
13570,2026-04-13,Direct,/product/running-shoes,16,15,0.2866,275.9,3.26,1.0,2
12600,2026-03-25,Paid Search,/about-us,3,2,0.5559,169.2,1.29,0.0,0
11925,2026-03-11,Social,/checkout,3,2,0.4532,127.5,2.76,,1
15603,2026-05-24,Referral,/checkout,1,1,0.2304,236.8,3.5,0.0,0
18647,2026-07-24,Social,/pricing,4,3,0.3909,136.4,2.62,0.0,0
17060,2026-06-22,Direct,/blog/how-to-choose-running-shoes,13,12,0.455,319.0,2.19,0.0,0
11832,2026-03-09,Direct,/blog/summer-sale-guide,6,5,0.4995,276.3,2.03,0.0,0
12613,2026-03-25,Referral,/checkout,4,4,0.3306,329.3,2.92,0.0,0
14638,2026-05-05,Paid Search,/home,14,12,0.4015,152.8,2.97,0.0,0
10879,2026-02-18,Social,/blog/summer-sale-guide,9,8,0.7084,133.4,1.09,0.0,0
12980,2026-04-01,Direct,/pricing,7,6,0.2414,251.6,3.4,0.0,0
15695,2026-05-26,Referral,/product/running-shoes,17,15,0.3264,188.4,2.06,2.0,2
12734,2026-03-28,Organic Search,/product/running-shoes,20,19,0.4101,244.8,2.43,0.0,0
13851,2026-04-19,Referral,/product/winter-jackets,10,9,0.3522,185.9,3.38,0.0,1
14581,2026-05-04,Organic Search,/product/backpacks,17,15,0.4319,170.6,3.38,1.0,1
15805,2026-05-28,Social,/product/running-shoes,10,10,0.487,113.6,,0.0,0
18509,2026-07-21,Direct,/checkout,4,3,0.2758,250.5,3.42,0.0,1
18547,2026-07-22,Social,/contact,5,4,0.797,48.1,1.39,0.0,0
13033,2026-04-03,Organic Search,/product/running-shoes,35,32,0.4341,192.9,2.34,2.0,2
12819,2026-03-29,Social,/contact,4,3,0.7445,89.1,1.38,0.0,0
18719,2026-07-26,Paid Search,/home,14,13,0.482,153.4,2.16,0.0,0
15452,2026-05-21,Referral,/pricing,7,6,0.3364,214.0,2.64,0.0,0
10449,2026-02-10,Organic Search,/product/running-shoes,27,23,0.3268,191.1,2.71,4.0,4
11570,2026-03-04,Referral,/checkout,4,4,0.2129,233.4,3.01,1.0,1
11919,2026-03-11,Social,/product/backpacks,8,7,0.5871,101.8,1.88,0.0,0
14039,2026-04-23,Paid Search,/home,22,21,0.4127,111.7,1.81,2.0,3
18775,2026-07-27,Paid Search,/about-us,7,6,0.5943,112.1,1.54,0.0,0
18243,2026-07-16,Social,/product/running-shoes,17,14,0.5558,125.4,2.44,1.0,1
14809,2026-05-08,Social,/product/winter-jackets,16,14,0.5907,77.8,1.7,2.0,2
14724,2026-05-06,Direct,/about-us,4,4,0.4593,183.7,2.39,0.0,0
17511,2026-07-01,Direct,/pricing,8,7,0.22,267.2,3.4,1.0,2
18980,2026-07-31,Referral,/product/running-shoes,18,16,,193.0,2.44,3.0,3
14291,2026-04-28,Paid Search,/product/backpacks,14,13,0.5425,196.3,2.92,0.0,0
18629,2026-07-24,Referral,/home,31,30,0.3404,210.1,3.64,0.0,1
13563,2026-04-13,Social,/blog/how-to-choose-running-shoes,21,18,0.7449,123.6,1.24,0.0,0
12175,2026-03-16,Direct,/home,15,13,0.2745,233.1,3.42,1.0,1
11664,2026-03-06,Referral,/blog/how-to-choose-running-shoes,13,11,0.5352,313.2,1.6,0.0,0
17852,2026-07-08,Social,/checkout,8,7,0.3903,163.9,2.71,1.0,2
10696,2026-02-14,Direct,/checkout,3,3,0.2228,270.5,4.28,0.0,1
18299,2026-07-17,Social,/contact,4,4,0.8204,132.0,1.06,0.0,0
16535,2026-06-12,Paid Search,/contact,6,5,0.7428,68.5,1.0,0.0,0
18603,2026-07-23,Direct,/blog/how-to-choose-running-shoes,12,11,0.4243,284.7,2.73,1.0,1
18744,2026-07-26,Social,/blog/summer-sale-guide,12,12,0.7063,135.1,2.08,0.0,0
12810,2026-03-29,Referral,/pricing,4,3,0.3407,228.3,2.97,1.0,1
11628,2026-03-05,Social,/pricing,2,2,0.4897,107.7,2.42,1.0,1
12832,2026-03-30,Organic Search,/home,53,47,0.3381,,3.1,2.0,3
13541,2026-04-13,Paid Search,/product/winter-jackets,29,26,0.431,141.4,1.88,1.0,3
11401,2026-03-01,Organic Search,/checkout,7,7,0.3503,198.2,2.72,0.0,0
14771,2026-05-07,Direct,/product/backpacks,8,8,0.3357,221.8,2.7,0.0,0
18455,2026-07-20,Direct,/blog/summer-sale-guide,8,7,0.5002,238.2,1.89,2.0,2
17207,2026-06-25,Direct,/product/winter-jackets,14,12,0.3475,243.0,2.09,0.0,1
15840,2026-05-29,Paid Search,/about-us,5,4,0.5866,85.0,1.46,0.0,0
14225,2026-04-26,Direct,/contact,5,5,0.582,151.8,1.79,0.0,0
13035,2026-04-03,Organic Search,/product/backpacks,21,19,0.4393,152.8,2.85,1.0,2
10583,2026-02-12,Social,/blog/summer-sale-guide,7,7,0.7088,145.5,1.05,0.0,0
18462,2026-07-21,Organic Search,/product/winter-jackets,30,28,,159.2,2.28,2.0,2
16634,2026-06-14,Paid Search,/about-us,7,6,0.6157,100.8,1.67,1.0,1
12853,2026-03-30,Referral,/product/running-shoes,14,13,0.326,239.0,3.21,3.0,3
14367,2026-04-29,Social,/checkout,3,3,0.4941,183.8,2.22,0.0,0
15022,2026-05-12,Direct,/contact,1,1,0.4612,198.5,,0.0,0
16107,2026-06-03,Social,/blog/summer-sale-guide,7,6,0.7461,116.1,1.65,0.0,1
18583,2026-07-23,Referral,/product/backpacks,5,4,0.419,137.8,3.08,1.0,1
16384,2026-06-09,Paid Search,/blog/summer-sale-guide,10,10,0.6539,255.6,1.31,1.0,1
14716,2026-05-06,Social,/pricing,6,5,0.4034,138.3,2.29,0.0,0
12009,2026-03-13,Referral,/product/backpacks,4,4,0.3679,197.3,2.91,1.0,1
15077,2026-05-14,Organic Search,/product/winter-jackets,27,25,0.3366,193.7,3.54,0.0,1
16286,2026-06-07,Paid Search,/about-us,12,11,0.6192,158.9,1.75,1.0,1
11037,2026-02-21,Direct,/blog/summer-sale-guide,6,6,0.5878,280.4,2.66,0.0,0
17187,2026-06-25,Referral,/product/winter-jackets,11,10,0.4107,253.2,2.08,0.0,0
12962,2026-04-01,Social,/home,17,14,0.6525,90.9,1.0,1.0,1
15111,2026-05-14,Social,/about-us,2,2,0.7407,10.0,1.27,0.0,0
17929,2026-07-10,Paid Search,/contact,4,3,0.7793,81.2,1.0,0.0,0
11163,2026-02-24,Referral,/product/running-shoes,12,11,0.335,157.9,3.16,1.0,1
15008,2026-05-12,Social,/product/backpacks,9,8,0.5593,123.0,1.75,0.0,0
17897,2026-07-09,Social,/blog/how-to-choose-running-shoes,14,12,0.8019,166.8,1.06,0.0,0
16162,2026-06-04,Direct,/product/running-shoes,18,15,0.3029,212.8,3.53,2.0,2
14399,2026-04-30,Referral,/product/running-shoes,12,11,0.5146,245.2,2.07,0.0,1
18854,2026-07-28,Direct,/blog/summer-sale-guide,4,3,0.6181,235.1,1.0,0.0,0
10446,2026-02-09,Direct,/pricing,4,4,0.2126,225.4,3.91,1.0,1
18430,2026-07-20,Referral,/home,13,11,0.3918,244.5,2.67,0.0,0
10023,2026-02-01,Referral,/product/winter-jackets,8,7,0.3769,217.5,2.37,0.0,0
14002,2026-04-22,Referral,/product/backpacks,5,4,0.4111,180.0,2.3,2.0,2
18033,2026-07-12,Referral,/product/running-shoes,6,6,,225.6,2.4,0.0,1
16264,2026-06-06,Direct,/blog/how-to-choose-running-shoes,8,8,0.5187,302.7,1.81,0.0,0
18909,2026-07-30,Organic Search,/home,60,54,0.437,218.4,2.59,1.0,1
14214,2026-04-26,Social,/about-us,4,4,0.6859,71.8,1.12,0.0,0
16477,2026-06-11,Organic Search,/checkout,12,12,0.2316,211.5,3.28,2.0,4
16213,2026-06-05,Direct,/product/winter-jackets,9,8,0.3649,192.7,2.77,0.0,0
11677,2026-03-06,Social,/contact,9,7,,35.5,1.0,0.0,0
10001,2026-02-01,Organic Search,/home,33,29,0.3204,196.8,3.59,1.0,1
11945,2026-03-12,Organic Search,/checkout,11,11,0.28,227.3,3.38,1.0,3
18605,2026-07-23,Direct,/about-us,10,8,0.4628,238.9,2.24,0.0,0
13568,2026-04-13,Social,/checkout,12,11,0.3426,134.7,2.59,1.0,1
14272,2026-04-27,Direct,/blog/how-to-choose-running-shoes,12,10,0.4313,,3.61,0.0,0
10113,2026-02-03,Paid Search,/product/winter-jackets,8,8,0.4067,150.3,1.93,1.0,1
13311,2026-04-08,Social,/product/running-shoes,23,19,0.534,84.5,2.22,1.0,1
15541,2026-05-23,Paid Search,/contact,7,6,0.6438,68.2,1.82,0.0,0
12430,2026-03-21,Direct,/about-us,6,5,0.3663,181.1,2.59,0.0,0
17214,2026-06-25,Direct,/checkout,6,5,0.1461,283.5,3.62,1.0,2
16026,2026-06-02,Organic Search,/blog/how-to-choose-running-shoes,29,24,0.53,270.7,2.51,,1
16471,2026-06-11,Organic Search,/product/backpacks,17,14,0.3405,157.3,2.54,1.0,2
14418,2026-04-30,Direct,/home,20,18,0.2832,225.9,3.1,,1
15989,2026-06-01,Paid Search,/contact,4,4,0.7061,86.4,1.52,0.0,0
18119,2026-07-14,Organic Search,/contact,15,13,0.6093,167.7,1.47,0.0,0
17042,2026-06-22,Referral,/about-us,7,6,0.4694,184.8,2.78,0.0,0
17082,2026-06-23,Paid Search,/about-us,11,10,0.5334,70.8,2.43,0.0,0
12371,2026-03-20,Social,/contact,10,10,0.8053,10.0,1.0,0.0,0
13076,2026-04-03,Direct,/blog/how-to-choose-running-shoes,9,7,0.5264,371.2,2.32,0.0,0
15047,2026-05-13,Referral,/product/winter-jackets,6,5,0.4755,192.7,2.08,1.0,1
14889,2026-05-10,Paid Search,/product/winter-jackets,9,8,0.4415,142.8,2.33,0.0,0
15414,2026-05-20,Direct,/home,24,20,0.3639,259.6,3.05,1.0,2
13462,2026-04-11,Social,/product/winter-jackets,13,11,0.6097,82.4,1.93,0.0,0
17109,2026-06-23,Direct,/product/backpacks,5,4,0.3687,236.6,2.87,2.0,2
15290,2026-05-18,Paid Search,/about-us,8,7,0.5095,148.4,1.76,0.0,0
16120,2026-06-03,Direct,/pricing,5,4,0.2737,243.9,3.61,0.0,0
17398,2026-06-29,Social,/blog/summer-sale-guide,13,11,0.7843,172.0,1.0,0.0,0
12279,2026-03-18,Direct,/blog/how-to-choose-running-shoes,12,11,0.4844,336.6,1.9,,1
18169,2026-07-15,Organic Search,/contact,10,9,0.5778,131.8,2.54,,0
12333,2026-03-19,Direct,/checkout,4,4,0.2217,282.4,3.55,0.0,0
10667,2026-02-14,Paid Search,/checkout,2,2,0.3123,208.4,3.98,0.0,0
17099,2026-06-23,Social,/product/backpacks,7,6,0.5943,55.0,1.77,0.0,0
18944,2026-07-30,Social,/blog/summer-sale-guide,10,8,0.6618,102.0,1.32,0.0,0
15501,2026-05-22,Referral,/contact,4,4,0.6149,205.7,2.3,0.0,0
18275,2026-07-17,Paid Search,/product/backpacks,20,19,0.4361,158.7,2.42,3.0,4
10089,2026-02-02,Social,/pricing,7,6,0.4945,72.0,2.86,1.0,1
13259,2026-04-07,Referral,/checkout,3,3,0.2034,201.9,3.41,0.0,0
14431,2026-05-01,Organic Search,/product/backpacks,27,24,0.5002,174.5,1.64,1.0,1
12013,2026-03-13,Referral,/contact,3,3,0.5694,178.8,1.72,0.0,0
18759,2026-07-27,Organic Search,/home,54,45,0.4068,207.8,3.12,4.0,4
11819,2026-03-09,Social,/product/running-shoes,17,16,0.5503,64.0,2.32,0.0,1
13920,2026-04-20,Direct,/product/running-shoes,15,14,0.3759,311.5,2.8,0.0,0
14108,2026-04-24,Social,/home,16,14,0.5139,129.9,1.99,,0
11205,2026-02-25,Paid Search,/product/backpacks,6,5,0.4945,141.1,2.21,0.0,0
16964,2026-06-20,Direct,/contact,2,2,0.572,159.9,1.66,0.0,0
11581,2026-03-04,Direct,/home,17,15,0.3563,228.5,2.88,2.0,2
16038,2026-06-02,Paid Search,/about-us,8,7,0.6011,119.1,1.64,0.0,0
13737,2026-04-17,Organic Search,/pricing,16,15,0.3546,213.1,2.82,1.0,1
18483,2026-07-21,Referral,/product/backpacks,8,7,0.3182,211.1,3.57,1.0,1
17094,2026-06-23,Referral,/pricing,5,4,0.3028,228.2,3.49,0.0,0
12557,2026-03-24,Referral,/product/backpacks,3,3,0.4261,207.2,2.2,0.0,0
11564,2026-03-04,Referral,/product/backpacks,8,7,0.3925,208.4,2.88,0.0,0
18698,2026-07-25,Social,/checkout,4,4,0.4443,134.1,2.62,0.0,0
13861,2026-04-19,Social,/product/winter-jackets,17,15,0.4804,111.4,2.06,1.0,3
16193,2026-06-05,Referral,/product/winter-jackets,10,8,0.4128,189.3,3.36,1.0,1
16223,2026-06-06,Organic Search,/product/winter-jackets,21,19,0.4688,215.3,2.47,4.0,6
15765,2026-05-27,Direct,/product/running-shoes,14,13,0.2635,274.2,4.1,1.0,3
17924,2026-07-10,Paid Search,/product/winter-jackets,21,17,0.4455,81.6,2.52,2.0,2
18768,2026-07-27,Organic Search,/checkout,11,10,0.223,246.4,4.27,0.0,0
16108,2026-06-03,Social,/about-us,9,8,0.7449,,1.33,0.0,0
18626,2026-07-24,Paid Search,/contact,13,11,0.7268,122.7,1.04,0.0,0
13636,2026-04-15,Organic Search,/contact,16,15,0.7152,75.4,1.01,1.0,1
10808,2026-02-17,Paid Search,/blog/how-to-choose-running-shoes,18,15,0.6462,145.7,1.71,0.0,0
18991,2026-07-31,Social,/product/winter-jackets,17,14,0.5562,138.9,1.17,1.0,1
17717,2026-07-06,Organic Search,/blog/how-to-choose-running-shoes,42,40,0.6164,248.1,1.44,2.0,2
10967,2026-02-20,Referral,/blog/how-to-choose-running-shoes,4,4,0.4896,279.2,1.96,,0
16933,2026-06-20,Paid Search,/about-us,8,8,0.5371,100.4,1.48,0.0,0
16574,2026-06-13,Organic Search,/about-us,11,10,0.5032,170.0,2.31,0.0,0
12054,2026-03-14,Paid Search,/pricing,1,1,0.4397,148.7,2.28,0.0,0
14855,2026-05-09,Referral,/pricing,4,4,0.3774,217.4,3.24,1.0,1
15084,2026-05-14,Organic Search,/checkout,5,5,0.2619,259.3,2.84,1.0,1
12286,2026-03-19,Organic Search,/product/running-shoes,32,28,0.3932,210.9,2.56,,1
12662,2026-03-26,Referral,/pricing,1,1,0.3169,227.1,2.88,0.0,0
10671,2026-02-14,Referral,/product/backpacks,1,1,0.3339,,3.0,0.0,0
15203,2026-05-16, referral ,/pricing,7,6,0.216,238.1,3.63,0.0,0
16635,2026-06-14,Paid Search,/contact,4,4,0.6875,66.7,1.11,0.0,0
17385,2026-06-29,Referral,/product/winter-jackets,8,7,0.3726,176.4,2.7,2.0,2
13252,2026-04-07,Referral,/product/winter-jackets,13,11,0.4342,229.1,2.11,1.0,2
14433,2026-05-01,Organic Search,/blog/summer-sale-guide,16,13,0.5797,246.8,2.5,0.0,0
16458,2026-06-10,Direct,/home,15,14,0.3087,206.5,3.12,1.0,3
18512,2026-07-22,Organic Search,/product/winter-jackets,37,35,0.4303,187.0,2.79,2.0,2
11926,2026-03-11,Direct,/home,26,24,0.3882,237.3,2.79,3.0,3
13692,2026-04-16,Paid Search,/product/backpacks,25,21,0.4051,139.5,2.6,3.0,3
11114,2026-02-23,Referral,/product/winter-jackets,9,8,0.4036,241.6,3.26,1.0,1
12850,2026-03-30,Paid Search,/pricing,8,7,0.2693,160.0,3.69,2.0,2
14839,2026-05-09,Paid Search,/product/winter-jackets,5,4,0.4708,103.8,2.17,0.0,1
16357,2026-06-08,Social,/pricing,10,9,0.4179,101.5,2.98,0.0,0
18039,2026-07-12,Referral,/contact,4,3,0.6375,145.2,1.91,0.0,0
10024,2026-02-01,Referral,/product/backpacks,3,3,0.2992,257.1,3.54,0.0,0
12640,2026-03-26,Organic Search,/about-us,9,8,0.473,132.6,2.39,0.0,0
17696,2026-07-05,Social,/product/backpacks,5,5,,90.9,1.91,0.0,0
15394,2026-05-20,Referral,/home,12,11,0.3325,208.9,2.8,1.0,1
18989,2026-07-31,Social,/home,27,24,0.5654,73.3,2.76,0.0,0
10270,2026-02-06,Paid Search,/checkout,2,2,,220.9,2.57,0.0,0
12274,2026-03-18,Social,/checkout,3,3,0.4715,147.0,2.52,1.0,1
18403,2026-07-19,Direct,/product/backpacks,4,3,0.3668,196.9,3.05,0.0,1
15600,2026-05-24,Referral,/about-us,4,4,0.5152,217.2,1.69,0.0,0
16507,2026-06-11,Social,/checkout,2,2,0.4725,96.5,3.03,0.0,0
15634,2026-05-25,Paid Search,/home,25,24,0.3845,177.8,2.77,2.0,2
13622,2026-04-14,Direct,/product/backpacks,9,8,0.392,241.0,2.62,0.0,0
16433,2026-06-10,Paid Search,/blog/how-to-choose-running-shoes,21,19,0.5819,152.9,1.69,0.0,1
17335,2026-06-28,Referral,/product/winter-jackets,10,9,0.4068,241.9,1.89,1.0,1
13352,2026-04-09,Referral,/product/winter-jackets,17,16,0.3761,167.1,2.51,0.0,0
15571,2026-05-23,Direct,/contact,4,3,0.5848,156.4,1.04,0.0,0
13560,2026-04-13,Social,/product/running-shoes,37,33,0.5095,118.7,1.88,,2
10141,2026-02-03,Direct,/home,10,9,0.2422,188.9,3.01,1.0,2
15654,2026-05-25,Social,/home,25,24,0.5975,144.5,2.54,1.0,1
11156,2026-02-24,Paid Search,/blog/how-to-choose-running-shoes,10,9,0.564,233.8,1.87,0.0,0
16792,2026-06-17,Referral,/blog/how-to-choose-running-shoes,10,9,0.4986,169.1,1.71,0.0,0
13558,2026-04-13,Referral,/checkout,4,4,0.292,221.4,2.97,0.0,0
15250,2026-05-17,Referral,/blog/summer-sale-guide,2,2,,208.7,2.14,0.0,0
17694,2026-07-05,Social,/product/running-shoes,12,10,0.5656,133.7,2.25,1.0,2
15412,2026-05-20,Social,/pricing,8,7,0.3984,135.6,3.1,0.0,0
11621,2026-03-05,Social,/product/running-shoes,6,6,0.4639,95.4,2.47,0.0,0
14976,2026-05-12,Organic Search,/product/running-shoes,38,32,0.422,222.0,2.84,3.0,4
16586,2026-06-13,Paid Search,/pricing,4,3,0.4216,217.5,1.71,1.0,1
12268,2026-03-18,Social,/product/backpacks,12,11,0.6142,115.3,1.08,1.0,1
13867,2026-04-19,Social,/pricing,12,10,0.4993,110.6,2.61,1.0,1
15972,2026-06-01,Organic Search,/home,56,51,0.3756,203.5,1.99,1.0,3
13537,2026-04-13,Organic Search,/pricing,13,12,0.2254,217.6,3.66,0.0,0
18618,2026-07-24,Organic Search,/checkout,12,10,0.2918,170.4,3.24,3.0,3
13156,2026-04-05,Referral,/blog/summer-sale-guide,5,5,0.5993,,1.99,0.0,0
15980,2026-06-01,Organic Search,/pricing,14,13,0.3662,190.0,2.46,2.0,2
12495,2026-03-23,Paid Search,/product/running-shoes,17,16,0.4592,204.9,2.04,2.0,3
16297,2026-06-07,Referral,/contact,7,6,0.5798,207.2,1.58,0.0,0
17960,2026-07-10,Direct,/pricing,10,9,0.2584,227.6,2.27,1.0,1
12765,2026-03-28,Social,/product/winter-jackets,6,5,0.6144,130.7,1.0,0.0,0
18466,2026-07-21,Organic Search,/about-us,14,12,0.4997,148.4,1.79,1.0,1
16429,2026-06-10,Paid Search,/home,33,31,0.4301,197.2,2.24,2.0,2
14003,2026-04-22,Referral,/blog/how-to-choose-running-shoes,13,12,0.5453,229.8,2.23,0.0,1
13919,2026-04-20,Direct,/home,20,19,0.3408,215.2,2.88,2.0,2
14298,2026-04-28,Referral,/home,16,14,0.2894,230.3,3.56,0.0,0
10782,2026-02-16,Social,/pricing,7,6,0.5823,132.4,2.09,0.0,0
15552,2026-05-23,Referral,/pricing,2,2,0.3307,239.8,3.13,0.0,0
17250,2026-06-26,Social,/about-us,6,5,0.6646,64.4,1.5,0.0,0
12927,2026-03-31,Direct,/blog/summer-sale-guide,7,7,0.4078,259.9,2.31,1.0,1
18995,2026-07-31,Social,/about-us,5,5,0.7079,40.3,1.85,0.0,0
17887,2026-07-09,Referral,/blog/how-to-choose-running-shoes,6,5,0.4958,246.3,2.67,1.0,1
10376,2026-02-08,Referral,/about-us,4,4,0.4568,154.3,1.41,0.0,0
10121,2026-02-03,Referral,/home,17,16,0.269,185.6,2.91,,4
11145,2026-02-24,Organic Search,/product/backpacks,21,17,0.466,189.1,2.02,3.0,3
10833,2026-02-17,Social,/checkout,4,4,0.5356,128.6,1.32,0.0,1
18290,2026-07-17,Referral,/pricing,5,4,0.2808,232.4,2.88,1.0,1
17215,2026-06-26,Organic Search,/home,46,44,0.3621,232.1,2.49,2.0,3
12999,2026-04-02,Paid Search,/contact,2,2,0.7081,78.8,1.17,0.0,0
15524,2026-05-23,Organic Search,/home,43,39,0.3167,247.4,3.38,2.0,3
10223,2026-02-05,Referral,/product/winter-jackets,13,12,0.3652,239.3,4.12,0.0,1
12846,2026-03-30,Paid Search,/blog/how-to-choose-running-shoes,21,17,0.7617,231.4,1.51,2.0,2
12484,2026-03-23,Organic Search,/home,50,45,0.3617,198.0,2.93,2.0,4
12910,2026-03-31,Referral,/pricing,3,3,0.2488,228.3,3.51,0.0,0
13345,2026-04-09,Paid Search,/blog/summer-sale-guide,22,19,0.6347,191.8,1.66,0.0,1
10225,2026-02-05,Referral,/blog/how-to-choose-running-shoes,5,5,0.559,203.9,1.67,0.0,0
11022,2026-02-21,Social,/home,23,22,0.6318,116.2,2.23,0.0,1
10351,2026-02-08,Organic Search,/product/running-shoes,20,18,0.3489,111.7,2.7,1.0,1
14742,2026-05-07,Paid Search,/blog/how-to-choose-running-shoes,15,14,0.6419,254.6,1.14,0.0,0
10576,2026-02-12,Referral,/pricing,6,5,0.3161,223.5,3.09,0.0,1
10511,2026-02-11,Paid Search,/product/backpacks,13,12,,140.6,2.48,1.0,1
18874,2026-07-29,Paid Search,/blog/summer-sale-guide,12,10,0.6605,210.9,,0.0,0
14792,2026-05-08,Paid Search,/blog/how-to-choose-running-shoes,19,16,0.7714,240.0,1.12,3.0,3
17760,2026-07-06,Direct,/contact,5,4,0.5729,218.1,2.12,0.0,0
11697,2026-03-07,Organic Search,/contact,9,8,0.5832,140.4,1.52,0.0,0
10762,2026-02-16,Paid Search,/pricing,3,3,0.4765,158.3,2.05,0.0,0
15321,2026-05-18,Direct,/contact,2,2,0.5223,207.0,2.95,0.0,0
13552,2026-04-13,Referral,/product/backpacks,6,6,0.4271,195.3,2.6,0.0,0
12862,2026-03-30,Social,/home,26,22,0.5275,79.9,2.96,1.0,1
17653,2026-07-04,Direct,/home,12,11,0.2553,202.7,3.9,0.0,1
10964,2026-02-20,Referral,/product/running-shoes,9,8,0.345,251.8,2.69,0.0,0
14530,2026-05-03,Organic Search,/product/winter-jackets,17,15,0.377,217.9,2.48,0.0,0
18861,2026-07-29,Organic Search,/product/winter-jackets,25,22,0.4111,225.7,2.12,2.0,2
15155,2026-05-15,Social,/home,18,17,0.4735,85.1,2.65,0.0,0
12199,2026-03-17,Paid Search,/blog/how-to-choose-running-shoes,18,17,0.6969,227.3,1.05,0.0,1
10940,2026-02-19,Direct,/contact,5,4,0.4943,168.2,2.71,0.0,0
12570,2026-03-24,Social,/about-us,8,7,0.7191,26.1,1.0,0.0,0
18332,2026-07-18,Referral,/home,18,16,0.2334,124.9,3.12,2.0,2
18569,2026-07-23,Organic Search,/checkout,10,8,0.3583,263.2,3.07,0.0,0
12194,2026-03-17,Organic Search,/checkout,8,7,0.2566,,3.58,,0
17680,2026-07-05,Paid Search,/contact,4,4,0.6418,83.9,1.24,0.0,0
13096,2026-04-04,Paid Search,/blog/summer-sale-guide,6,6,0.6147,206.6,1.96,0.0,0
13523,2026-04-12,Direct,/blog/how-to-choose-running-shoes,7,7,0.516,265.6,1.93,1.0,1
11891,2026-03-11,Organic Search,/blog/how-to-choose-running-shoes,26,24,0.5724,209.5,1.68,0.0,0
17185,2026-06-25,Referral,/home,14,12,0.2861,194.9,3.72,0.0,0
11218,2026-02-25,Referral,/about-us,5,5,0.6098,160.3,2.38,0.0,0
15422,2026-05-20,Direct,/pricing,3,3,0.3376,275.8,3.02,0.0,0
11147,2026-02-24,Organic Search,/blog/summer-sale-guide,28,27,0.5625,200.6,2.13,0.0,0
16043,2026-06-02,Referral,/product/running-shoes,20,17,0.5597,217.0,1.55,2.0,3
18521,2026-07-22,Paid Search,/product/running-shoes,21,18,0.4729,181.2,2.42,2.0,2
16936,2026-06-20,Paid Search,/checkout,5,4,0.3203,218.0,2.29,,1
13463,2026-04-11,Social,/product/backpacks,13,12,0.5649,94.0,1.57,0.0,0
10535,2026-02-11,Social,/contact,7,6,0.8453,10.0,1.12,0.0,0
16136,2026-06-04,Paid Search,/blog/how-to-choose-running-shoes,16,14,0.6706,238.6,1.49,1.0,1
12806,2026-03-29,Referral,/blog/how-to-choose-running-shoes,7,6,0.551,221.0,2.07,0.0,0
16231,2026-06-06,Paid Search,/home,21,20,0.3879,193.6,2.4,0.0,0
15797,2026-05-28,Referral,/product/backpacks,9,8,0.4025,251.5,3.55,0.0,0
16085,2026-06-03,Paid Search,/product/backpacks,7,6,0.5069,156.6,1.76,0.0,0
13679,2026-04-16,Organic Search,/home,45,39,0.3823,181.9,2.98,1.0,1
14051,2026-04-23,Referral,/product/winter-jackets,10,10,0.36,188.7,2.56,0.0,0
13428,2026-04-10,Direct,/pricing,6,6,0.2247,229.3,3.37,1.0,1
11353,2026-02-28,Paid Search,/product/running-shoes,14,13,0.4877,253.3,2.11,1.0,1
12822,2026-03-29,Direct,/home,17,14,0.3253,216.5,3.29,1.0,1
15888,2026-05-30,Paid Search,/blog/how-to-choose-running-shoes,10,9,0.6277,267.1,1.65,1.0,1
17067,2026-06-23,Organic Search,/product/running-shoes,44,42,0.3336,224.0,2.88,0.0,1
16562,2026-06-12,Direct,/blog/how-to-choose-running-shoes,9,8,0.499,341.0,1.86,0.0,0
16467,2026-06-10,Direct,/checkout,4,4,0.1616,284.9,3.38,1.0,1
13551,2026-04-13,Referral,/product/winter-jackets,8,7,0.3683,214.7,2.79,0.0,0
11534,2026-03-03,Direct,/product/backpacks,12,10,0.3227,225.2,3.08,0.0,0
17301,2026-06-27,Social,/contact,3,3,0.7876,57.4,1.0,0.0,0
10593,2026-02-12,Direct,/blog/summer-sale-guide,14,13,0.4381,250.7,,0.0,0
11138,2026-02-23,Direct,/about-us,6,5,0.4393,194.5,2.28,0.0,0
18621,2026-07-24,Paid Search,/product/winter-jackets,15,13,0.4263,178.3,1.86,1.0,1
13360,2026-04-09,Social,/home,42,41,0.48,111.3,2.61,2.0,2
10635,2026-02-13,Social,/contact,9,8,0.8439,56.0,1.0,0.0,0
15033,2026-05-13,Organic Search,/pricing,15,14,0.3545,209.7,2.34,,0
11188,2026-02-24,Direct,/about-us,6,6,0.4667,183.8,2.44,0.0,0
18400,2026-07-19,Direct,/home,14,12,0.2808,244.2,3.17,0.0,0
10492,2026-02-10,Direct,/blog/how-to-choose-running-shoes,10,8,0.4729,268.0,2.65,0.0,0
12909,2026-03-31,Referral,/contact,5,4,0.6645,161.6,1.14,0.0,0
14205,2026-04-26,Referral,/contact,1,1,0.6696,165.2,1.0,0.0,0
16230,2026-06-06,Organic Search,/checkout,10,9,0.2872,195.6,2.65,0.0,0
18395,2026-07-19,Social,/blog/how-to-choose-running-shoes,11,9,0.6913,145.6,1.0,0.0,0
17412,2026-06-29,Direct,/checkout,4,4,0.1891,264.3,3.26,1.0,2
10027,2026-02-01,Referral,/about-us,3,3,0.5908,162.3,1.76,0.0,0
14688,2026-05-06,Paid Search,/home,29,24,0.5022,,2.2,,4
10058,2026-02-02,Organic Search,/contact,6,6,0.6083,114.0,2.25,0.0,0
10267,2026-02-06,Paid Search,/about-us,6,5,0.6108,130.4,2.25,1.0,2
13358,2026-04-09,Referral,/pricing,2,2,0.2942,235.8,2.9,0.0,0
14510,2026-05-02,Social,/product/winter-jackets,12,10,0.5727,135.2,2.65,1.0,1
15738,2026-05-27,Paid Search,/blog/how-to-choose-running-shoes,22,19,0.6299,193.6,1.68,2.0,2
15945,2026-05-31,Referral,/product/winter-jackets,7,6,0.3628,219.4,3.02,0.0,0
10672,2026-02-14,Referral,/blog/how-to-choose-running-shoes,8,7,0.5427,246.1,2.59,0.0,0
18163,2026-07-15,Organic Search,/product/running-shoes,43,36,0.4856,272.1,2.23,0.0,2
18024,2026-07-12,Paid Search,/product/winter-jackets,10,9,0.5035,186.9,2.79,1.0,1
11334,2026-02-27,Direct,/product/winter-jackets,10,9,0.3276,250.4,3.3,1.0,1
14761,2026-05-07,Social,/product/backpacks,5,4,0.6325,108.2,1.9,0.0,0
14443,2026-05-01,Paid Search,/blog/summer-sale-guide,9,8,0.6404,193.2,1.09,0.0,0
16679,2026-06-15,Paid Search,/product/running-shoes,20,17,0.3896,154.3,3.09,2.0,3
11298,2026-02-27,Organic Search,/about-us,14,12,0.5201,181.8,2.79,0.0,0
16989,2026-06-21,Referral,/product/winter-jackets,8,7,0.2938,250.9,3.21,1.0,2
12842,2026-03-30,Paid Search,/home,21,17,0.4424,165.9,2.7,0.0,1
12287,2026-03-19,Organic Search,/product/winter-jackets,21,20,0.4811,281.6,2.27,4.0,6
10846,2026-02-18,Organic Search,/product/winter-jackets,21,19,0.3971,238.2,2.89,2.0,2
16858,2026-06-18,Direct,/product/running-shoes,24,22,0.3593,182.4,2.8,3.0,3
13947,2026-04-21,Paid Search,/pricing,9,8,0.4231,179.6,3.33,1.0,1
13077,2026-04-03,Direct,/blog/summer-sale-guide,9,7,0.4441,267.8,2.71,2.0,2
12864,2026-03-30,Social,/product/winter-jackets,11,10,0.5507,100.5,1.98,0.0,0
17048,2026-06-22,Social,/product/winter-jackets,13,11,0.6129,50.8,1.78,0.0,0
13669,2026-04-15,Direct,/home,18,16,0.2386,263.9,2.73,0.0,0
13934,2026-04-21,Organic Search,/blog/summer-sale-guide,25,21,0.6094,189.6,1.78,0.0,0
18044,2026-07-12,Social,/product/winter-jackets,9,8,0.5873,79.3,1.7,0.0,0
17900,2026-07-09,Social,/contact,7,7,0.7797,50.1,1.0,0.0,0
18360,2026-07-18,Direct,/checkout,3,3,0.1581,298.4,4.14,0.0,0
14476,2026-05-01,Direct,/pricing,9,8,0.2494,211.1,3.32,0.0,0
15804,2026-05-28,Social,/home,26,24,0.5753,107.9,1.81,0.0,0
16608,2026-06-13,Direct,/home,14,13,0.2798,185.8,2.43,0.0,0
16733,2026-06-16,Paid Search,/blog/summer-sale-guide,10,8,0.6244,172.2,1.8,0.0,0
14747,2026-05-07,Paid Search,/checkout,3,3,0.375,175.7,2.99,0.0,0
10874,2026-02-18,Social,/home,15,14,0.4262,129.5,2.47,0.0,0
11058,2026-02-22,Paid Search,/about-us,4,4,0.5898,138.5,1.78,0.0,0
18714,2026-07-26,Organic Search,/blog/summer-sale-guide,29,26,0.5515,204.6,1.66,0.0,1
15355,2026-05-19,Social,/product/running-shoes,16,15,0.593,92.5,1.71,3.0,3
17711,2026-07-05,Direct,/pricing,7,6,0.2249,234.0,3.01,0.0,1
12417,2026-03-21,Social,/product/backpacks,3,3,0.6206,138.2,2.05,0.0,0
15271,2026-05-17,Direct,/contact,5,5,0.5264,199.3,2.51,0.0,0
13740,2026-04-17,Paid Search,/product/running-shoes,28,24,0.457,233.4,2.15,1.0,2
15563,2026-05-23,Social,/checkout,1,1,0.4565,141.1,3.34,1.0,2
14282,2026-04-28,Organic Search,/blog/how-to-choose-running-shoes,21,19,0.5749,226.7,1.68,2.0,3
15735,2026-05-27,Paid Search,/product/running-shoes,20,17,0.4317,169.6,3.25,3.0,4
18827,2026-07-28,Paid Search,/pricing,12,10,0.4286,169.7,2.67,0.0,0
10962,2026-02-20,Paid Search,/checkout,4,4,0.3171,167.0,3.33,0.0,0
15807,2026-05-28,Social,/product/backpacks,9,9,0.533,77.5,1.97,0.0,0
11743,2026-03-08,Organic Search,/blog/how-to-choose-running-shoes,20,17,0.7055,280.7,1.58,0.0,1
10555,2026-02-12,Organic Search,/contact,6,5,0.5865,100.4,2.11,0.0,0
10403,2026-02-09,Organic Search,/blog/summer-sale-guide,19,18,0.4237,187.8,2.6,0.0,2
16411,2026-06-09,Direct,/product/winter-jackets,14,13,0.3322,243.9,3.32,1.0,2
14352,2026-04-29,Referral,/blog/how-to-choose-running-shoes,7,6,0.5829,238.1,2.25,0.0,0
15073,2026-05-13,Direct,/pricing,7,7,0.3322,201.9,2.35,0.0,0
10655,2026-02-14,Organic Search,/contact,11,9,0.6326,151.8,1.77,0.0,0
11206,2026-02-25,Paid Search,/blog/how-to-choose-running-shoes,16,15,0.6438,202.7,1.8,1.0,1
17473,2026-07-01,Paid Search,/home,36,34,0.3428,180.5,2.85,2.0,2
12544,2026-03-24,Paid Search,/home,27,22,0.4218,130.1,1.47,1.0,2
16278,2026-06-07,Organic Search,/pricing,12,10,,246.3,3.52,1.0,1
10506,2026-02-11,Organic Search,/pricing,16,15,0.4276,202.1,2.29,3.0,3
12815,2026-03-29,Social,/product/backpacks,4,4,0.6025,107.2,1.66,0.0,0
12317,2026-03-19,Social,/product/backpacks,5,4,0.5595,51.6,2.24,0.0,0
15504,2026-05-22,Social,/home,28,26,0.4629,95.0,2.5,1.0,1
13814,2026-04-18,Social,/blog/summer-sale-guide,16,13,0.7352,105.0,1.09,0.0,0
15256,2026-05-17,Social,/product/winter-jackets,8,8,0.5796,132.3,1.93,1.0,1
15963,2026-05-31,Direct,/product/running-shoes,19,16,0.3443,277.0,3.17,4.0,4
13206,2026-04-06,Referral,/about-us,4,3,0.4814,169.5,1.81,0.0,0
16937,2026-06-20,Referral,/home,13,12,0.3815,152.5,2.52,0.0,0
13278,2026-04-07,Direct,/pricing,7,6,0.2239,194.5,3.47,0.0,0
15074,2026-05-13,Direct,/checkout,2,2,0.1624,251.8,4.19,0.0,0
11411,2026-03-01,Paid Search,/checkout,4,4,0.3492,187.8,2.15,0.0,0
11721,2026-03-07,Social,/product/running-shoes,12,11,0.5871,151.3,2.51,0.0,0
10980,2026-02-20,Social,/contact,6,5,0.7674,73.5,1.0,0.0,0
11876,2026-03-10,Social,/checkout,3,2,0.3935,79.8,2.85,1.0,1
18947,2026-07-30,Social,/pricing,8,8,0.4669,108.0,2.32,0.0,0
10784,2026-02-16,Direct,/home,14,12,0.2404,203.4,3.7,0.0,1
13386,2026-04-10,Organic Search,/about-us,12,11,0.5228,165.2,1.78,0.0,0
17097,2026-06-23,Social,/product/running-shoes,14,13,0.5287,102.8,2.03,1.0,1
12001,2026-03-13,Paid Search,/blog/summer-sale-guide,9,9,0.7029,251.6,1.54,0.0,0
17249,2026-06-26,Social,/blog/summer-sale-guide,12,10,0.7608,169.9,1.96,,0
10693,2026-02-14,Direct,/about-us,5,5,0.437,167.2,2.87,0.0,0
13238,2026-04-07,Organic Search,/pricing,16,14,0.3514,270.2,3.42,1.0,1
17287,2026-06-27,Referral,/product/backpacks,8,7,0.4137,199.7,2.26,0.0,0
18906,2026-07-29,Direct,/contact,7,6,0.6509,184.2,2.13,0.0,0
14797,2026-05-08,Paid Search,/checkout,2,2,0.3374,205.9,3.47,0.0,1
10401,2026-02-09,Organic Search,/product/backpacks,20,17,0.3337,184.1,2.89,0.0,0
16481,2026-06-11,Paid Search,/product/backpacks,8,7,0.477,149.1,2.24,,0
10196,2026-02-04,Direct,/blog/summer-sale-guide,12,10,0.4768,251.3,1.8,0.0,0
15880,2026-05-30,Organic Search,/about-us,10,9,0.4979,97.4,2.79,2.0,3
12116,2026-03-15,Social,/product/running-shoes,14,13,0.5968,111.6,1.65,0.0,0
14633,2026-05-05,Organic Search,/blog/summer-sale-guide,22,21,0.6197,247.8,2.31,2.0,2
12097,2026-03-15,Paid Search,/product/winter-jackets,6,6,0.3578,158.6,2.34,0.0,0
12824,2026-03-29,Direct,/product/winter-jackets,9,8,0.2954,204.6,3.24,1.0,2
15246,2026-05-17,Referral,/product/running-shoes,11,10,0.441,211.4,2.74,0.0,0
17837,2026-07-08,Referral,/blog/how-to-choose-running-shoes,13,12,0.5886,257.1,2.22,1.0,1
17802,2026-07-07,Social,/checkout,9,8,0.4733,140.1,2.42,0.0,0
13417,2026-04-10,Social,/contact,10,8,0.7884,58.5,,0.0,0
12432,2026-03-21,Direct,/pricing,2,2,0.356,221.4,3.17,0.0,0
16256,2026-06-06,Social,/about-us,4,4,0.6295,66.1,1.39,0.0,0
16969,2026-06-21,Organic Search,/product/winter-jackets,23,22,0.3855,225.7,2.25,1.0,2
17259,2026-06-26,Direct,/blog/summer-sale-guide,12,11,0.4739,244.9,,0.0,0
16248,2026-06-06,Referral,/pricing,7,6,0.3506,279.1,2.74,0.0,0
10473,2026-02-10,Referral,/blog/summer-sale-guide,5,4,0.6126,218.6,2.2,0.0,0
13208,2026-04-06,Referral,/pricing,3,3,0.2846,235.3,2.72,0.0,0
13160,2026-04-05,Social,/home,32,29,0.4762,113.3,2.46,3.0,3
12892,2026-03-31,Paid Search,/home,24,22,0.3998,130.2,2.61,1.0,2
18708,2026-07-25,Direct,/checkout,4,4,0.15,288.6,3.43,2.0,2
18977,2026-07-31,Paid Search,/pricing,8,7,0.5024,195.9,2.24,2.0,2
12840,2026-03-30,Organic Search,/pricing,18,17,0.2809,153.5,3.0,1.0,1
18961,2026-07-31,Organic Search,/product/winter-jackets,33,29,0.3854,240.8,3.05,1.0,3
12388,2026-03-21,Organic Search,/blog/how-to-choose-running-shoes,16,13,0.5656,260.9,1.44,0.0,0
10618,2026-02-13,Referral,/home,12,11,0.3733,207.1,2.51,0.0,0
16349,2026-06-08,Social,/home,16,15,0.5264,142.3,2.3,0.0,0
12601,2026-03-25,Paid Search,/contact,6,5,0.6254,67.7,2.09,0.0,0
10363,2026-02-08,Paid Search,/product/backpacks,4,3,0.4344,222.9,2.14,0.0,0
14303,2026-04-28,Referral,/blog/summer-sale-guide,11,10,0.5658,211.0,2.34,0.0,0
18724,2026-07-26,Paid Search,/blog/summer-sale-guide,7,6,0.5604,191.4,1.81,1.0,2
10073,2026-02-02,Referral,/product/winter-jackets,7,6,0.3336,211.7,3.18,1.0,1
11308,2026-02-27,Paid Search,/about-us,4,4,0.5558,114.3,1.7,0.0,0
12373,2026-03-20,Social,/checkout,2,2,0.3772,,2.78,0.0,0
11052,2026-02-22,Paid Search,/home,19,17,0.489,204.4,3.06,1.0,2
17348,2026-06-28,Social,/blog/summer-sale-guide,10,9,0.7611,127.1,1.0,0.0,0
12304,2026-03-19,Paid Search,/checkout,6,5,0.3698,202.7,2.66,0.0,0
13519,2026-04-12,Direct,/home,15,14,0.3167,201.4,3.24,0.0,0
13491,2026-04-12,Paid Search,/product/winter-jackets,22,21,0.3975,193.1,2.9,0.0,0
11124,2026-02-23,Social,/product/winter-jackets,7,6,0.612,114.3,1.93,0.0,0
15239,2026-05-17,Paid Search,/blog/how-to-choose-running-shoes,11,10,0.6574,197.7,2.14,0.0,0
14063,2026-04-23,Social,/blog/summer-sale-guide,8,7,0.791,101.9,1.0,0.0,0
11511,2026-03-03,Referral,/home,15,14,0.2922,250.3,3.29,1.0,1
14801,2026-05-08,Referral,/product/backpacks,8,8,0.381,200.5,3.83,2.0,2
10877,2026-02-18,Social,/product/backpacks,7,6,0.5368,119.4,1.33,0.0,0
15191,2026-05-16,Paid Search,/about-us,6,5,0.5913,154.9,1.16,1.0,1
11276,2026-02-26,Social,/blog/how-to-choose-running-shoes,10,9,0.7086,142.9,1.0,0.0,0
10200,2026-02-04,Direct,/checkout,1,1,0.0717,,3.89,0.0,0
18268,2026-07-17,Organic Search,/about-us,18,17,0.454,111.6,2.63,0.0,0
12065,2026-03-14,Social,/home,21,20,0.5695,88.6,1.17,0.0,0
18255,2026-07-16,Direct,/product/backpacks,6,5,0.3279,175.7,2.56,0.0,1
13070,2026-04-03,Social,/pricing,10,10,0.4448,129.7,2.85,1.0,1
13384,2026-04-10,Organic Search,/blog/how-to-choose-running-shoes,33,30,0.4931,165.2,2.03,0.0,0
17358,2026-06-28,Direct,/blog/summer-sale-guide,10,8,0.6026,292.4,1.29,0.0,0
13149,2026-04-05,Paid Search,/pricing,13,11,0.4128,232.5,3.19,3.0,3
15981,2026-06-01,Organic Search,/checkout,6,5,0.2592,161.9,,1.0,2
12522,2026-03-23,Social,/pricing,12,10,0.4589,,1.62,0.0,0
15649,2026-05-25,Referral,/blog/summer-sale-guide,7,6,0.5218,277.4,2.31,0.0,1
11172,02-24-2026,Social,/home,25,24,0.5362,93.4,2.09,1.0,1
17295,2026-06-27,Social,/product/running-shoes,12,11,0.4619,134.4,1.85,0.0,0
16215,2026-06-05,Direct,/blog/how-to-choose-running-shoes,17,15,0.4259,268.5,2.85,0.0,0
18426,2026-07-20,Paid Search,/about-us,11,9,0.6275,84.9,1.31,1.0,1
10970,2026-02-20,Referral,/contact,3,3,0.6521,150.6,1.61,0.0,0
18402,2026-07-19,Direct,/product/winter-jackets,7,6,0.2867,205.5,3.31,0.0,0
14657,2026-05-05,Referral,/checkout,2,2,0.2118,279.0,4.19,0.0,0
10035,2026-02-01,Social,/blog/how-to-choose-running-shoes,7,6,0.6787,116.3,1.43,0.0,0
11234,2026-02-25,Direct,/product/winter-jackets,4,4,0.3579,231.0,3.02,0.0,0
14616,2026-05-04,Social,/pricing,4,3,0.5666,91.3,2.02,0.0,1
17647,2026-07-04,Social,/blog/how-to-choose-running-shoes,15,13,0.725,108.2,1.0,0.0,0
16183,2026-06-05,Paid Search,/product/winter-jackets,21,18,0.5472,176.3,2.01,4.0,5
17375,2026-06-29,Paid Search,/product/winter-jackets,13,12,0.3622,200.2,2.65,0.0,0
15613,2026-05-24,Social,/checkout,5,5,0.3891,124.1,2.97,1.0,1
11546,2026-03-04,Organic Search,/blog/summer-sale-guide,28,27,0.58,258.9,1.94,0.0,0
15489,2026-05-22,Paid Search,/blog/summer-sale-guide,10,8,0.707,192.0,1.83,0.0,0
18439,2026-07-20,Referral,/checkout,4,4,0.2851,223.0,2.98,0.0,0
10752,2026-02-16,Organic Search,/pricing,11,10,0.4083,179.8,,1.0,1
12099,2026-03-15,Paid Search,/blog/how-to-choose-running-shoes,9,9,0.6457,179.3,1.1,0.0,0
11187,2026-02-24,Direct,/blog/summer-sale-guide,8,7,0.4694,270.8,3.02,,0
18478,2026-07-21,Paid Search,/pricing,8,8,0.4069,178.7,2.8,0.0,0
15135,2026-05-15,Paid Search,/home,26,25,0.3825,196.4,2.82,1.0,1
15351,2026-05-19,Referral,/contact,6,6,0.5769,95.8,1.67,0.0,0
16444,2026-06-10,Referral,/blog/summer-sale-guide,10,9,0.5089,225.0,2.37,1.0,1
15063,2026-05-13,Social,/pricing,9,9,0.5167,120.1,2.23,0.0,2
13266,2026-04-07,Social,/about-us,10,9,0.6517,29.1,1.55,0.0,0
10698,2026-02-15,Organic Search,/product/running-shoes,14,12,0.3065,226.0,3.41,2.0,2
13207,2026-04-06,Referral,/contact,2,2,0.601,130.3,2.08,0.0,0
14440,2026-05-01,Paid Search,/product/winter-jackets,11,10,0.5262,133.5,2.4,0.0,0
13078,2026-04-03,Direct,/contact,2,2,0.5967,125.7,2.45,0.0,0
16328,2026-06-08,Organic Search,/checkout,8,7,0.2372,187.9,3.62,1.0,3
11676,2026-03-06,Social,/about-us,4,4,0.6018,85.5,2.96,0.0,0
18506,2026-07-21,Direct,/about-us,10,9,0.3804,178.5,2.55,0.0,1
14261,2026-04-27,Social,/product/backpacks,13,11,0.558,118.9,1.27,0.0,0
17254,2026-06-26,Direct,/home,16,14,0.2213,238.7,3.18,1.0,1
17784,2026-07-07,Referral,/product/running-shoes,18,15,0.3447,235.4,3.13,2.0,2
17788,2026-07-07,Referral,/blog/summer-sale-guide,10,10,0.6192,235.1,2.26,0.0,0
17882,2026-07-09,Paid Search,/checkout,6,6,0.3253,181.8,3.21,1.0,1
11126,2026-02-23,Social,/blog/how-to-choose-running-shoes,10,9,0.7254,153.7,1.28,0.0,0
15476,2026-05-22,Organic Search,/product/winter-jackets,21,18,0.4013,196.1,2.94,1.0,2
14425,2026-04-30,Direct,/contact,6,5,0.5358,142.3,2.18,0.0,0
17815,2026-07-08,Organic Search,/product/winter-jackets,28,24,0.3914,222.1,3.04,1.0,1
13440,2026-04-11,Paid Search,/home,42,39,0.4101,148.1,2.27,7.0,7
17790,2026-07-07,Referral,/contact,10,8,0.6251,165.5,1.56,0.0,1
11460,2026-03-02,Paid Search,/checkout,2,2,0.3104,196.6,3.01,0.0,0
11268,2026-02-26,Referral,/about-us,7,6,0.4775,249.2,2.55,0.0,0
11796,2026-03-09,Organic Search,/pricing,10,10,0.3876,205.9,3.08,1.0,2
16851,2026-06-18,Social,/blog/how-to-choose-running-shoes,14,14,0.7257,160.7,1.14,0.0,0
18981,2026-07-31,Referral,/product/winter-jackets,10,9,0.3895,248.0,2.69,1.0,1
17534,2026-07-02,Referral,/product/running-shoes,13,12,0.312,163.6,3.44,0.0,1
16137,2026-06-04,Paid Search,/blog/summer-sale-guide,11,9,0.6551,158.5,,1.0,1
17846,2026-07-08,Social,/product/backpacks,9,8,,64.0,1.73,1.0,1
17084,2026-06-23,Paid Search,/pricing,7,6,0.5106,171.8,2.88,0.0,0
13405,2026-04-10,Referral,/blog/summer-sale-guide,12,10,0.5795,274.0,1.81,0.0,0
13629,2026-04-15,Organic Search,/home,51,47,0.4187,200.2,2.53,3.0,4
13680,2026-04-16,Organic Search,/product/running-shoes,44,37,0.4057,225.2,2.07,1.0,2
12895,2026-03-31,Paid Search,/product/backpacks,9,8,0.5255,141.0,1.7,0.0,1
10552,2026-02-12,Organic Search,/blog/how-to-choose-running-shoes,29,26,0.5581,357.9,2.12,4.0,4
11433,2026-03-01,Direct,/product/winter-jackets,4,3,0.3779,243.8,3.26,0.0,0
11057,2026-02-22,Paid Search,/blog/summer-sale-guide,8,7,0.7067,185.1,1.0,0.0,0
14614,2026-05-04,Social,/about-us,4,4,0.6143,75.3,1.68,0.0,0
18895,2026-07-29,Social,/about-us,8,8,0.6159,93.2,2.12,0.0,0
10789,2026-02-16,Direct,/blog/summer-sale-guide,8,8,0.4579,218.9,2.53,0.0,0
11425,2026-03-01,Social,/blog/how-to-choose-running-shoes,11,10,0.7518,,1.23,0.0,0
16576,2026-06-13,Organic Search,/pricing,10,9,0.251,182.6,3.65,0.0,0
16896,2026-06-19,Referral,/checkout,7,6,0.3029,212.3,3.59,1.0,1
10573,2026-02-12,Referral,/blog/summer-sale-guide,8,7,0.5138,207.2,2.05,0.0,0
15332,2026-05-19,Organic Search,/pricing,16,14,0.3711,208.1,2.58,1.0,1
18004,2026-07-11,Direct,/product/winter-jackets,9,8,0.2737,246.2,3.43,0.0,0
10187,2026-02-04,Social,/about-us,3,3,0.6586,96.9,1.17,0.0,0
18200,2026-07-15,Social,/pricing,8,7,0.5181,133.8,1.92,0.0,0
13392,2026-04-10,Paid Search,/product/winter-jackets,23,20,0.5263,151.9,1.43,0.0,0
10624,2026-02-13,Referral,/about-us,5,4,0.4475,166.0,2.26,1.0,1
11207,2026-02-25,Paid Search,/blog/summer-sale-guide,16,15,0.7251,223.7,1.0,0.0,0
11348,2026-02-28,Organic Search,/about-us,8,8,0.5202,148.0,1.96,0.0,0
10387,2026-02-08,Social,/checkout,6,6,0.3992,116.9,2.16,0.0,0
13020,2026-04-02,Social,/pricing,10,9,0.5662,136.2,2.02,3.0,3
13666,2026-04-15,Social,/contact,9,8,0.8617,45.4,1.0,0.0,0
18950,2026-07-30,Direct,/product/running-shoes,27,24,0.3439,249.2,2.9,3.0,3
16862,2026-06-18,Direct,/blog/summer-sale-guide,10,9,0.5953,212.7,,0.0,0
11537,2026-03-03,Direct,/about-us,4,3,0.4636,174.3,,0.0,0
18762,2026-07-27,Organic Search,/product/backpacks,17,16,0.4497,208.4,2.88,1.0,1
10037,2026-02-01,Social,/about-us,5,4,0.7353,19.3,1.0,0.0,0
18390,2026-07-19,Referral,/checkout,5,5,0.2337,197.4,3.27,1.0,1
15624,2026-05-25,Organic Search,/home,39,34,,228.7,2.15,0.0,1
13154,2026-04-05,Referral,/product/backpacks,3,3,0.3378,156.9,2.66,1.0,1
12453,2026-03-22,Paid Search,/checkout,1,1,0.2205,215.5,3.4,0.0,0
18365,2026-07-19,Organic Search,/blog/how-to-choose-running-shoes,28,24,0.5335,269.3,1.71,1.0,2
15309,2026-05-18,Social,/blog/summer-sale-guide,13,12,0.712,,1.17,0.0,0
10727,2026-02-15,Social,/product/backpacks,3,3,0.5294,114.2,2.59,0.0,0
15380,2026-05-20,Organic Search,/about-us,21,19,0.5925,193.0,1.86,0.0,1
15410,2026-05-20,Social,/about-us,8,7,0.7285,92.5,1.06,0.0,0
17318,2026-06-28,Organic Search,/blog/summer-sale-guide,20,19,0.7101,214.0,,2.0,3
17361,2026-06-28,Direct,/pricing,2,2,0.2124,247.7,3.06,0.0,0
16715,2026-06-15,Direct,/contact,1,1,0.5615,175.5,1.68,0.0,0
11088,2026-02-22,Direct,/about-us,1,1,0.4593,155.2,2.62,0.0,0
10579,2026-02-12,Social,/product/running-shoes,8,8,0.5128,111.1,2.44,0.0,0
16244,2026-06-06,Referral,/product/backpacks,3,3,0.4445,175.9,2.83,0.0,0
14471,2026-05-01,Direct,/product/backpacks,9,9,0.3876,213.2,2.65,0.0,0
12473,2026-03-22,Social,/checkout,4,3,0.4227,147.4,1.04,0.0,0
13310,2026-04-08,Social,/home,34,29,0.5058,111.5,2.45,0.0,0
13323,2026-04-08,Direct,/product/backpacks,8,7,0.2915,267.5,3.28,1.0,2
12718,2026-03-27,Social,/blog/how-to-choose-running-shoes,7,6,0.699,121.6,1.0,0.0,0
15709,2026-05-26,Social,/blog/summer-sale-guide,11,10,0.6769,169.7,1.21,1.0,2
17101,2026-06-23,Social,/blog/summer-sale-guide,7,6,0.8116,141.4,1.19,0.0,0
16355,2026-06-08,Social,/about-us,5,5,0.7455,13.1,1.13,0.0,0
17319,2026-06-28,Organic Search,/about-us,12,10,0.4884,184.9,2.64,1.0,1
15030,2026-05-13,Organic Search,/blog/summer-sale-guide,26,22,0.5289,199.4,2.22,0.0,1
15544,2026-05-23,Referral,/home,5,5,0.2698,179.2,3.6,0.0,0
13509,2026-04-12,Social,/home,28,24,0.4862,89.0,1.84,0.0,0
17923,2026-07-10,Paid Search,/product/running-shoes,18,17,0.425,177.7,1.68,1.0,2
14082,2026-04-24,Organic Search,/blog/how-to-choose-running-shoes,26,23,0.4834,280.7,2.04,1.0,1
12562,2026-03-24,Referral,/pricing,5,5,0.3513,223.0,2.43,0.0,0
11216,2026-02-25,Referral,/blog/how-to-choose-running-shoes,8,7,0.5294,278.7,2.24,0.0,0
11167,2026-02-24,Referral,/blog/summer-sale-guide,10,10,0.6004,231.3,2.0,0.0,1
17779,2026-07-07,Paid Search,/about-us,7,6,0.5722,121.8,1.8,0.0,0
16129,2026-06-04,Organic Search,/contact,16,15,0.5539,99.8,1.55,1.0,1
17268,2026-06-27,Organic Search,/blog/how-to-choose-running-shoes,20,18,0.4504,216.0,2.69,0.0,0
15264,2026-05-17,Direct,/home,16,14,0.2729,248.6,2.89,0.0,0
13708,2026-04-16,Referral,/checkout,7,6,0.278,250.7,3.6,0.0,0
12435,2026-03-22,Organic Search,/product/running-shoes,31,30,0.4318,204.4,2.26,2.0,4
13263,2026-04-07,Social,/product/backpacks,27,22,0.5402,71.1,2.27,1.0,1
10625,2026-02-13,Referral,/contact,3,3,0.5817,143.9,2.02,0.0,0
14680,2026-05-06,Organic Search,/product/winter-jackets,25,22,0.3585,234.6,2.92,,2
10587,2026-02-12,Social,/checkout,3,3,0.4136,148.4,2.99,0.0,0
11461,2026-03-02,Referral,/home,17,15,0.2793,155.8,3.43,0.0,0
14796,2026-05-08,Paid Search,/pricing,15,12,0.332,195.5,2.3,1.0,2
13540,2026-04-13,Paid Search,/product/running-shoes,33,31,0.483,243.3,2.04,5.0,5
17825,2026-07-08,Paid Search,/product/winter-jackets,16,14,0.4257,185.5,2.03,1.0,1
16329,2026-06-08,Paid Search,/home,22,19,0.4515,167.2,2.54,1.0,3
13833,2026-04-19,Organic Search,/blog/how-to-choose-running-shoes,21,19,0.585,234.9,1.29,0.0,0
13654,2026-04-15,Referral,/blog/summer-sale-guide,4,3,0.6777,240.7,1.73,1.0,1
13171,2026-04-05,Direct,/product/running-shoes,10,9,0.3553,280.3,2.79,2.0,2
11908,2026-03-11,Referral,/product/running-shoes,6,6,0.3642,185.7,2.95,0.0,0
12854,2026-03-30,Referral,/product/winter-jackets,8,7,0.3889,184.1,2.15,0.0,0
11033,2026-02-21,Direct,/product/running-shoes,7,6,0.3512,294.4,2.41,1.0,1
18256,2026-07-16,Direct,/blog/how-to-choose-running-shoes,11,9,0.4545,296.0,2.64,0.0,0
10827,2026-02-17,Social,/product/backpacks,12,11,0.5499,123.1,2.06,0.0,0
13130,2026-04-04,Direct,/checkout,1,1,0.1422,241.3,3.75,0.0,0
11361,2026-02-28,Paid Search,/checkout,2,2,0.2928,207.2,3.71,0.0,1
18756,2026-07-26,Direct,/contact,11,9,0.5316,157.5,2.11,0.0,0
18010,2026-07-11,Direct,/pricing,5,5,0.2321,244.5,3.85,0.0,0
18069,2026-07-13,Organic Search,/contact,15,13,0.5808,111.7,1.97,0.0,0
10392,"February 08, 2026",Direct,/blog/how-to-choose-running-shoes,11,9,0.4948,237.8,1.86,0.0,1
11973,2026-03-12,Social,/contact,1,1,0.8648,33.6,1.0,0.0,0
14080,2026-04-24,Organic Search,/product/winter-jackets,22,20,0.4171,,2.4,1.0,1
14137,2026-04-25,Organic Search,/checkout,8,8,0.2349,215.4,4.19,1.0,1
14113,2026-04-24,Social,/blog/summer-sale-guide,9,9,0.8636,80.3,1.0,0.0,0
13672,2026-04-15,Direct,/product/backpacks,12,11,0.3656,212.0,3.35,0.0,0
17575,2026-07-03,Paid Search,/product/winter-jackets,12,11,0.5058,164.6,1.99,,0
10438,2026-02-09,Direct,/home,18,16,0.3641,223.4,2.94,2.0,3
13060,2026-04-03,Referral,/pricing,-5,8,0.2567,265.3,2.94,1.0,1
13524,2026-04-12,Direct,/blog/summer-sale-guide,8,7,0.4633,261.4,2.9,0.0,0
12308,2026-03-19,Referral,/product/backpacks,8,7,0.3395,290.0,3.02,0.0,1
13176,2026-04-05,Direct,/about-us,6,6,0.4576,188.7,3.03,0.0,0
11969,2026-03-12,Social,/product/backpacks,8,7,0.5198,154.6,2.56,0.0,0
14247,2026-04-27,Paid Search,/checkout,4,3,0.3552,,3.18,0.0,0
15109,2026-05-14,Social,/blog/how-to-choose-running-shoes,11,10,0.6936,,1.55,0.0,0
12826,2026-03-29,Direct,/blog/how-to-choose-running-shoes,8,7,0.6133,286.4,,0.0,0
12500,2026-03-23,Paid Search,/about-us,4,4,0.5483,76.1,1.9,1.0,1
13262,2026-04-07,Social,/product/winter-jackets,24,22,0.5995,100.9,1.77,6.0,8
11755,2026-03-08,Paid Search,/about-us,4,4,0.5878,134.4,2.55,1.0,1
17066,2026-06-23,Organic Search,/home,37,34,0.4499,219.5,2.25,3.0,3
10815,2026-02-17,Referral,/product/running-shoes,15,13,0.4246,204.6,2.5,0.0,0
16194,2026-06-05,Referral,/product/backpacks,5,5,0.3541,233.1,2.64,0.0,0
13037,2026-04-03,Organic Search,/blog/summer-sale-guide,21,19,0.6848,284.3,1.47,1.0,1
16448,2026-06-10,Social,/home,21,19,0.3842,137.8,2.22,1.0,2
14294,2026-04-28,Paid Search,/about-us,7,6,0.627,133.4,1.75,0.0,0
16871,2026-06-19,Organic Search,/blog/how-to-choose-running-shoes,26,24,0.6235,292.2,1.28,1.0,1
13762,2026-04-17,Social,/product/backpacks,14,13,0.6244,132.2,1.79,0.0,0
17069,2026-06-23,Organic Search,/product/backpacks,28,25,0.372,194.3,2.14,3.0,3
17794,2026-07-07,Social,/product/running-shoes,17,16,0.6231,115.2,1.35,0.0,0
17383,29/06/2026,Referral,/home,12,10,,181.2,3.12,0.0,0
13450,2026-04-11,Referral,/home,10,10,0.4502,232.5,2.67,1.0,2
12011,2026-03-13,Referral,/blog/summer-sale-guide,4,3,0.5924,274.9,2.03,0.0,0
12770,2026-03-28,Social,/contact,6,5,0.7641,10.0,1.0,0.0,0
13596,2026-04-14,Paid Search,/contact,7,6,0.6808,100.8,1.16,0.0,0
16255,2026-06-06,Social,/blog/summer-sale-guide,4,3,0.8266,106.4,1.0,0.0,0
16195,2026-06-05,Referral,/blog/how-to-choose-running-shoes,11,10,0.57,276.0,1.55,0.0,0
13239,2026-04-07,Organic Search,/checkout,8,7,,222.9,3.62,1.0,2
15226,2026-05-17,Organic Search,/product/running-shoes,27,25,0.4783,250.6,2.61,2.0,2
11524,2026-03-03,Social,/product/backpacks,6,5,0.6124,101.5,1.63,0.0,0
16822,2026-06-18,Organic Search,/blog/summer-sale-guide,36,31,0.6029,246.6,1.74,1.0,1
17183,2026-06-25,Paid Search,/pricing,8,7,0.3754,188.6,2.56,2.0,2
16659,2026-06-14,Direct,/product/running-shoes,15,13,0.2802,252.8,3.83,1.0,1
17861,2026-07-08,Direct,/pricing,10,9,0.1773,274.6,3.98,1.0,1
13382,2026-04-10,Organic Search,/product/winter-jackets,23,19,0.4963,203.6,2.8,1.0,1
10566,2026-02-12,Paid Search,/pricing,5,4,0.4343,213.8,1.98,0.0,0
13725,2026-04-16,Direct,/about-us,3,3,0.476,182.2,2.76,0.0,0
10292,2026-02-06,Direct,/product/running-shoes,12,11,0.4276,241.5,2.76,2.0,3
11445,2026-03-02,Organic Search,/blog/how-to-choose-running-shoes,19,18,0.6325,223.1,1.28,,1
17334,2026-06-28,Referral,/product/running-shoes,12,11,0.3642,212.1,3.29,0.0,0
11864,2026-03-10,Referral,/contact,5,4,0.529,189.7,,1.0,1
10100,2026-02-02,Direct,/checkout,1,1,0.157,,3.31,1.0,1
17212,2026-06-25,Direct,/contact,4,4,0.5442,117.0,2.75,1.0,1
11756,2026-03-08,Paid Search,/contact,1,1,0.6499,72.3,2.28,0.0,0
10712,2026-02-15,Paid Search,/blog/summer-sale-guide,13,13,0.6882,234.3,1.32,2.0,2
16807,2026-06-17,Direct,/home,22,19,0.3874,224.6,2.81,2.0,3
14509,2026-05-02,Social,/product/running-shoes,6,5,0.5701,105.0,1.65,1.0,1
15949,2026-05-31,Referral,/contact,5,4,0.599,142.5,1.69,0.0,0
14283,2026-04-28,Organic Search,/blog/summer-sale-guide,24,22,0.552,273.8,1.72,0.0,0
12246,2026-03-18,Paid Search,/product/running-shoes,16,14,0.4286,152.8,2.54,,2
11283,2026-02-26,Direct,/product/running-shoes,10,10,0.321,205.9,2.36,0.0,0
16711,2026-06-15,Direct,/product/backpacks,6,5,0.4475,225.9,2.16,0.0,1
13317,2026-04-08,Social,/contact,6,6,,16.7,1.18,0.0,0
14866,2026-05-09,Social,/checkout,5,5,0.5104,198.5,1.89,1.0,1
12044,2026-03-14,Organic Search,/pricing,13,11,0.2981,203.8,3.55,1.0,3
13139,2026-04-05,Organic Search,/pricing,13,11,0.3204,181.3,2.49,3.0,3
14641,2026-05-05,Paid Search,/product/backpacks,8,7,0.4234,174.3,2.73,0.0,0
16692,2026-06-15,Referral,/blog/how-to-choose-running-shoes,6,5,0.5122,212.1,2.17,1.0,1
12438,2026-03-22,Organic Search,/blog/how-to-choose-running-shoes,26,21,0.5868,221.0,1.1,2.0,2
17182,2026-06-25,Paid Search,/contact,6,5,0.5927,121.7,1.74,0.0,0
11130,2026-02-23,Social,/pricing,7,6,0.4511,142.1,2.46,0.0,0
18194,2026-07-15,Social,/product/winter-jackets,14,13,0.5224,162.0,2.33,0.0,0
17190,2026-06-25,Referral,/blog/summer-sale-guide,5,4,0.5011,263.2,2.26,1.0,1
14138,2026-04-25,Paid Search,/home,20,18,0.4468,100.2,3.03,1.0,1
12957,2026-04-01,Referral,/blog/summer-sale-guide,10,10,0.5814,210.0,1.77,1.0,1
12669,2026-03-26,Social,/blog/summer-sale-guide,9,7,0.7654,106.3,1.72,0.0,0
11295,2026-02-27,Organic Search,/product/backpacks,18,15,0.435,190.3,1.91,0.0,3
11530,2026-03-03,Social,/checkout,7,6,0.4081,131.9,2.56,0.0,0
17092,2026-06-23,Referral,/about-us,10,9,0.4184,125.6,2.07,0.0,1
14597,2026-05-04,Paid Search,/checkout,5,5,0.3828,164.1,2.84,0.0,0
15029,2026-05-13,Organic Search,/blog/how-to-choose-running-shoes,33,31,0.6075,250.7,1.16,0.0,0
15491,2026-05-22,Paid Search,/contact,6,5,0.7652,82.7,1.2,0.0,1
18790,2026-07-27,Social,/product/running-shoes,22,21,0.6055,120.7,1.34,1.0,1
17001,2026-06-21,Social,/blog/how-to-choose-running-shoes,10,8,0.751,146.2,1.96,1.0,1
14894,2026-05-10,Paid Search,/contact,3,3,0.5838,114.9,1.87,0.0,0
15999,2026-06-01,Referral,/contact,5,5,0.6086,154.3,1.0,0.0,0
13712,2026-04-16,Social,/product/backpacks,16,14,0.587,78.9,1.79,,0
18386,2026-07-19,Referral,/blog/summer-sale-guide,8,7,0.5,240.8,2.54,0.0,0
16704,2026-06-15,Social,/about-us,8,7,0.7178,70.9,1.27,0.0,0
12661,2026-03-26,Referral,/contact,1,1,0.5452,116.6,2.68,0.0,0
13572,2026-04-13,Direct,/product/backpacks,5,4,0.375,195.9,2.52,1.0,1
14536,2026-05-03,Organic Search,/pricing,12,10,0.3355,209.5,2.53,3.0,3
11728,2026-03-07,Social,/pricing,5,4,0.4539,123.9,2.58,,0
11889,2026-03-11,Organic Search,/product/winter-jackets,23,21,0.4512,227.2,3.09,4.0,6
13223,2026-04-06,Direct,/product/backpacks,10,8,0.3884,259.5,2.81,0.0,0
17312,2026-06-27,Direct,/pricing,4,4,0.3098,319.0,3.24,0.0,1
15553,2026-05-23,Referral,/checkout,2,2,0.2874,260.5,2.75,0.0,0
17052,2026-06-22,Social,/about-us,5,4,0.6986,73.5,1.0,0.0,0
13265,2026-04-07,Social,/blog/summer-sale-guide,25,23,0.8328,141.9,1.0,0.0,0
11175,2026-02-24,Social,/product/backpacks,9,7,0.5503,84.8,2.79,0.0,0
17345,2026-06-28,Social,/product/winter-jackets,6,5,0.5707,136.8,1.2,0.0,0
14407,2026-04-30,Referral,/checkout,3,3,0.2364,229.9,3.65,0.0,0
10819,2026-02-17,Referral,/blog/summer-sale-guide,9,9,0.5825,170.1,1.48,0.0,0
13862,2026-04-19,Social,/product/backpacks,10,9,0.5227,122.1,3.01,0.0,0
12108,2026-03-15,Referral,/product/backpacks,7,7,0.3926,217.5,2.49,0.0,0
13536,2026-04-13,Organic Search,/contact,6,5,0.5667,132.8,1.39,0.0,0
11007,2026-02-21,Paid Search,/blog/summer-sale-guide,8,7,0.6154,113.5,1.4,0.0,0
11352,2026-02-28,Paid Search,/home,19,17,0.358,172.3,2.91,1.0,2
12538,2026-03-24,Organic Search,/blog/how-to-choose-running-shoes,32,29,0.5662,273.0,1.7,2.0,2
17231,2026-06-26,Paid Search,/about-us,8,7,0.5611,129.7,2.05,0.0,0
15093,2026-05-14,Paid Search,/pricing,8,7,0.3254,155.7,3.36,0.0,0
10258,2026-02-06,Organic Search,/contact,7,6,0.6251,112.0,1.7,0.0,0
16714,2026-06-15,Direct,/about-us,7,6,0.4274,176.7,2.16,0.0,0
16302,2026-06-07,Social,/product/winter-jackets,8,7,0.5121,67.0,1.95,0.0,0
14526,2026-05-02,Direct,/pricing,4,4,0.2126,228.7,3.53,0.0,0
14473,2026-05-01,Direct,/blog/summer-sale-guide,7,6,0.4669,282.1,2.39,0.0,0
17858,2026-07-08,Direct,/blog/summer-sale-guide,12,11,0.445,251.0,3.01,0.0,0
14804,2026-05-08,Referral,/about-us,6,5,0.6125,220.5,2.23,0.0,0
16239,2026-06-06,Paid Search,/pricing,9,8,0.3827,189.5,2.65,1.0,1
10688,2026-02-14,Direct,/product/running-shoes,9,8,0.3743,292.4,3.29,1.0,1
14341,2026-04-29,Paid Search,/product/backpacks,8,7,0.5479,217.8,2.21,0.0,0
13866,2026-04-19,Social,/contact,6,6,0.7249,33.0,1.0,0.0,0
17381,2026-06-29,Paid Search,/pricing,11,10,0.4456,185.5,2.66,0.0,0
16416,2026-06-09,Direct,/contact,7,6,0.4619,136.4,1.86,1.0,1
14019,2026-04-22,Direct,/home,27,25,0.2028,234.1,2.71,1.0,2
17702,2026-07-05,Social,/checkout,2,2,0.3828,116.2,2.42,0.0,0
11165,2026-02-24,Referral,/product/backpacks,6,5,0.3929,224.7,2.75,0.0,0
11398,2026-03-01,Organic Search,/about-us,15,13,0.5531,151.1,2.67,0.0,0
10060,2026-02-02,Organic Search,/checkout,8,7,0.369,225.7,2.12,0.0,1
10399,2026-02-09,Organic Search,/product/running-shoes,30,27,0.3842,168.2,3.33,1.0,1
15300,2026-05-18,Referral,/about-us,6,5,0.4794,188.3,2.69,0.0,0
15298,2026-05-18,Referral,/blog/how-to-choose-running-shoes,18,16,0.5551,269.1,1.58,2.0,2
15611,2026-05-24,Social,/contact,5,4,0.7649,61.0,1.11,0.0,0
11976,2026-03-12,Direct,/home,16,15,0.2969,210.1,3.25,0.0,1
15645,2026-05-25,Referral,/product/running-shoes,10,9,0.3883,207.4,2.68,1.0,1
16960,2026-06-20,Direct,/product/backpacks,8,8,0.3137,225.8,2.54,0.0,0
12423,2026-03-21,Social,/checkout,1,1,0.3983,119.2,2.81,0.0,0
12959,2026-04-01,Referral,/contact,5,4,0.6313,157.0,1.97,1.0,1
11993,2026-03-13,Organic Search,/contact,10,9,0.606,86.4,1.22,0.0,0
17810,2026-07-07,Direct,/contact,4,3,0.5405,162.7,2.3,0.0,0
14515,2026-05-02,Social,/contact,3,2,0.7822,15.1,1.61,0.0,0
16464,2026-06-10,Direct,/about-us,6,5,0.4068,157.8,3.22,0.0,0
16724,2026-06-16,Organic Search,/about-us,9,8,0.4643,121.6,2.19,0.0,0
10881,2026-02-18,Social,/contact,4,4,0.6508,24.2,1.71,0.0,0
17058,2026-06-22,Direct,/product/winter-jackets,9,8,0.3019,241.2,3.66,0.0,0
17918,2026-07-10,Organic Search,/about-us,15,14,0.502,132.8,2.02,0.0,0
16767,2026-06-16,Direct,/checkout,2,2,0.2303,291.7,3.97,0.0,0
14539,2026-05-03,Paid Search,/product/running-shoes,7,7,0.4174,188.0,2.61,0.0,0
10358,2026-02-08,Organic Search,/pricing,8,7,0.317,220.3,3.5,0.0,0
14281,2026-04-28,Organic Search,/product/backpacks,18,17,0.3694,189.9,2.64,2.0,2
17561,2026-07-02,Direct,/pricing,5,4,0.2789,238.4,2.27,1.0,1
18677,2026-07-25,Paid Search,/pricing,8,7,0.5239,206.5,1.79,1.0,1
12460,2026-03-22,Referral,/about-us,1,1,0.5338,142.6,1.54,,0
17193,2026-06-25,Referral,/pricing,2,2,0.3376,255.3,3.2,0.0,0
11228,2026-02-25,Social,/about-us,2,2,0.6543,66.7,1.46,0.0,0
14746,2026-05-07,Paid Search,/pricing,12,10,0.3903,236.6,3.78,,2
15468,2026-05-21,Direct,/blog/how-to-choose-running-shoes,11,9,0.5051,247.3,2.82,0.0,0
14637,2026-05-05,Organic Search,/checkout,7,6,0.2438,275.6,3.55,1.0,1
16150,2026-06-04,Referral,/checkout,4,4,0.1612,234.4,4.47,,0
14468,2026-05-01,Direct,/home,21,17,0.2695,249.1,2.9,3.0,5
16395,2026-06-09,Referral,/about-us,11,10,0.4158,192.0,2.22,0.0,0
14540,2026-05-03,Paid Search,/product/winter-jackets,10,9,0.4887,116.9,2.29,1.0,1
14253,2026-04-27,Referral,/blog/summer-sale-guide,5,4,0.5618,295.1,1.83,0.0,0
10775,2026-02-16,Social,/product/running-shoes,8,7,0.5249,106.3,2.22,0.0,1
12242,2026-03-18,Organic Search,/contact,12,11,,123.3,1.32,0.0,0
15777,2026-05-28,Organic Search,/product/backpacks,24,20,0.4807,204.2,1.7,1.0,2
17930,2026-07-10,Paid Search,/pricing,11,10,0.4302,149.1,3.55,0.0,0
10415,2026-02-09,Paid Search,/contact,3,3,0.6548,82.6,1.58,0.0,0
16945,2026-06-20,Referral,/pricing,5,4,0.3156,181.6,2.65,1.0,1
15088,2026-05-14,Paid Search,/product/backpacks,9,8,0.4398,176.7,1.77,0.0,0
13779,2026-04-18,Organic Search,/home,27,25,0.3454,227.7,3.52,0.0,0
16585,2026-06-13,Paid Search,/contact,4,3,0.6237,99.9,1.78,0.0,0
11572,2026-03-04,Social,/product/running-shoes,7,6,0.6402,119.9,1.73,0.0,0
17610,2026-07-03,Direct,/contact,6,5,0.6359,140.6,1.69,0.0,0
16413,2026-06-09,Direct,/blog/how-to-choose-running-shoes,15,12,0.4576,245.4,3.18,0.0,0
16440,2026-06-10,Referral,/product/running-shoes,17,15,0.3219,227.5,2.16,0.0,0
13226,2026-04-06,Direct,/about-us,8,8,0.517,225.8,1.63,0.0,0
16486,2026-06-11,Paid Search,/pricing,6,5,0.3825,191.7,2.84,0.0,0
17382,2026-06-29,Paid Search,/checkout,6,5,0.4144,140.8,2.85,1.0,1
12164,2026-03-16,Referral,/checkout,2,2,0.2288,,4.16,0.0,0
13900,2026-04-20,Referral,/product/running-shoes,18,15,0.4286,238.7,2.78,0.0,1
14446,2026-05-01,Paid Search,/pricing,12,11,0.4153,147.7,2.8,2.0,3
13007,2026-04-02,Referral,/blog/summer-sale-guide,5,5,0.5153,247.9,1.68,0.0,0
17599,2026-07-03,Social,/about-us,8,7,0.6856,95.3,1.0,,0
15698,2026-05-26,Referral,/blog/how-to-choose-running-shoes,12,11,0.5323,296.6,2.23,1.0,1
16274,2026-06-07,Organic Search,/blog/how-to-choose-running-shoes,27,24,0.5689,239.2,2.15,2.0,3
16434,2026-06-10,Paid Search,/blog/summer-sale-guide,18,16,0.6243,203.5,1.0,1.0,1
17247,2026-06-26,Social,/product/backpacks,9,8,0.6284,106.2,1.79,0.0,0
16280,2026-06-07,Paid Search,/home,21,18,0.4007,212.5,3.23,0.0,0
18165,2026-07-15,Organic Search,/product/backpacks,18,17,0.3722,132.5,2.4,1.0,1
12202,2026-03-17,Paid Search,/contact,3,3,0.6991,104.0,1.17,0.0,0
12787,2026-03-29,Organic Search,/blog/summer-sale-guide,10,9,0.5362,,2.33,0.0,0
11137,2026-02-23,Direct,/blog/summer-sale-guide,11,10,0.4749,251.4,3.05,0.0,0
17366,2026-06-29,Organic Search,/product/backpacks,13,12,0.466,194.4,2.42,0.0,0
10063,2026-02-02,Paid Search,/product/winter-jackets,11,10,0.4658,132.5,2.25,0.0,0
16915,2026-06-19,Direct,/pricing,6,5,0.2667,236.4,2.9,1.0,2
17531,2026-07-02,Paid Search,/pricing,9,8,0.4525,162.0,1.98,1.0,1
12814,2026-03-29,Social,/product/winter-jackets,12,11,0.5993,151.8,2.52,0.0,0
11722,2026-03-07,Social,/product/winter-jackets,7,6,0.5887,135.3,2.63,1.0,1
14027,2026-04-22,Direct,/pricing,5,4,0.2774,249.4,2.97,0.0,0
11867,2026-03-10,Social,/home,21,20,0.5837,141.3,1.99,0.0,0
12505,2026-03-23,Referral,/product/running-shoes,9,9,0.2622,204.2,3.57,0.0,0
15448,2026-05-21,Referral,/blog/how-to-choose-running-shoes,8,8,0.6023,316.4,1.5,0.0,1
17019,2026-06-22,Organic Search,/product/backpacks,17,15,0.2892,220.7,2.88,1.0,2
15162,2026-05-15,Social,/contact,2,2,0.7188,33.3,1.78,0.0,0
11508,2026-03-03,Paid Search,/contact,5,4,0.6742,85.7,,0.0,0
16243,2026-06-06,Referral,/product/winter-jackets,3,3,0.3882,130.2,2.82,1.0,1
17746,2026-07-06,Social,/product/backpacks,11,10,0.5807,107.8,2.24,0.0,0
16929,2026-06-20,Paid Search,/product/winter-jackets,10,8,0.4149,189.6,3.15,0.0,0
15230,2026-05-17,Organic Search,/blog/summer-sale-guide,24,23,0.6271,214.6,1.82,0.0,0
18413,2026-07-20,Organic Search,/product/backpacks,19,16,0.4514,121.6,2.99,2.0,2
10627,2026-02-13,Referral,/checkout,2,2,0.2744,289.5,3.33,0.0,0
14529,2026-05-03,Organic Search,/product/running-shoes,22,18,0.4487,126.8,2.03,1.0,2
15361,2026-05-19,Social,/contact,6,5,0.7732,63.5,1.0,0.0,0
12996,2026-04-02,Paid Search,/blog/how-to-choose-running-shoes,9,9,0.6309,237.8,1.6,0.0,0
16804,2026-06-17,Social,/contact,4,4,0.8045,14.5,1.0,0.0,0
11935,2026-03-11,Direct,/checkout,3,3,0.2165,218.0,3.47,1.0,1
17129,2026-06-24,Paid Search,/product/backpacks,13,11,0.4176,173.7,2.51,1.0,1
17495,2026-07-01,Social,/product/winter-jackets,14,13,0.7054,156.9,1.65,0.0,0
11394,2026-03-01,Organic Search,/product/winter-jackets,20,19,0.3856,204.4,2.86,2.0,2
17206,2026-06-25,Direct,/product/running-shoes,17,16,0.2293,227.0,3.58,0.0,0
12866,2026-03-30,Social,/blog/how-to-choose-running-shoes,13,11,0.7281,112.4,1.6,0.0,0
14184,2026-04-26,Organic Search,/about-us,17,16,0.6356,144.8,1.85,0.0,0
15509,2026-05-22,Social,/blog/summer-sale-guide,13,11,0.727,127.2,1.32,0.0,0
15474,2026-05-22,Organic Search,/home,63,55,0.2603,191.0,3.41,1.0,2
10440,2026-02-09,Direct,/product/winter-jackets,11,9,0.2809,201.5,3.27,0.0,0
13108,2026-04-04,Referral,/contact,2,2,0.6269,120.3,1.23,0.0,0
16456,2026-06-10,Social,/pricing,10,9,0.4925,180.5,2.21,0.0,0
11415,2026-03-01,Referral,/product/backpacks,4,3,0.2958,229.8,2.52,0.0,0
15734,2026-05-27,Paid Search,/home,25,22,0.4403,173.9,2.74,0.0,0
13198,2026-04-06,Paid Search,/pricing,16,14,0.3629,157.2,3.16,2.0,2
17465,2026-07-01,Organic Search,/product/winter-jackets,35,30,0.4707,177.4,2.28,4.0,4
16961,2026-06-20,Direct,/blog/how-to-choose-running-shoes,12,10,0.5025,299.8,1.99,1.0,1
12402,2026-03-21,Paid Search,/pricing,7,6,0.4148,194.3,2.39,1.0,1
13949,2026-04-21,Referral,/home,14,14,0.3042,149.4,3.91,1.0,1
17414,2026-06-30,Organic Search,/product/running-shoes,30,27,0.4442,192.4,2.92,4.0,4
15180,2026-05-16,Organic Search,/blog/summer-sale-guide,15,13,,284.0,1.93,0.0,0
16600,2026-06-13,Social,/product/winter-jackets,4,4,0.6484,130.7,1.3,0.0,0
12332,2026-03-19,Direct,/pricing,2,2,0.2098,179.0,3.9,0.0,0
11013,2026-02-21,Referral,/product/running-shoes,10,9,0.2714,238.4,3.32,0.0,0
13646,2026-04-15,Paid Search,/contact,17,16,0.6818,76.6,1.64,1.0,1
13515,2026-04-12,Social,/about-us,6,6,0.7438,46.5,1.0,0.0,0
12393,2026-03-21,Organic Search,/checkout,9,8,0.2576,229.4,3.66,1.0,2
18118,2026-07-14,Organic Search,/about-us,13,11,0.5209,168.7,2.52,0.0,0
12922,2026-03-31,Direct,/home,15,14,0.2785,257.4,2.99,0.0,0
12896,2026-03-31,Paid Search,/blog/how-to-choose-running-shoes,13,12,0.7342,206.0,2.01,0.0,0
12436,2026-03-22,Organic Search,/product/winter-jackets,17,16,0.4241,248.3,2.78,2.0,2
15167,2026-05-15,Direct,/product/winter-jackets,7,6,0.2887,246.6,2.73,1.0,1
14448,2026-05-01,Referral,/home,12,12,0.3097,160.2,2.85,0.0,0
18968,2026-07-31,Organic Search,/checkout,14,13,0.3553,197.2,2.5,,3
14968,2026-05-11,Direct,/product/backpacks,7,7,0.3021,270.5,3.02,1.0,3
16754,2026-06-16,Social,/about-us,4,4,0.6905,,1.16,0.0,0
16622,2026-06-14,Organic Search,/blog/how-to-choose-running-shoes,21,20,0.6071,268.0,1.55,0.0,0
13808,2026-04-18,Referral,/checkout,3,3,0.2244,205.0,3.09,0.0,0
10461,2026-02-10,Paid Search,/product/backpacks,12,10,0.5301,158.1,2.11,0.0,1
11637,2026-03-05,Direct,/contact,2,2,0.5549,158.1,2.11,0.0,0
10011,2026-02-01,Paid Search,/home,20,19,0.3734,170.9,1.97,1.0,3
15282,2026-05-18,Organic Search,/pricing,18,15,0.2987,240.3,3.17,2.0,2
14289,2026-04-28,Paid Search,/product/running-shoes,25,22,0.4167,172.2,3.11,4.0,5
16219,2026-06-05,Direct,/pricing,7,7,0.2907,243.2,3.35,0.0,0
11531,2026-03-03,Direct,/home,23,21,0.2459,232.3,3.64,2.0,2
14009,2026-04-22,Social,/home,19,16,0.5398,81.9,2.23,,0
10034,2026-02-01,Social,/product/backpacks,2,2,0.5476,109.9,1.37,0.0,0
11186,2026-02-24,Direct,/blog/how-to-choose-running-shoes,8,7,0.4983,277.8,1.99,0.0,0
12771,2026-03-28,Social,/pricing,7,6,0.5249,108.9,2.68,1.0,1
10992,2026-02-21,Organic Search,/home,42,38,0.3801,191.2,3.47,5.0,6
12100,2026-03-15,Paid Search,/blog/summer-sale-guide,7,6,0.6756,169.8,1.41,0.0,0
12923,2026-03-31,Direct,/product/running-shoes,15,13,0.3745,226.9,2.9,1.0,2
16492,2026-06-11,Referral,/blog/how-to-choose-running-shoes,14,13,0.548,231.7,1.93,0.0,0
16484,2026-06-11,Paid Search,/about-us,10,9,0.5235,129.6,2.13,0.0,0
15079,2026-05-14,Organic Search,/blog/how-to-choose-running-shoes,23,20,0.5639,226.7,3.01,0.0,0
17387,2026-06-29,Referral,/blog/how-to-choose-running-shoes,19,16,0.5576,276.9,1.88,0.0,0
13726,2026-04-16,Direct,/contact,5,5,0.4287,156.7,2.6,0.0,1
14505,2026-05-02,Referral,/contact,4,4,0.5849,104.1,2.19,0.0,0
14558,2026-05-03,Social,/home,17,15,0.4766,136.2,2.29,1.0,1
16911,2026-06-19,Direct,/blog/how-to-choose-running-shoes,18,16,0.4951,336.9,2.52,1.0,1
10266,2026-02-06,Paid Search,/blog/summer-sale-guide,11,10,0.6254,151.5,2.16,1.0,1
17518,2026-07-02,Organic Search,/blog/summer-sale-guide,20,18,0.54,217.1,1.74,0.0,0
11279,2026-02-26,Social,/contact,5,5,0.7747,10.0,1.34,0.0,0
10286,2026-02-06,Social,/blog/summer-sale-guide,8,8,0.7416,99.2,1.16,0.0,0
11121,2026-02-23,Referral,/checkout,2,2,0.2528,230.0,3.19,1.0,2
17426,2026-06-30,Paid Search,/product/backpacks,7,6,0.5114,146.6,2.71,0.0,0
15955,2026-05-31,Social,/product/backpacks,12,11,0.4809,97.4,2.39,2.0,2
18737,2026-07-26,Referral,/pricing,8,7,0.4028,292.7,2.04,1.0,2
18578,2026-07-23,Paid Search,/pricing,9,8,0.355,225.7,1.98,0.0,1
17542,2026-07-02,Referral,/checkout,6,6,0.2324,257.0,3.77,1.0,1
14723,2026-05-06,Direct,/blog/summer-sale-guide,10,9,0.4971,329.8,1.43,0.0,0
15294,2026-05-18,Referral,/home,19,18,0.4149,217.8,2.82,3.0,3
16461,2026-06-10,Direct,/product/backpacks,6,5,0.357,211.8,2.6,1.0,1
10227,2026-02-05,Referral,/about-us,5,4,0.4388,119.2,1.98,0.0,0
10645,2026-02-13,Direct,/contact,6,5,0.5273,186.4,1.86,0.0,0
18284,2026-07-17,Referral,/product/winter-jackets,16,15,0.5068,154.6,1.85,1.0,1
11047,2026-02-22,Organic Search,/blog/summer-sale-guide,24,21,0.5493,222.8,2.1,0.0,1
11127,2026-02-23,Social,/blog/summer-sale-guide,8,7,0.731,141.5,1.22,0.0,0
12481,2026-03-22,Direct,/contact,2,2,0.5896,195.2,1.84,0.0,0
17404,2026-06-29,Direct,/product/running-shoes,12,12,0.3774,303.8,2.83,2.0,2
11931,2026-03-11,Direct,/blog/summer-sale-guide,3,3,0.665,311.5,1.53,0.0,0
18962,2026-07-31,Organic Search,/product/backpacks,24,22,0.4391,155.0,2.94,0.0,0
15575,2026-05-24,Organic Search,/product/running-shoes,32,28,0.3448,182.0,3.27,1.0,3
16974,2026-06-21,Organic Search,/contact,7,6,0.5983,124.0,1.75,0.0,0
12137,2026-03-16,Organic Search,/product/winter-jackets,21,17,0.4609,171.2,2.52,1.0,1
15890,2026-05-30,Paid Search,/about-us,8,7,0.5952,107.9,1.48,1.0,1
18568,2026-07-23,Organic Search,/pricing,21,19,0.3842,181.7,3.15,1.0,2
15751,2026-05-27,Referral,/contact,3,3,0.5126,151.7,2.63,1.0,1
11873,2026-03-10,Social,/about-us,5,5,0.6029,83.4,1.84,0.0,0
11116,2026-02-23,Referral,/blog/how-to-choose-running-shoes,12,10,0.5231,296.4,1.81,0.0,0
16168,2026-06-04,Direct,/contact,8,7,0.4373,188.8,2.77,0.0,0
12217,2026-03-17,Social,/product/winter-jackets,14,11,0.6091,92.4,2.03,0.0,0
15977,2026-06-01,Organic Search,/blog/summer-sale-guide,31,29,0.593,289.1,1.95,1.0,1
12798,2026-03-29,Paid Search,/about-us,6,5,0.656,95.4,2.19,0.0,0
11784,2026-03-08,Direct,/about-us,5,5,0.4642,225.3,2.49,0.0,0
10464,2026-02-10,Paid Search,/about-us,8,7,0.5696,116.3,1.45,0.0,0
11229,2026-02-25,Social,/contact,7,6,0.8428,32.4,1.0,0.0,0
10975,2026-02-20,Social,/product/winter-jackets,9,8,0.5504,101.6,2.07,0.0,1
15608,2026-05-24,Social,/blog/how-to-choose-running-shoes,9,9,0.8131,119.4,1.1,0.0,0
10605,2026-02-13,Organic Search,/contact,12,10,0.6818,119.0,1.83,0.0,0
13748,2026-04-17,Paid Search,/checkout,11,10,0.4061,247.1,3.4,0.0,0
16494,2026-06-11,Referral,/about-us,7,7,0.5555,232.6,2.04,0.0,0
11903,2026-03-11,Paid Search,/about-us,2,2,0.5679,94.6,1.48,0.0,0
11250,2026-02-26,Organic Search,/pricing,17,15,0.3222,231.6,3.44,1.0,2
14414,2026-04-30,Social,/about-us,5,4,0.665,21.8,1.76,0.0,0
12336,2026-03-20,Organic Search,/product/winter-jackets,25,22,0.355,206.0,2.53,2.0,2
13029,2026-04-02,Direct,/contact,7,6,,132.9,2.09,2.0,2
12312,2026-03-19,Referral,/contact,2,2,0.641,163.4,1.58,0.0,0
13433,2026-04-11,Organic Search,/product/backpacks,12,11,0.3503,197.0,2.66,1.0,1
16472,2026-06-11,Organic Search,/blog/how-to-choose-running-shoes,26,22,0.5373,284.3,2.56,1.0,1
12876,30/03/2026,Direct,/blog/how-to-choose-running-shoes,11,10,0.4644,301.3,2.88,0.0,0
10078,2026-02-02,Referral,/contact,5,4,0.5578,150.7,1.98,0.0,0
17911,2026-07-09,Direct,/checkout,5,5,0.1947,259.5,3.3,1.0,1
12727,2026-03-27,Direct,/product/backpacks,6,5,0.3111,253.1,3.06,0.0,1
18463,2026-07-21,Organic Search,/product/backpacks,22,19,0.4817,214.1,2.18,2.0,2
11168,2026-02-24,Referral,/about-us,1,1,0.4835,137.3,2.38,0.0,0
14343,2026-04-29,Paid Search,/blog/summer-sale-guide,9,8,0.7485,159.9,1.0,0.0,0
14388,2026-04-30,Paid Search,/home,28,24,0.4401,206.5,2.3,3.0,3
16445,2026-06-10,Referral,/contact,5,5,0.5706,120.8,1.7,0.0,0
13984,2026-04-22,Organic Search,/blog/summer-sale-guide,25,22,0.6359,259.8,1.77,0.0,0
18820,2026-07-28,Paid Search,/product/running-shoes,14,13,0.4939,153.0,1.57,1.0,2
17737,2026-07-06,Referral,/blog/how-to-choose-running-shoes,14,12,0.5183,204.7,2.3,0.0,0
16332,2026-06-08,Paid Search,/product/backpacks,15,14,0.4486,194.9,2.7,0.0,1
14074,2026-04-23,Direct,/about-us,6,5,0.4152,183.7,2.53,0.0,0
17265,2026-06-27,Organic Search,/product/running-shoes,24,22,0.4404,204.1,2.15,3.0,3
13997,2026-04-22,Paid Search,/pricing,13,11,0.4468,138.4,2.17,1.0,1
13201,2026-04-06,Referral,/product/running-shoes,15,14,0.3814,281.3,,1.0,1
12117,2026-03-15,Social,/product/winter-jackets,5,4,0.5573,188.7,1.59,0.0,0
17355,2026-06-28,Direct,/product/winter-jackets,5,5,0.2947,227.0,3.66,1.0,1
16811,2026-06-17,Direct,/blog/how-to-choose-running-shoes,16,15,0.4556,292.1,,1.0,1
16449,2026-06-10,Social,/product/running-shoes,12,10,0.5861,152.0,1.76,0.0,0
16743,2026-06-16,Referral,/blog/summer-sale-guide,14,14,0.4849,245.6,2.04,1.0,1
17587,2026-07-03,Referral,/blog/how-to-choose-running-shoes,11,10,0.5642,228.4,1.35,0.0,0
11622,2026-03-05,Social,/product/winter-jackets,8,7,0.5841,141.2,2.15,0.0,1
10717,2026-02-15,Referral,/home,14,12,0.2654,199.7,3.7,1.0,2
14737,2026-05-07,Organic Search,/checkout,8,8,0.3027,219.1,3.93,2.0,2
16638,2026-06-14,Referral,/home,13,12,0.3109,217.2,2.76,1.0,1
10040,2026-02-01,Social,/checkout,3,3,0.3762,166.2,2.38,0.0,0
17530,2026-07-02,Paid Search,/contact,13,12,0.7294,77.0,1.0,1.0,1
16361,2026-06-08,Direct,/product/winter-jackets,6,5,0.3579,240.3,3.24,0.0,0
13075,2026-04-03,Direct,/product/backpacks,7,6,0.3186,307.5,3.27,0.0,0
12944,2026-04-01,Paid Search,/product/winter-jackets,9,8,0.4479,204.5,2.75,1.0,2
11709,2026-03-07,Paid Search,/checkout,3,3,0.356,165.1,2.93,0.0,0
13534,2026-04-13,Organic Search,/blog/summer-sale-guide,32,29,0.6397,215.8,1.77,0.0,0
10738,2026-02-15,Direct,/blog/how-to-choose-running-shoes,6,6,0.4889,272.5,2.99,0.0,0
15274,2026-05-18,Organic Search,/home,43,38,0.3892,201.9,2.53,0.0,1
11501,2026-03-03,Paid Search,/home,25,23,0.4541,126.9,1.88,1.0,1
11133,2026-02-23,Direct,/product/running-shoes,12,11,0.3609,263.2,2.5,,0
10153,2026-02-04,Organic Search,/product/winter-jackets,19,18,0.3508,210.8,,0.0,0
10886,2026-02-18,Direct,/product/winter-jackets,11,10,0.3168,237.3,3.18,0.0,0
17070,2026-06-23,Organic Search,/blog/how-to-choose-running-shoes,40,35,,226.4,2.54,0.0,0
15933,2026-05-31,Paid Search,/home,28,26,0.4141,103.3,3.33,1.0,2
17873,2026-07-09,Paid Search,/home,25,21,0.4106,181.9,3.24,1.0,2
10568,2026-02-12,Referral,/home,23,21,0.3252,200.4,3.15,0.0,0
11200,2026-02-25,Organic Search,/pricing,13,12,0.3793,239.1,2.9,0.0,0
11872,2026-03-10,Social,/blog/summer-sale-guide,13,11,0.6937,150.3,1.09,0.0,0
10519,2026-02-11,Referral,/product/running-shoes,13,12,0.471,269.6,2.81,1.0,3
14630,2026-05-05,Organic Search,/product/winter-jackets,30,25,0.3775,211.9,2.8,3.0,4
13595,2026-04-14,Paid Search,/about-us,11,9,0.4927,53.5,2.75,0.0,0
15368,2026-05-19,Direct,/blog/how-to-choose-running-shoes,11,10,0.549,276.6,1.87,1.0,1
10120,2026-02-03,Paid Search,/checkout,1,1,0.301,177.9,2.46,0.0,0
14712,2026-05-06,Social,/blog/how-to-choose-running-shoes,15,14,0.7137,147.4,1.0,0.0,0
12739,2026-03-28,Organic Search,/about-us,9,8,0.5242,173.3,2.28,0.0,1
10090,2026-02-02,Social,/checkout,4,3,0.43,113.6,,0.0,0
13628,2026-04-14,Direct,/checkout,7,6,0.1338,272.4,2.87,1.0,2
10677,2026-02-14,Social,/home,18,15,0.5293,134.0,2.97,1.0,2
13446,2026-04-11,Paid Search,/about-us,6,6,0.6047,88.8,1.28,0.0,0
12293,2026-03-19,Organic Search,/pricing,14,13,0.3969,208.1,2.35,0.0,0
11782,2026-03-08,Direct,/blog/how-to-choose-running-shoes,9,8,0.4972,236.4,1.96,0.0,0
13282,2026-04-08,Organic Search,/product/winter-jackets,20,17,0.4089,196.6,2.8,2.0,2
12478,2026-03-22,Direct,/blog/how-to-choose-running-shoes,10,9,0.4871,247.8,2.6,0.0,0
18159,2026-07-14,Direct,/contact,7,6,0.56,175.0,1.83,0.0,0
18038,2026-07-12,Referral,/about-us,6,5,0.5469,152.1,1.98,1.0,1
17311,2026-06-27,Direct,/contact,5,5,0.694,138.9,2.14,0.0,0
13894,2026-04-20,Paid Search,/blog/summer-sale-guide,22,19,0.6365,228.3,2.09,0.0,1
11169,2026-02-24,Referral,/contact,5,4,0.5457,155.8,2.14,0.0,0
14400,2026-04-30,Referral,/product/winter-jackets,12,11,0.4439,268.1,2.14,1.0,1
17516,2026-07-02,Organic Search,/product/backpacks,23,20,0.3726,145.1,3.02,1.0,2
14492,2026-05-02,Paid Search,/blog/how-to-choose-running-shoes,8,7,0.6164,234.8,1.72,0.0,1
14126,2026-04-24,Direct,/pricing,6,5,0.2712,239.9,3.52,0.0,0
12898,2026-03-31,Paid Search,/about-us,5,5,0.5749,104.3,1.52,1.0,1
15826,2026-05-29,Organic Search,/product/winter-jackets,21,19,0.3863,158.8,2.25,3.0,3
16601,2026-06-13,Social,/product/backpacks,8,7,0.5716,120.4,1.98,0.0,0
17840,2026-07-08,Referral,/contact,8,7,0.533,166.6,2.7,0.0,0
15336,2026-05-19,Paid Search,/product/winter-jackets,15,12,0.3817,167.4,2.78,2.0,2
18921,2026-07-30,Paid Search,/product/winter-jackets,19,18,0.4919,129.9,2.78,0.0,0
17373,2026-06-29,Paid Search,/home,39,34,0.522,191.8,2.43,0.0,1
10539,2026-02-11,Direct,/product/running-shoes,11,10,0.3754,249.7,2.59,0.0,1
15748,2026-05-27,Referral,/blog/how-to-choose-running-shoes,7,6,0.5503,222.7,2.14,1.0,1
13189,2026-04-06,Organic Search,/checkout,10,9,0.2831,186.1,3.5,2.0,2
15347,2026-05-19,Referral,/product/backpacks,7,7,0.3274,232.8,2.71,0.0,0
12290,2026-03-19,Organic Search,/blog/summer-sale-guide,24,20,0.6175,222.3,2.0,1.0,1
15813,2026-05-28,Social,/checkout,7,6,0.4401,119.6,2.86,1.0,1
12698,2026-03-27,Paid Search,/blog/how-to-choose-running-shoes,15,14,0.6578,214.9,1.72,2.0,2
14305,2026-04-28,Referral,/contact,5,4,0.6184,108.5,2.19,0.0,0
16607,2026-06-13,Social,/checkout,1,1,0.4536,76.2,2.45,0.0,0
16801,2026-06-17,Social,/blog/how-to-choose-running-shoes,12,10,0.7998,119.1,1.07,0.0,0
17327,2026-06-28,Paid Search,/blog/how-to-choose-running-shoes,17,15,0.6187,219.9,1.86,0.0,0
14560,2026-05-03,Social,/product/winter-jackets,6,5,0.5248,148.3,1.66,0.0,0
12296,2026-03-19,Paid Search,/product/running-shoes,25,21,0.4358,155.6,2.77,1.0,1
16342,2026-06-08, referral ,/product/backpacks,8,7,0.4841,249.2,2.85,0.0,0
16506,2026-06-11,Social,/pricing,10,10,0.458,18.5,2.07,1.0,2
15151,2026-05-15,Referral,/about-us,4,3,0.3793,192.0,3.03,0.0,0
17141,2026-06-24,Referral,/blog/summer-sale-guide,7,6,0.617,232.6,1.0,0.0,2
18685,2026-07-25,Referral,/about-us,5,4,0.5826,111.1,2.57,1.0,1
15863,2026-05-29,Social,/checkout,3,3,,115.2,3.21,0.0,0
12760,2026-03-28,Referral,/contact,3,3,0.5887,131.2,2.25,0.0,0
17107,2026-06-23,Direct,/product/running-shoes,20,19,0.339,231.9,3.24,0.0,1
13583,2026-04-14,Organic Search,/blog/how-to-choose-running-shoes,20,19,0.4796,239.3,3.03,2.0,2
18819,2026-07-28,Paid Search,/home,34,32,0.5346,169.8,2.42,0.0,2
12252,2026-03-18,Paid Search,/contact,8,7,0.6541,84.3,1.0,1.0,1
11182,2026-02-24,Direct,/home,19,16,0.2415,250.3,3.61,1.0,1
16145,2026-06-04,Referral,/product/backpacks,8,8,0.3632,242.9,3.37,0.0,0
17468,2026-07-01,Organic Search,/blog/summer-sale-guide,27,24,0.5411,201.1,2.03,0.0,0
15728,2026-05-27,Organic Search,/blog/how-to-choose-running-shoes,29,28,0.5294,280.7,1.75,2.0,2
17131,2026-06-24,Paid Search,/blog/summer-sale-guide,12,11,0.6177,188.2,1.8,0.0,0
18312,2026-07-18,Organic Search,/home,30,27,0.3717,196.8,3.0,1.0,1
14672,2026-05-05,Direct,/blog/how-to-choose-running-shoes,15,13,0.6513,319.2,1.79,0.0,0
11320,2026-02-27,Referral,/pricing,3,3,0.2773,216.2,3.04,0.0,0
12039,2026-03-14,Organic Search,/product/backpacks,16,14,0.4722,191.3,2.37,1.0,1
15384,2026-05-20,Paid Search,/home,25,21,0.4292,125.5,3.14,0.0,1
10669,2026-02-14,Referral,/product/running-shoes,9,8,0.4168,,2.69,,1
12897,2026-03-31,Paid Search,/blog/summer-sale-guide,7,6,0.648,162.0,1.42,0.0,0
12588,2026-03-25,Organic Search,/blog/how-to-choose-running-shoes,25,23,0.5332,226.0,2.26,1.0,1
17394,2026-06-29,Social,/product/running-shoes,25,23,0.6194,128.2,2.17,2.0,4
18948,2026-07-30,Social,/checkout,6,5,0.4271,130.4,2.59,0.0,0
16550,2026-06-12,Social,/product/winter-jackets,18,15,0.55,113.2,1.93,1.0,2
15194,2026-05-16,Paid Search,/checkout,6,6,0.3371,245.3,3.34,1.0,1
17098,2026-06-23,Social,/product/winter-jackets,11,10,0.5303,165.9,1.67,0.0,0
10022,2026-02-01,Referral,/product/running-shoes,3,3,0.3808,188.7,2.99,0.0,0
13639,2026-04-15,Paid Search,/home,49,42,0.3951,139.7,2.21,5.0,5
18787,2026-07-27,Referral,/pricing,6,6,0.2565,171.0,3.15,1.0,1
17151,2026-06-24,Social,/about-us,10,8,0.7203,66.7,1.06,0.0,0
17210,2026-06-25,Direct,/blog/summer-sale-guide,2,2,0.4789,291.6,2.42,0.0,0
10974,2026-02-20,Social,/product/running-shoes,11,10,0.5637,78.9,1.05,0.0,0
14930,2026-05-11,Organic Search,/blog/how-to-choose-running-shoes,37,33,0.4989,224.6,2.45,0.0,0
16632,2026-06-14,Paid Search,/blog/how-to-choose-running-shoes,12,11,0.604,211.3,1.94,0.0,2
10821,2026-02-17,Referral,/contact,3,3,0.6109,158.3,1.96,0.0,0
11089,2026-02-22,Direct,/contact,4,3,0.6541,79.8,1.57,0.0,0
10744,2026-02-16,Organic Search,/home,41,38,0.4156,228.1,1.78,1.0,1
13610,2026-04-14,Social,/product/running-shoes,33,31,0.4951,122.4,2.6,0.0,0
13005,2026-04-02,Referral,/product/backpacks,5,5,0.4192,194.5,3.22,1.0,1
14043,2026-04-23,Paid Search,/blog/how-to-choose-running-shoes,14,13,0.5633,230.7,2.17,1.0,1
16381,2026-06-09,Paid Search,/product/winter-jackets,11,10,0.4841,124.2,2.3,0.0,1
18003,2026-07-11,Direct,/product/running-shoes,10,8,0.2668,247.0,3.77,0.0,0
12198,2026-03-17,Paid Search,/product/backpacks,7,6,0.5616,171.3,2.63,0.0,0
18305,2026-07-17,Direct,/product/backpacks,12,10,,256.4,2.87,2.0,2
10167,2026-02-04,Paid Search,/about-us,3,3,0.7152,122.9,1.0,0.0,0
18302,2026-07-17,Direct,/home,22,21,0.2736,246.3,3.25,1.0,1
16641,2026-06-14,Referral,/product/backpacks,6,5,0.4421,250.5,2.45,0.0,0
17457,2026-06-30,Direct,/blog/how-to-choose-running-shoes,9,7,0.4372,222.2,3.4,0.0,0
12793,2026-03-29,Paid Search,/product/running-shoes,17,14,0.4351,171.9,2.25,2.0,3
12295,2026-03-19,Paid Search,/home,23,22,0.4948,136.4,1.97,,1
11741,2026-03-08,Organic Search,/product/winter-jackets,20,18,0.4928,144.3,2.85,1.0,1
13391,2026-04-10,Paid Search,/product/running-shoes,34,32,0.3666,179.7,3.51,1.0,1
17512,2026-07-01,Direct,/checkout,1,1,0.1946,230.3,3.69,0.0,0
15005,2026-05-12,Social,/home,19,18,0.4515,82.2,2.65,0.0,0
14883,2026-05-10,Organic Search,/about-us,11,10,0.5634,148.1,2.48,0.0,0
15985,2026-06-01,Paid Search,/product/backpacks,6,6,0.4898,163.2,1.74,1.0,1
15174,2026-05-15,Direct,/checkout,9,8,0.2381,260.8,2.99,1.0,1
15543,2026-05-23,Paid Search,/checkout,7,6,0.287,167.5,3.42,0.0,0
11304,2026-02-27,Paid Search,/product/winter-jackets,12,10,0.4116,182.5,2.54,1.0,1
10956,2026-02-20,Paid Search,/product/backpacks,10,9,0.4316,151.0,2.46,0.0,0
14427,2026-04-30,Direct,/checkout,5,4,0.1729,211.6,3.42,1.0,1
15357,2026-05-19,Social,/product/backpacks,6,5,0.5734,,1.78,0.0,0
18748,2026-07-26,Social,/checkout,4,4,0.4392,135.3,2.19,0.0,0
17723,2026-07-06,Paid Search,/home,35,31,0.4797,129.8,1.89,4.0,4
16089,2026-06-03,Paid Search,/contact,2,2,0.6388,104.7,1.56,1.0,1
14479,2026-05-02,Organic Search,/product/running-shoes,28,26,0.4178,226.2,2.46,2.0,3
15925,2026-05-31,Organic Search,/product/winter-jackets,24,20,0.4058,229.1,2.9,1.0,1
12952,2026-04-01,Referral,/home,17,14,0.4204,248.1,,1.0,1
10662,2026-02-14,Paid Search,/blog/how-to-choose-running-shoes,11,10,0.6058,206.1,2.05,1.0,1
15121,2026-05-14,Direct,/about-us,7,6,0.4058,167.8,2.72,1.0,1
17035,2026-06-22,Paid Search,/checkout,6,5,0.3474,200.5,2.56,1.0,1
12651,2026-03-26,Paid Search,/contact,6,6,0.6742,68.4,1.26,1.0,1
16909,2026-06-19,Direct,/product/winter-jackets,16,15,0.4318,229.2,2.54,0.0,0
18257,2026-07-16,Direct,/blog/summer-sale-guide,6,5,0.5765,264.2,2.02,1.0,1
15258,2026-05-17,Social,/blog/how-to-choose-running-shoes,6,5,0.7044,120.9,2.08,0.0,0
18433,2026-07-20,Referral,/product/backpacks,8,7,0.3982,197.4,3.04,0.0,0
11466,2026-03-02,Referral,/blog/summer-sale-guide,6,5,0.632,251.9,1.57,0.0,0
15413,2026-05-20,Social,/checkout,6,5,0.5195,168.0,2.12,1.0,1
12173,2026-03-16,Social,/pricing,9,8,0.4196,48.8,2.34,0.0,0
17064,2026-06-22,Direct,/pricing,7,7,0.2321,262.7,3.1,2.0,2
16058,2026-06-02,Social,/about-us,8,7,0.7758,49.3,1.14,0.0,0
14376,2026-04-29,Direct,/pricing,8,7,0.381,294.5,2.8,2.0,3
18348,2026-07-18,Social,/contact,3,3,0.6923,10.0,2.06,,0
10482,2026-02-10,Social,/blog/how-to-choose-running-shoes,12,11,0.7022,124.1,1.0,1.0,1
15487,2026-05-22,Paid Search,/product/backpacks,11,10,0.4908,172.5,2.87,0.0,3
10152,2026-02-04,Organic Search,/product/running-shoes,31,29,0.4284,143.7,2.4,0.0,1
14153,2026-04-25,Referral,/blog/summer-sale-guide,1,1,0.518,158.0,2.71,0.0,0
15655,2026-05-25,Social,/product/running-shoes,17,15,0.5972,75.7,1.78,0.0,0
14208,2026-04-26,Social,/home,15,13,0.4615,88.4,2.27,0.0,0
17678,2026-07-05,Paid Search,/blog/summer-sale-guide,10,10,0.6425,165.5,1.13,0.0,0
12551,2026-03-24,Paid Search,/contact,9,8,0.7254,74.4,1.21,0.0,1
15098,2026-05-14,Referral,/product/backpacks,3,3,0.3488,270.8,3.2,0.0,0
15306,2026-05-18,Social,/product/winter-jackets,17,14,0.6115,129.2,1.92,0.0,1
15400,2026-05-20,Referral,/about-us,4,4,0.5131,160.2,2.86,0.0,0
18657,2026-07-24,Direct,/pricing,8,7,0.2739,170.8,3.66,1.0,1
13302,2026-04-08,Referral,/product/winter-jackets,5,5,0.3643,224.7,2.53,0.0,0
11630,2026-03-05,Direct,/home,22,19,0.3152,230.0,2.76,0.0,0
12681,2026-03-26,Direct,/contact,5,5,0.4997,121.0,1.86,0.0,0
13526,2026-04-12,Direct,/contact,7,6,0.5674,92.6,1.88,0.0,0
18776,2026-07-27,Paid Search,/contact,5,4,0.6321,40.7,1.45,1.0,1
17033,2026-06-22,Paid Search,/contact,7,7,0.5673,51.9,1.46,0.0,0
11092,2026-02-23,Organic Search,/home,39,37,0.3331,218.6,3.17,3.0,3
18123,2026-07-14,Paid Search,/product/running-shoes,14,13,0.5458,194.6,2.42,0.0,1
12617,2026-03-25,Social,/product/backpacks,4,3,0.6317,121.3,2.16,1.0,1
15800,2026-05-28,Referral,/about-us,5,5,0.5336,155.7,1.56,0.0,0
12965,2026-04-01,Social,/product/backpacks,11,9,0.4672,107.3,3.05,1.0,1
10520,2026-02-11,Referral,/product/winter-jackets,5,5,0.3831,161.9,2.5,0.0,0
16052,2026-06-02,Social,/home,22,19,0.5538,146.3,2.09,0.0,0
14553,2026-05-03,Referral,/blog/summer-sale-guide,13,11,0.6615,257.8,1.65,1.0,2
17005,2026-06-21,Social,/pricing,1,1,0.462,173.5,2.88,0.0,0
16090,2026-06-03,Paid Search,/pricing,7,6,0.4712,240.8,2.46,0.0,0
13883,2026-04-20,Organic Search,/blog/how-to-choose-running-shoes,40,35,0.6313,269.4,1.75,1.0,2
15333,2026-05-19,Organic Search,/checkout,6,5,0.2617,260.7,2.6,1.0,1
12710,2026-03-27,Referral,/about-us,4,3,0.5666,164.7,1.95,0.0,0
16927,2026-06-20,Paid Search,/home,22,21,0.4864,179.8,2.48,2.0,3
11424,2026-03-01,Social,/product/backpacks,13,13,0.5463,101.1,2.11,0.0,0
14806,2026-05-08,Referral,/checkout,2,2,0.2833,263.0,2.96,0.0,1
15511,2026-05-22,Social,/contact,6,5,0.8371,10.0,1.0,0.0,0
15385,2026-05-20,Paid Search,/product/running-shoes,15,13,0.4933,137.1,2.16,0.0,1
10849,2026-02-18,Organic Search,/blog/summer-sale-guide,16,13,0.6357,290.9,1.26,0.0,0
15466,2026-05-21,Direct,/product/winter-jackets,7,6,0.1955,189.3,3.9,1.0,1
16868,2026-06-19,Organic Search,/product/running-shoes,35,33,0.4728,203.5,3.02,0.0,1
16566,2026-06-12,Direct,/pricing,7,6,0.3644,257.7,3.04,0.0,0
13585,2026-04-14,Organic Search,/about-us,15,14,0.5387,82.7,2.31,0.0,0
18753,2026-07-26,Direct,/blog/how-to-choose-running-shoes,9,8,0.497,281.3,2.08,0.0,0
13602,2026-04-14,Referral,/product/backpacks,10,8,0.4108,206.8,2.9,0.0,1
13662,2026-04-15,Social,/product/backpacks,11,10,0.5131,127.8,2.05,0.0,0
13820,2026-04-18,Direct,/product/running-shoes,16,13,0.3648,234.2,2.41,0.0,0
11916,2026-03-11,Social,/home,18,15,0.6212,77.9,2.21,1.0,1
13599,2026-04-14,Referral,/home,14,12,,245.8,2.62,1.0,1
15923,2026-05-31,Organic Search,/home,34,28,0.3235,234.0,2.94,0.0,1
15633,2026-05-25,Organic Search,/checkout,13,12,0.2043,,3.69,1.0,1
12652,2026-03-26,Paid Search,/pricing,6,5,0.4181,189.9,2.54,0.0,0
13219,2026-04-06,Social,/checkout,3,2,0.4328,138.6,2.19,1.0,2
11863,2026-03-10,Referral,/about-us,5,5,0.4795,163.9,1.93,0.0,0
13082,2026-04-04,Organic Search,/product/running-shoes,22,21,0.4247,224.4,2.77,1.0,1
12695,2026-03-27,Paid Search,/product/running-shoes,17,14,0.4449,149.3,2.63,2.0,2
12368,2026-03-20,Social,/blog/how-to-choose-running-shoes,11,11,0.741,188.4,1.19,0.0,0
14618,2026-05-04,Direct,/home,11,9,0.3153,225.9,3.26,1.0,1
17245,2026-06-26,Social,/product/running-shoes,19,17,0.5191,77.7,2.91,0.0,0
10280,2026-02-06,Referral,/checkout,3,3,0.3031,253.0,3.17,0.0,0
16491,2026-06-11,Referral,/product/backpacks,6,6,0.373,204.3,2.74,2.0,2
10032,2026-02-01,Social,/product/running-shoes,13,12,0.5406,104.8,1.55,1.0,1
17705,2026-07-05,Direct,/product/winter-jackets,7,6,0.3599,228.9,3.32,1.0,1
14502,2026-05-02,Referral,/blog/how-to-choose-running-shoes,4,4,0.5153,251.7,3.08,0.0,0
10616,2026-02-13,Paid Search,/pricing,10,9,0.3857,,,2.0,2
13499,2026-04-12,Referral,/home,11,10,0.2852,182.8,2.93,0.0,1
10880,2026/02/18,Social,/about-us,6,5,0.7447,75.6,1.0,0.0,0
13257,2026-04-07,Referral,/contact,3,3,0.5476,163.2,2.04,0.0,0
14382,2026-04-30,Organic Search,/blog/how-to-choose-running-shoes,33,29,0.5794,194.4,1.69,1.0,3
13359,2026-04-09,Referral,/checkout,3,3,0.2011,236.2,3.73,0.0,0
12622,2026-03-25,Social,/pricing,7,6,0.437,170.3,2.16,1.0,1
15988,2026-06-01,Paid Search,/about-us,8,8,0.5478,160.7,2.55,0.0,0
14099,2026-04-24,Referral,/product/running-shoes,12,10,0.4422,261.5,2.22,2.0,2
10051,2026-02-02,Organic Search,/home,44,36,0.4093,226.4,2.05,1.0,1
10753,2026-02-16,Organic Search,/checkout,12,11,0.2526,239.0,3.36,0.0,0
15536,2026-05-23,Paid Search,/product/winter-jackets,16,14,0.4858,205.9,2.71,1.0,1
10588,2026-02-12,Direct,/home,24,21,0.2524,218.1,2.94,4.0,6
13460,2026-04-11,Social,/home,28,24,0.4504,135.3,2.65,1.0,2
10743,2026-02-15,Direct,/checkout,5,5,0.2547,240.1,3.43,1.0,1
13840,2026-04-19,Paid Search,/product/running-shoes,22,21,0.3805,193.5,2.5,1.0,1
18853,2026-07-28,Direct,/blog/how-to-choose-running-shoes,11,11,0.577,333.4,1.22,0.0,0
10315,2026-02-07,Paid Search,/blog/how-to-choose-running-shoes,6,6,0.6567,162.3,1.98,0.0,0
12439,2026-03-22,Organic Search,/blog/summer-sale-guide,17,15,0.6267,261.8,1.36,0.0,0
10069,2026-02-02,Paid Search,/pricing,7,7,0.3758,174.1,2.42,0.0,0
13617,2026-04-14,Social,/pricing,17,15,0.4711,110.9,2.6,1.0,1
14918,2026-05-10,Direct,/product/winter-jackets,11,10,0.3468,251.0,3.35,0.0,0
17096,2026-06-23,Social,/home,25,23,0.4313,107.8,1.94,3.0,3
10937,2026-02-19,Direct,/blog/how-to-choose-running-shoes,6,6,0.47,240.2,2.11,0.0,0
17072,2026-06-23,Organic Search,/about-us,13,11,0.5218,165.8,2.08,0.0,0
15667,2026-05-25,Direct,/product/backpacks,4,3,0.3044,230.2,2.48,,0
18025,2026-07-12,Paid Search,/product/backpacks,7,6,0.5419,148.5,2.27,0.0,0
18641,2026-07-24,Social,/product/winter-jackets,15,13,0.6339,117.8,1.52,0.0,0
11861,2026-03-10,Referral,/blog/how-to-choose-running-shoes,10,9,0.5625,216.9,1.58,1.0,1
10567,2026-02-12,Paid Search,/checkout,10,9,0.2774,171.7,3.33,0.0,0
15251,2026-05-17,Referral,/about-us,5,5,0.4794,164.9,3.63,0.0,0
18576,2026-07-23,Paid Search,/about-us,5,5,0.6159,128.7,1.72,0.0,0
16705,2026-06-15,Social,/contact,7,6,0.765,18.0,1.0,0.0,0
18969,2026-07-31,Paid Search,/home,28,24,,160.4,1.72,0.0,0
12419,2026-03-21,Social,/blog/summer-sale-guide,10,8,0.8127,176.9,1.06,0.0,1
15477,2026-05-22,Organic Search,/product/backpacks,15,14,0.571,180.6,2.09,0.0,0
11777,2026-03-08,Social,/checkout,2,2,0.423,118.3,2.4,0.0,0
16874,2026-06-19,Organic Search,/contact,8,7,0.5592,91.6,2.02,0.0,0
10207,2026-02-05,Organic Search,/about-us,17,15,0.4964,188.7,2.45,0.0,0
12531,2026-03-23,Direct,/contact,7,6,0.5895,217.1,2.34,0.0,0
18073,2026-07-13,Paid Search,/product/running-shoes,21,20,0.4534,143.3,2.53,1.0,1
17822,2026-07-08,Organic Search,/checkout,14,13,0.3257,213.5,2.75,1.0,2
18281,2026-07-17,Paid Search,/checkout,7,6,0.3915,168.1,2.23,3.0,3
12823,2026-03-29,Direct,/product/running-shoes,8,7,0.2556,226.3,3.19,0.0,0
12140,2026-03-16,Organic Search,/blog/summer-sale-guide,14,12,0.6047,251.3,1.72,0.0,0
13988,2026-04-22,Organic Search,/checkout,13,12,0.3008,230.4,3.58,1.0,2
13389,2026-04-10,Organic Search,/checkout,10,9,0.3562,201.4,3.24,0.0,0
15449,2026-05-21,Referral,/blog/summer-sale-guide,8,8,0.4617,241.1,2.61,1.0,1
13422,2026-04-10,Direct,/product/winter-jackets,15,14,0.3487,275.9,3.16,1.0,2
17997,2026-07-11,Social,/blog/summer-sale-guide,12,11,0.7151,147.2,1.39,0.0,0
11787,2026-03-08,Direct,/checkout,2,2,0.1905,281.4,3.81,0.0,0
17528,2026-07-02,Paid Search,/blog/summer-sale-guide,16,14,0.6232,156.7,1.89,1.0,2
16570,2026-06-13,Organic Search,/product/winter-jackets,25,23,0.3326,177.3,3.22,0.0,0
15726,2026-05-27,Organic Search,/product/winter-jackets,25,23,0.4049,244.9,2.48,0.0,0
11029,2026-02-21,Social,/contact,2,2,0.7532,69.8,1.02,0.0,0
16727,2026-06-16,Organic Search,/checkout,7,6,0.2404,203.8,4.13,2.0,2
11080,2026-02-22,Social,/pricing,5,4,0.5538,143.5,2.42,0.0,0
11936,2026-03-12,Organic Search,/home,45,39,0.2912,211.9,3.15,1.0,3
11119,2026-02-23,Referral,/contact,1,1,0.6128,160.2,1.73,0.0,0
11230,2026-02-25,Social,/pricing,5,4,0.4873,112.9,1.71,0.0,0
17200,2026-06-25,Social,/blog/summer-sale-guide,15,13,0.7781,118.8,1.0,0.0,0
12874,2026-03-30,Direct,/product/winter-jackets,10,10,0.3444,246.8,2.37,0.0,0
14832,2026-05-09,Organic Search,/blog/summer-sale-guide,13,12,0.5283,227.1,1.77,1.0,1
18485,2026-07-21,Referral,/blog/summer-sale-guide,6,6,0.6117,188.8,2.0,1.0,1
13297,2026-04-08,Paid Search,/contact,11,10,0.7026,136.8,1.3,0.0,0
11225,2026-02-25,Social,/product/backpacks,5,5,0.5419,,1.78,0.0,0
16667,2026-06-14,Direct,/checkout,2,2,0.2075,250.6,3.77,0.0,0
10103,2026-02-03,Organic Search,/product/winter-jackets,25,23,,210.2,1.43,0.0,0
10466,2026-02-10,Paid Search,/pricing,8,7,0.4122,141.1,1.85,1.0,1
12847,2026-03-30,Paid Search,/blog/summer-sale-guide,11,10,0.7035,154.5,1.0,1.0,1
13118,2026-04-04,Social,/contact,5,4,0.8176,51.8,1.0,0.0,0
11649,2026-03-06,Organic Search,/checkout,6,5,0.3275,175.1,2.93,0.0,0
18292,2026-07-17,Social,/home,25,21,0.521,59.5,1.51,,2
13913,2026-04-20,Social,/blog/how-to-choose-running-shoes,23,19,0.7423,128.2,1.0,0.0,0
17829,2026-07-08,Paid Search,/about-us,12,11,0.5397,187.2,1.85,0.0,0
12220,2026-03-17,Social,/blog/summer-sale-guide,8,7,0.8563,130.9,1.0,0.0,0
10612,2026-02-13,Paid Search,/blog/how-to-choose-running-shoes,16,14,0.7174,227.9,1.49,0.0,0
11844,2026-03-10,Organic Search,/contact,5,5,0.606,132.2,2.28,0.0,0
10255,2026-02-06,Organic Search,/blog/how-to-choose-running-shoes,26,22,0.5705,307.2,1.9,1.0,1
12606,2026-03-25,Referral,/product/winter-jackets,7,6,0.2823,230.5,3.34,0.0,0
14534,2026-05-03,Organic Search,/about-us,8,7,0.4928,154.2,2.47,0.0,0
14369,2026-04-29,Direct,/product/running-shoes,13,12,0.2994,222.5,3.39,0.0,0
10681,2026-02-14,Social,/blog/how-to-choose-running-shoes,7,6,0.6838,166.7,1.13,0.0,0
14643,2026-05-05,Paid Search,/blog/summer-sale-guide,11,9,0.7088,190.5,1.01,1.0,2
12883,2026-03-31,Organic Search,/product/running-shoes,29,27,0.373,155.2,2.13,3.0,4
11758,2026-03-08,Referral,/home,10,9,0.3218,186.8,3.61,0.0,1
18745,2026-07-26,Social,/about-us,3,3,0.5866,120.9,1.92,0.0,0
17933,2026-07-10,Referral,/product/running-shoes,17,15,0.2905,233.1,3.57,3.0,3
14333,2026-04-29,Organic Search,/blog/summer-sale-guide,20,17,0.5655,240.5,1.48,1.0,1
18868,2026-07-29,Organic Search,/checkout,11,10,0.2888,160.8,3.09,1.0,2
12236,2026-03-18,Organic Search,/product/running-shoes,32,27,0.2933,192.3,3.26,1.0,1
14991,2026-05-12,Paid Search,/about-us,7,6,0.6142,70.2,1.83,0.0,0
17508,2026-07-01,Direct,/blog/summer-sale-guide,11,9,,279.4,2.43,0.0,0
10905,2026-02-19,Paid Search,/product/running-shoes,14,14,0.4461,168.0,3.51,2.0,2
15699,2026-05-26,Referral,/blog/summer-sale-guide,16,15,0.5759,223.0,1.48,1.0,1
11073,2026-02-22,Social,/product/running-shoes,14,13,0.6332,110.9,1.85,0.0,0
13978,2026-04-21,Direct,/checkout,3,3,0.2789,270.9,2.62,0.0,0
11345,2026-02-28,Organic Search,/product/backpacks,14,12,0.4209,230.0,1.74,,1
16066,2026-06-02,Direct,/blog/how-to-choose-running-shoes,9,8,0.5304,232.5,1.99,0.0,0
12476,2026-03-22,Direct,/product/winter-jackets,9,8,0.3787,247.1,3.0,2.0,2
14337,2026-04-29,Organic Search,/checkout,7,7,0.2975,222.4,3.34,1.0,2
17059,2026-06-22,Direct,/product/backpacks,4,4,0.275,168.4,3.6,0.0,0
16008,2026-06-01,Social,/about-us,3,3,0.6366,64.9,1.22,0.0,0
10564,2026-02-12,Paid Search,/about-us,13,12,0.5534,107.7,2.18,0.0,0
10529,2026-02-11,Social,/product/running-shoes,16,13,0.5056,123.4,2.39,0.0,0
12042,2026-03-14,Organic Search,/about-us,13,12,0.4871,168.8,2.59,0.0,0
10239,2026-02-05,Social,/pricing,1,1,0.5201,104.7,1.86,1.0,1
17939,2026-07-10,Referral,/contact,8,8,0.66,146.6,1.53,0.0,0
18723,2026-07-26,Paid Search,/blog/how-to-choose-running-shoes,12,11,0.5781,207.9,2.11,0.0,0
16828,2026-06-18,Paid Search,/product/running-shoes,30,25,0.4131,171.4,2.53,2.0,2
18532,2026-07-22,Referral,/product/winter-jackets,11,10,0.3773,256.3,2.91,0.0,0
15683,2026-05-26,Organic Search,/checkout,11,10,0.2271,233.7,3.71,1.0,1
18789,2026-07-27,Social,/home,25,22,0.5389,135.0,1.66,0.0,0
16578,2026-06-13,Paid Search,/home,28,27,0.3948,155.6,3.21,1.0,1
14334,2026-04-29,Organic Search,/about-us,10,10,0.4791,135.4,1.88,0.0,0
15533,2026-05-23,Organic Search,/checkout,5,4,0.1282,223.3,4.48,0.0,0
18843,2026-07-28,Social,/blog/how-to-choose-running-shoes,23,22,0.8,125.9,1.0,0.0,0
12812,2026-03-29,Social,/home,18,15,0.5142,87.5,2.37,1.0,1
17770,2026-07-07,Organic Search,/contact,9,9,0.6637,127.5,2.12,0.0,0
14699,2026-05-06,Referral,/product/running-shoes,14,13,0.251,184.3,3.48,0.0,0
13854,2026-04-19,Referral,/blog/summer-sale-guide,2,2,0.5565,268.8,1.9,0.0,0
18216,2026-07-16,Organic Search,/blog/how-to-choose-running-shoes,31,28,0.5236,197.9,2.24,1.0,1
11968,2026-03-12,Social,/product/winter-jackets,11,10,0.6024,112.7,1.23,2.0,2
14667,2026-05-05,Social,/checkout,4,3,0.4343,115.5,2.7,0.0,0
15866,2026-05-29,Direct,/product/winter-jackets,15,14,0.3924,252.7,,0.0,0
17423,2026-06-30,Paid Search,/home,22,20,0.3906,141.6,2.26,0.0,0
18926,2026-07-30,Paid Search,/contact,12,10,0.6236,57.7,1.54,0.0,0
13371,2026-04-09,Direct,/product/running-shoes,15,13,0.3918,267.0,2.61,1.0,1
11371,2026-02-28,Referral,/checkout,1,1,0.1513,217.3,3.43,0.0,0
12596,2026-03-25,Paid Search,/product/winter-jackets,14,12,0.4508,141.6,2.31,2.0,2
10778,2026-02-16,Social,/blog/how-to-choose-running-shoes,11,10,0.7137,175.3,1.0,0.0,0
10978,2026-02-20,Social,/blog/summer-sale-guide,9,8,0.7271,134.2,1.89,0.0,0
14084,2026-04-24,Organic Search,/about-us,17,14,0.5206,189.7,2.13,2.0,3
10720,2026-02-15,Referral,/product/backpacks,3,3,0.4237,314.4,2.72,0.0,0
16382,2026-06-09,Paid Search,/product/backpacks,11,9,0.432,130.6,2.6,1.0,1
16078,2026-06-03,Organic Search,/about-us,12,11,,112.7,2.46,0.0,0
16652,2026-06-14,Social,/blog/how-to-choose-running-shoes,13,11,0.7082,180.1,1.19,0.0,0
12250,2026-03-18,Paid Search,/blog/summer-sale-guide,10,9,0.6588,197.4,2.0,0.0,0
16463,2026-06-10,Direct,/blog/summer-sale-guide,8,7,0.5711,298.6,1.85,0.0,0
13521,2026-04-12,Direct,/product/winter-jackets,8,8,0.3383,279.8,3.09,0.0,0
14312,2026-04-28,Social,/blog/how-to-choose-running-shoes,10,9,0.7324,168.1,1.01,,0
11316,2026-02-27,Referral,/blog/how-to-choose-running-shoes,8,7,0.5745,202.7,1.28,0.0,0
15363,2026-05-19,Social,/checkout,6,5,0.3355,,3.26,1.0,1
16931,2026-06-20,Paid Search,/blog/how-to-choose-running-shoes,13,12,0.5186,200.5,1.9,0.0,2
13885,2026-04-20,Organic Search,/about-us,15,14,0.5383,143.7,2.73,0.0,0
15401,2026-05-20,Referral,/contact,6,5,0.5712,110.1,2.83,0.0,0
12404,2026-03-21,Referral,/home,7,6,0.2672,192.5,3.19,0.0,0
15356,2026-05-19,Social,/product/winter-jackets,17,15,0.547,163.6,1.78,0.0,1
18259,2026-07-16,Direct,/contact,7,7,0.5682,162.4,2.34,0.0,0
10858,2026-02-18,Paid Search,/blog/how-to-choose-running-shoes,20,17,0.6278,201.5,2.28,0.0,0
14557,2026-05-03,Referral,/checkout,1,1,0.1815,243.2,3.9,0.0,0
17922,2026-07-10,Paid Search,/home,27,24,0.4899,136.3,2.09,3.0,3
15848,2026-05-29,Referral,/blog/how-to-choose-running-shoes,5,4,0.5322,241.8,2.04,0.0,0
11960,2026-03-12,Referral,/blog/how-to-choose-running-shoes,16,14,0.6452,,1.3,0.0,1
17225,2026-06-26,Paid Search,/home,31,26,0.3944,183.0,2.55,0.0,1
17754,2026-07-06,Direct,/product/running-shoes,18,16,0.3865,266.3,3.2,1.0,1
11774,2026-03-08,Social,/about-us,5,4,0.6201,94.5,1.26,,0
12258,2026-03-18,Referral,/product/backpacks,3,3,0.3521,201.1,2.99,0.0,0
10853,2026-02-18,Organic Search,/checkout,10,10,0.3322,235.1,2.74,2.0,2
18697,2026-07-25,Social,/pricing,3,3,0.5313,146.2,2.52,0.0,0
10231,2026-02-05,Social,/home,13,12,0.5326,99.7,2.62,0.0,0
13818,2026-04-18,Social,/checkout,3,3,0.5201,130.3,2.52,0.0,0
15436,2026-05-21,Paid Search,/product/winter-jackets,18,16,0.4042,120.8,2.48,0.0,0
11273,2026-02-26,Social,/product/running-shoes,11,11,0.6512,85.5,2.13,0.0,0
14732,2026-05-07,Organic Search,/blog/how-to-choose-running-shoes,23,21,0.5613,191.0,1.48,1.0,1
11651,2026-03-06,Paid Search,/product/running-shoes,16,13,0.4367,196.6,3.22,2.0,3
14296,2026-04-28,Paid Search,/pricing,7,7,0.3463,209.0,3.18,1.0,2
15442,2026-05-21,Paid Search,/pricing,14,13,0.281,178.3,3.86,1.0,2
12171,2026-03-16,Social,/about-us,4,4,0.6781,87.7,1.33,0.0,0
15134,2026-05-15,Organic Search,/checkout,14,13,0.2787,249.3,3.31,1.0,2
16457,2026-06-10,Social,/checkout,5,4,0.3932,94.9,1.89,0.0,0
16681,2026-06-15,Paid Search,/product/backpacks,14,12,0.4007,,2.15,0.0,0
11760,2026-03-08,Referral,/product/winter-jackets,7,6,0.4088,231.7,2.86,0.0,0
14507,2026-05-02,Referral,/checkout,3,2,0.2382,238.9,3.32,0.0,0
18279,2026-07-17,Paid Search,/contact,12,10,0.6721,58.6,1.0,0.0,0
15345,2026-05-19,Referral,/product/running-shoes,18,17,0.3411,256.8,2.35,1.0,1
13148,2026-04-05,Paid Search,/contact,8,7,0.6373,96.2,1.19,0.0,0
13309,2026-04-08,Referral,/checkout,1,1,0.3007,226.7,3.11,1.0,1
12687,2026-03-27,Organic Search,/product/backpacks,12,11,0.4384,244.1,1.79,0.0,0
16565,2026-06-12,Direct,/contact,5,4,0.5556,143.8,2.05,0.0,0
10602,2026-02-13,Organic Search,/blog/how-to-choose-running-shoes,21,20,0.4856,287.5,2.51,0.0,1
11183,2026-02-24,Direct,/product/running-shoes,10,10,0.2691,248.6,3.77,1.0,1
16906,2026-06-19,Social,/checkout,4,4,0.3856,104.4,2.31,0.0,0
13210,2026-04-06,Social,/home,35,29,0.5347,130.4,2.57,0.0,0
10801,2026-02-17,Organic Search,/contact,12,10,0.6981,72.1,1.25,0.0,0
16695,2026-06-15,Referral,/contact,7,7,0.606,106.7,1.42,0.0,0
15330,2026-05-19,Organic Search,/about-us,13,12,0.4966,185.6,1.95,0.0,0
15965,2026-05-31,Direct,/product/backpacks,2,2,0.4235,229.6,2.52,0.0,0
11715,2026-03-07,Referral,/blog/summer-sale-guide,7,6,0.5899,287.4,2.26,0.0,0
11365,2026-02-28,Referral,/product/backpacks,6,5,0.4124,216.7,2.63,0.0,0
10933,2026-02-19,Direct,/home,14,12,0.291,210.2,2.67,0.0,1
18681,2026-07-25,Referral,/product/winter-jackets,4,3,0.3657,198.6,2.43,0.0,0
15423,2026-05-20,Direct,/checkout,7,6,0.1836,248.2,,1.0,1
10224,2026-02-05,Referral,/product/backpacks,5,5,0.319,169.2,3.25,1.0,1
18788,2026-07-27,Referral,/checkout,6,5,0.2525,206.1,3.53,0.0,1
16343,2026-06-08,Referral,/blog/how-to-choose-running-shoes,15,13,0.605,248.6,2.35,0.0,1
16398,2026-06-09,Referral,/checkout,5,4,0.2284,203.2,3.66,0.0,0
18263,2026-07-17,Organic Search,/product/running-shoes,36,32,0.403,220.1,2.67,1.0,2
13299,2026-04-08,Paid Search,/checkout,9,8,0.3294,182.4,3.21,1.0,1
10810,2026-02-17,Paid Search,/about-us,10,9,0.4603,92.1,2.38,0.0,0
14098,2026-04-24,Referral,/home,15,14,0.3774,202.7,3.13,1.0,2
12364,2026-03-20,Social,/home,15,14,0.5144,96.1,2.06,0.0,0
16738,2026-06-16,Referral,/home,20,19,0.3384,180.3,2.79,0.0,1
15085,2026-05-14,Paid Search,/home,24,21,0.3616,,3.52,1.0,1
14409,2026-04-30,Social,/product/running-shoes,17,14,0.4883,98.9,1.92,0.0,0
17547,2026-07-02,Social,/blog/how-to-choose-running-shoes,18,16,0.7422,149.5,1.15,0.0,0
15642,2026-05-25,Paid Search,/pricing,8,7,0.3694,142.4,2.68,1.0,1
17501,2026-07-01,Social,/pricing,14,12,0.3627,97.9,2.93,,0
10739,2026-02-15,Direct,/blog/summer-sale-guide,7,7,0.3975,288.3,3.15,0.0,0
11487,2026-03-02,Direct,/about-us,4,4,0.4097,213.4,2.48,0.0,0
18636,2026-07-24,Referral,/contact,6,5,0.6167,81.9,2.18,0.0,0
14598,2026-05-04,Referral,/home,21,18,0.3357,237.7,3.21,1.0,1
17654,2026-07-04,Direct,/product/running-shoes,12,10,0.3464,210.5,2.94,1.0,1
18987,2026-07-31,Referral,/pricing,5,4,0.3438,249.8,3.09,0.0,0
12964,2026-04-01,Social,/product/winter-jackets,13,11,0.6048,100.5,2.18,0.0,0
14531,2026-05-03,Organic Search,/product/backpacks,11,10,0.3457,214.4,2.36,0.0,0
16408,2026-06-09,Social,/checkout,10,9,0.4132,116.4,2.86,0.0,0
12338,2026-03-20,Organic Search,/blog/how-to-choose-running-shoes,28,24,0.476,232.6,2.38,1.0,2
10780,2026-02-16,Social,/about-us,4,4,0.7528,18.6,1.27,0.0,0
11261,2026-02-26,Paid Search,/checkout,10,10,0.386,208.6,2.78,1.0,1
12155,2026-03-16,Referral,/home,13,12,0.3712,162.2,3.12,0.0,0
15216,2026-05-16,Direct,/product/running-shoes,11,10,0.2346,259.5,3.28,0.0,0
10161,2026-02-04,Paid Search,/home,17,15,0.4135,158.3,3.01,1.0,1
11456,2026-03-02,Paid Search,/blog/summer-sale-guide,16,15,0.6876,196.6,1.34,1.0,1
15686,2026-05-26,Paid Search,/product/winter-jackets,13,13,0.5667,217.1,,0.0,0
16126,2026-06-04,Organic Search,/blog/how-to-choose-running-shoes,34,28,0.6417,235.9,1.33,0.0,1
12110,2026-03-15,Referral,/blog/summer-sale-guide,2,2,0.5186,279.7,2.23,0.0,0
17931,2026-07-10,Paid Search,/checkout,8,7,0.3357,179.6,3.05,0.0,1
18405,2026-07-19,Direct,/blog/summer-sale-guide,11,10,0.4568,239.3,2.05,0.0,0
18157,2026-07-14,Direct,/blog/summer-sale-guide,15,13,0.5952,253.5,1.51,0.0,0
13964,2026-04-21,Social,/blog/summer-sale-guide,8,7,0.711,148.5,1.55,0.0,0
13785,2026-04-18,Organic Search,/about-us,10,9,0.5382,203.2,2.21,0.0,0
14981,2026-05-12,Organic Search,/about-us,21,17,0.5324,152.2,2.18,0.0,0
17570,2026-07-03,Organic Search,/contact,12,10,0.5836,87.6,1.63,1.0,1
12038,2026-03-14,Organic Search,/product/winter-jackets,18,17,0.3542,219.2,2.58,0.0,0
15700,2026-05-26,Referral,/about-us,6,5,0.4547,172.6,2.71,,0
15627,2026-05-25,Organic Search,/product/backpacks,16,15,0.3714,270.3,1.9,0.0,0
13157,2026-04-05,Referral,/about-us,5,5,0.5453,203.4,1.59,0.0,0
13888,2026-04-20,Organic Search,/checkout,8,7,0.2673,256.4,3.48,0.0,0
17783,2026-07-07,Referral,/home,16,15,0.493,236.3,2.62,1.0,2
18664,2026-07-25,Organic Search,/blog/summer-sale-guide,24,21,0.5848,265.2,2.12,0.0,0
12849,2026-03-30,Paid Search,/contact,5,4,0.6394,111.3,1.58,0.0,0
18951,2026-07-30,Direct,/product/winter-jackets,13,12,0.3043,246.2,3.42,1.0,1
13372,2026-04-09,Direct,/product/winter-jackets,9,8,0.332,228.1,3.02,1.0,2
18058,2026-07-12,Direct,/about-us,4,3,0.4315,240.1,2.4,0.0,0
18239,2026-07-16,Referral,/contact,2,2,0.5414,109.2,1.54,0.0,0
18465,2026-07-21,Organic Search,/blog/summer-sale-guide,19,18,0.5867,251.9,2.03,0.0,0
11840,2026-03-10,Organic Search,/product/backpacks,18,17,0.4221,171.0,2.36,1.0,1
12571,2026-03-24,Social,/contact,6,6,0.7663,71.3,1.39,0.0,0
12618,2026-03-25,Social,/blog/how-to-choose-running-shoes,11,9,0.7164,206.6,1.29,0.0,0
18094,2026-07-13,Social,/product/winter-jackets,10,9,0.5768,111.1,1.84,0.0,0
11510,2026-03-03,Paid Search,/checkout,6,5,0.3262,177.0,2.4,1.0,1
14955,2026-05-11,Social,/home,21,20,0.5241,100.5,2.6,0.0,0
10297,2026-02-06,Direct,/about-us,8,8,0.4346,181.4,1.95,1.0,1
12774,2026-03-28,Direct,/product/running-shoes,10,9,0.2853,257.8,4.15,1.0,2
16959,2026-06-20,Direct,/product/winter-jackets,12,11,0.3043,251.1,3.34,0.0,0
13105,2026-04-04,Referral,/blog/how-to-choose-running-shoes,8,7,,233.6,1.83,0.0,0
18492,2026-07-21,Social,/product/winter-jackets,17,14,0.5896,121.6,1.72,0.0,0
18709,2026-07-26,Organic Search,/home,37,32,0.4086,178.1,3.04,3.0,4
16593,2026-06-13,Referral,/blog/summer-sale-guide,6,6,0.5762,236.9,2.26,0.0,0
18349,2026-07-18,Social,/pricing,7,6,0.5695,187.8,1.53,0.0,0
18935,2026-07-30,Referral,/about-us,4,4,0.4982,165.7,2.54,0.0,0
12122,2026-03-15,Social,/contact,4,4,0.7522,10.0,1.3,0.0,0
12321,2026-03-19,Social,/contact,5,5,0.8142,,1.09,0.0,0
14791,2026-05-08,Paid Search,/product/backpacks,9,8,0.5269,127.7,2.3,2.0,2
11654,2026-03-06,Paid Search,/blog/how-to-choose-running-shoes,14,12,-0.1,234.9,1.0,1.0,1
17357,2026-06-28,Direct,/blog/how-to-choose-running-shoes,10,9,0.4729,276.3,2.14,0.0,0
11560,2026-03-04,Paid Search,/checkout,9,9,0.3132,142.7,3.26,1.0,1
12720,2026-03-27,Social,/about-us,10,8,0.7452,54.7,1.22,0.0,0
12405,2026-03-21,Referral,/product/running-shoes,6,5,0.3067,187.7,2.94,0.0,0
14583,2026-05-04,Organic Search,/blog/summer-sale-guide,16,14,0.5993,236.5,1.87,1.0,1
15623,2026-05-24,Direct,/checkout,2,2,0.1881,265.8,3.58,0.0,0
17890,2026-07-09,Referral,/contact,7,6,0.5715,163.0,1.82,0.0,1
13906,2026-04-20,Referral,/contact,6,5,0.5205,189.3,,0.0,0
13071,2026-04-03,Social,/checkout,7,7,,136.4,2.83,1.0,1
10010,2026-02-01,Organic Search,/checkout,10,10,0.266,226.1,2.88,1.0,2
16315,2026-06-07,Direct,/about-us,1,1,0.2962,179.4,2.32,0.0,0
13956,2026-04-21,Referral,/contact,2,2,0.5739,,2.05,0.0,0
15146,2026-05-15,Referral,/product/running-shoes,12,10,0.2934,217.8,3.4,0.0,0
11100,2026-02-23,Organic Search,/pricing,23,20,0.3569,220.3,2.57,1.0,2
12697,2026-03-27,Paid Search,/product/backpacks,11,11,0.4676,187.4,2.7,0.0,0
15439,2026-05-21,Paid Search,/blog/summer-sale-guide,16,14,0.6614,271.7,2.05,,0
11339,2026-02-27,Direct,/contact,5,4,0.5028,199.5,2.21,0.0,0
17697,2026-07-05,Social,/blog/how-to-choose-running-shoes,13,11,0.7581,159.2,1.0,0.0,0
15590,2026-05-24,Paid Search,/about-us,5,5,0.6071,78.5,1.62,0.0,0
15759,2026-05-27,Social,/blog/summer-sale-guide,6,6,0.7841,147.9,1.0,0.0,0
14685,2026-05-06,Organic Search,/contact,15,14,0.5637,107.3,2.11,0.0,0
18379,2026-07-19,Paid Search,/pricing,9,8,0.3423,175.9,3.12,1.0,2
13454,2026-04-11,Referral,/blog/how-to-choose-running-shoes,8,7,0.5502,255.2,2.29,1.0,1
14961,2026-05-11,Social,/about-us,6,5,0.7337,86.7,1.0,0.0,0
17683,2026-07-05,Referral,/home,18,17,0.3125,227.4,3.15,,2
16555,2026-06-12,Social,/contact,4,4,0.8091,58.3,1.0,0.0,0
10894,2026-02-19,Organic Search,/home,37,36,0.368,200.3,2.66,2.0,2
18739,2026-07-26,Social,/home,18,15,0.479,71.8,2.76,1.0,1
13280,2026-04-08,Organic Search,/home,61,55,0.3333,178.8,3.24,3.0,4
12665,2026-03-26,Social,/product/running-shoes,17,15,0.578,173.0,2.06,1.0,1
18740,2026-07-26,Social,/product/running-shoes,13,12,0.6147,138.8,1.73,1.0,1
15280,2026-05-18,Organic Search,/about-us,19,16,0.486,179.0,2.44,0.0,0
12813,2026-03-29,Social,/product/running-shoes,7,6,0.4852,132.7,2.88,1.0,1
14109,2026-04-24,Social,/product/running-shoes,17,14,0.5907,177.7,2.41,0.0,0
14195,2026-04-26,Paid Search,/contact,6,6,0.6498,93.3,2.22,0.0,0
10340,2026-02-07,Social,/checkout,3,2,0.4141,187.2,3.24,0.0,0
13686,2026-04-16,Organic Search,/contact,13,11,0.5644,80.9,2.12,1.0,1
11719,2026-03-07,Referral,/checkout,1,1,0.309,184.8,3.55,1.0,1
12227,2026-03-17,Direct,/product/winter-jackets,6,6,0.3877,255.7,2.8,1.0,1
15016,2026-05-12,Direct,/product/running-shoes,8,7,,253.0,3.28,0.0,0
12520,2026-03-23,Social,/about-us,8,7,0.6184,33.1,2.19,0.0,0
17165,2026-06-25,Organic Search,/home,47,45,0.4128,217.9,2.17,1.0,3
11325,2026-02-27,Social,/product/backpacks,8,7,0.525,97.8,2.32,1.0,2
15952,2026-05-31,Social,/home,14,13,0.5438,124.0,1.49,0.0,0
18536,2026-07-22,Referral,/about-us,6,6,0.4149,161.3,2.75,0.0,0
12986,2026-04-02,Organic Search,/blog/how-to-choose-running-shoes,27,24,0.5834,282.8,2.48,0.0,2
12885,2026-03-31,Organic Search,/product/backpacks,17,14,0.3967,236.1,2.44,2.0,2
10108,2026-02-03,Organic Search,/contact,10,9,0.6816,142.6,2.12,1.0,1
13733,2026-04-17,Organic Search,/blog/how-to-choose-running-shoes,24,21,0.6626,250.7,1.35,2.0,2
16523,2026-06-12,Organic Search,/blog/summer-sale-guide,20,17,,184.4,1.43,0.0,1
10347,2026-02-07,Direct,/about-us,4,4,0.4951,172.9,2.29,0.0,0
10139,2026-02-03,Social,/pricing,6,6,0.4812,102.8,2.0,0.0,0
18244,2026-07-16,Social,/product/winter-jackets,8,7,0.581,101.4,2.1,0.0,0
16341,2026-06-08,Referral,/product/winter-jackets,8,7,0.3535,204.0,3.54,2.0,2
12488,2026-03-23,Organic Search,/blog/how-to-choose-running-shoes,29,27,0.523,244.8,2.39,1.0,2
18522,2026-07-22,Paid Search,/product/winter-jackets,19,17,,136.2,2.28,1.0,1
15876,2026-05-30,Organic Search,/product/winter-jackets,14,13,0.4674,184.7,1.27,1.0,1
14270,2026-04-27,Direct,/product/winter-jackets,12,10,0.3075,226.1,3.14,1.0,1
14679,2026-05-06,Organic Search,/product/running-shoes,35,31,0.4077,214.0,2.82,1.0,1
16290,2026-06-07,Referral,/home,14,12,0.229,224.2,3.04,0.0,0
14180,2026-04-26,Organic Search,/product/winter-jackets,13,11,0.3275,234.4,3.31,1.0,1
16572,2026-06-13,Organic Search,/blog/how-to-choose-running-shoes,23,21,0.602,263.7,1.92,0.0,1
10988,2026-02-20,Direct,/blog/summer-sale-guide,6,5,0.4425,245.9,2.63,0.0,0
12327,2026-03-19,Direct,/product/backpacks,8,7,0.3578,251.4,3.21,0.0,0
15921,2026-05-30,Direct,/pricing,7,6,0.1853,,4.78,1.0,1
16123,2026-06-04,Organic Search,/product/running-shoes,41,36,0.3552,243.0,3.45,4.0,5
12873,2026-03-30,Direct,/product/running-shoes,18,16,0.27,257.0,3.21,3.0,3
15941,2026-05-31,Paid Search,/pricing,12,10,0.3687,160.3,2.98,1.0,1
15565,2026-05-23,Direct,/product/running-shoes,10,9,0.321,250.5,2.78,1.0,2
10882,2026-02-18,Social,/pricing,10,9,0.5527,128.1,2.15,0.0,0
12466,2026-03-22,Social,/product/winter-jackets,4,4,0.6454,150.5,1.65,,0
18230,2026-07-16,Paid Search,/pricing,11,10,0.4287,174.5,2.52,1.0,1
15673,2026-05-25,Direct,/checkout,5,5,0.2402,293.7,3.11,0.0,0
11392,2026-03-01,Organic Search,/home,34,33,0.3912,222.5,1.89,0.0,0
10496,2026-02-10,Direct,/pricing,6,6,0.2826,283.0,3.4,0.0,1
13705,2026-04-16,Referral,/about-us,5,5,0.5535,235.2,2.53,0.0,0
12131,2026-03-15,Direct,/about-us,3,3,0.4221,171.7,2.64,0.0,0
14696,2026-05-06,Paid Search,/pricing,11,9,0.3875,194.4,3.41,1.0,1
18730,2026-07-26,Referral,/product/running-shoes,13,12,0.4099,172.9,2.38,0.0,0
15658,2026-05-25,Social,/blog/how-to-choose-running-shoes,19,16,0.6909,145.6,1.0,0.0,0
18884,2026-07-29,Referral,/blog/summer-sale-guide,13,11,0.5845,263.7,2.36,0.0,0
12010,2026-03-13,Referral,/blog/how-to-choose-running-shoes,11,10,0.5447,267.2,1.88,0.0,0
14624,2026-05-04,Direct,/about-us,4,4,0.428,165.1,2.83,0.0,0
16318,2026-06-07,Direct,/checkout,5,5,0.1832,250.7,3.96,1.0,1
16731,2026-06-16,Paid Search,/product/backpacks,13,12,0.4729,120.1,2.63,1.0,2
11745,2026-03-08,Organic Search,/about-us,11,10,0.5384,156.7,3.28,1.0,1
15568,2026-05-23,Direct,/blog/how-to-choose-running-shoes,8,7,0.4968,273.0,2.19,1.0,1
15582,2026-05-24,Organic Search,/pricing,16,15,0.2924,251.8,3.37,0.0,0
12843,2026-03-30,Paid Search,/product/running-shoes,19,18,,131.7,2.33,0.0,1
11804,2026-03-09,Paid Search,/about-us,7,6,0.5772,87.1,2.12,0.0,0
18226,2026-07-16,Paid Search,/blog/how-to-choose-running-shoes,19,18,0.6184,176.3,2.5,0.0,0
15186,2026-05-16,Paid Search,/product/running-shoes,17,14,0.4908,146.0,1.85,0.0,2
10538,2026-02-11,Direct,/home,15,13,0.2744,198.8,3.8,1.0,2
18637,2026-07-24,Referral,/pricing,6,5,0.3179,222.9,3.15,0.0,0
15408,2026-05-20,Social,/blog/how-to-choose-running-shoes,15,14,0.6764,177.5,1.25,0.0,0
14302,2026-04-28,Referral,/blog/how-to-choose-running-shoes,14,12,0.5968,221.1,1.78,,0
11727,2026-03-07,Social,/contact,2,2,0.8484,20.9,1.0,0.0,0
13275,2026-04-07,Direct,/blog/summer-sale-guide,14,13,0.5232,257.3,2.44,0.0,0
10619,2026-02-13,Referral,/product/running-shoes,13,12,0.3538,208.0,2.75,1.0,1
16816,2026-06-17,Direct,/checkout,3,3,0.1147,257.5,3.99,0.0,0
12905,2026-03-31,Referral,/product/backpacks,4,3,0.4253,213.9,2.16,0.0,0
17115,2026-06-23,Direct,/checkout,5,4,0.2541,244.0,3.43,1.0,1
10704,2026-02-15,Organic Search,/contact,5,4,0.5404,130.6,2.29,0.0,0
18070,2026-07-13,Organic Search,/pricing,16,15,0.2582,234.2,3.39,1.0,3
12381,2026-03-20,Direct,/contact,4,4,0.5372,184.7,2.05,0.0,0
18879,2026-07-29,Referral,/home,18,16,0.3875,273.8,3.36,0.0,0
16172,2026-06-05,Organic Search,/product/running-shoes,34,30,0.398,212.0,2.37,0.0,0
16750,2026-06-16,Social,/product/winter-jackets,9,8,0.4709,112.9,2.62,0.0,0
14254,2026-04-27,Referral,/about-us,1,1,0.4799,112.7,3.21,0.0,0
13339,2026-04-09,Organic Search,/checkout,16,15,0.3119,266.7,3.21,1.0,1
17581,2026-07-03,Paid Search,/pricing,8,7,0.4028,195.0,2.36,1.0,2
18966,2026-07-31,Organic Search,/contact,13,12,0.6204,119.9,1.65,0.0,0
10668,2026-02-14,Referral,/home,9,8,0.3656,192.6,3.89,0.0,0
12370,2026-03-20,Social,/about-us,7,6,0.6721,50.2,1.17,0.0,0
12158,2026-03-16,Referral,/product/backpacks,6,5,0.4055,157.5,3.14,0.0,0
12346,2026-03-20,Paid Search,/product/winter-jackets,17,15,0.4642,155.3,2.06,0.0,0
17221,2026-06-26,Organic Search,/about-us,15,14,0.4726,163.2,1.64,0.0,0
18882,2026-07-29,Referral,/product/backpacks,9,8,0.2959,192.7,3.19,0.0,0
17004,2026-06-21,Social,/contact,1,1,0.8341,58.1,1.21,0.0,0
14048,2026-04-23,Paid Search,/checkout,4,4,0.3721,155.0,2.17,,2
14753,2026-05-07,Referral,/blog/summer-sale-guide,7,7,0.6428,209.4,1.9,0.0,0
17600,2026-07-03,Social,/contact,3,3,0.822,44.8,1.0,0.0,0
13990,2026-04-22,Paid Search,/product/running-shoes,21,20,0.4933,181.9,2.14,1.0,1
10242,2026-02-05,Direct,/product/running-shoes,7,6,0.3277,216.7,2.76,0.0,0
11039,2026-02-21,Direct,/contact,2,2,,197.3,1.74,0.0,0
17419,2026-06-30,Organic Search,/about-us,17,14,0.4673,162.9,2.04,0.0,0
18277,2026-07-17,Paid Search,/blog/summer-sale-guide,17,15,0.6415,154.2,1.31,0.0,0
17544,2026-07-02,Social,/product/running-shoes,17,16,0.4995,108.3,2.53,0.0,0
17707,2026-07-05,Direct,/blog/how-to-choose-running-shoes,8,7,0.6127,313.1,1.66,0.0,0
17170,2026-06-25,Organic Search,/blog/summer-sale-guide,31,28,0.5851,184.4,1.84,1.0,1
18870,2026-07-29,Paid Search,/product/running-shoes,24,22,0.4934,164.2,2.72,2.0,2
12392,2026-03-21,Organic Search,/pricing,16,14,0.2994,214.7,3.11,1.0,1
15930,2026-05-31,Organic Search,/contact,5,4,0.6252,110.1,1.23,0.0,0
16647,2026-06-14,Referral,/checkout,5,4,0.2576,254.4,3.92,0.0,1
11095,2026-02-23,Organic Search,/product/backpacks,14,13,0.4858,229.6,2.17,1.0,1
13340,2026-04-09,Paid Search,/home,51,47,0.393,150.2,2.65,4.0,5
17504,2026-07-01,Direct,/product/running-shoes,17,16,0.3671,257.1,3.27,1.0,1
13393,2026-04-10,Paid Search,/product/backpacks,14,12,0.5161,132.6,1.78,1.0,1
18560,2026-07-23,Organic Search,/home,64,58,0.4017,163.3,2.89,2.0,6
15935,2026-05-31,Paid Search,/product/winter-jackets,11,10,0.5156,189.7,1.65,0.0,0
17050,2026-06-22,Social,/blog/how-to-choose-running-shoes,13,11,0.7541,,2.26,0.0,0
16245,2026-06-06,Referral,/blog/how-to-choose-running-shoes,9,8,0.5163,222.8,2.48,0.0,0
12972,2026-04-01,Direct,/home,19,18,0.2577,224.1,2.36,1.0,1
12367,2026-03-20,Social,/product/backpacks,12,10,0.5764,97.3,1.58,1.0,1
15996,2026-06-01,Referral,/blog/how-to-choose-running-shoes,11,10,0.4941,254.0,2.55,0.0,1
12577,2026-03-24,Direct,/product/backpacks,6,5,0.3433,228.4,3.09,1.0,2
12935,2026-04-01,Organic Search,/product/backpacks,18,15,0.3787,192.8,2.5,2.0,3
16142,2026-06-04,Referral,/home,15,14,0.2674,242.4,3.21,0.0,0
17408,2026-06-29,Direct,/blog/summer-sale-guide,12,11,0.4698,292.1,2.15,0.0,0
13163,2026-04-05,Social,/product/backpacks,11,10,0.5796,154.2,1.47,0.0,0
18176,2026-07-15,Paid Search,/blog/how-to-choose-running-shoes,22,20,0.6464,201.9,1.7,2.0,3
12411,2026-03-21,Referral,/contact,1,1,0.6576,138.0,2.08,1.0,1
14744,2026-05-07,Paid Search,/about-us,11,10,0.5711,156.0,1.69,0.0,0
13044,2026-04-03,Paid Search,/product/winter-jackets,15,13,0.51,172.7,1.39,2.0,3
16764,2026-06-16,Direct,/about-us,8,7,0.392,229.9,2.74,0.0,0
18632,2026-07-24,Referral,/product/backpacks,9,7,0.4121,230.6,1.8,2.0,2
10480,2026-02-10,Social,/product/winter-jackets,4,4,0.5518,69.3,,0.0,0
18062,2026-07-13,Organic Search,/home,40,35,0.3984,173.8,2.92,3.0,4
11994,2026-03-13,Organic Search,/pricing,12,10,0.2819,192.8,2.95,3.0,4
13337,2026-04-09,Organic Search,/contact,7,7,0.6101,148.3,2.05,0.0,0
14097,2026-04-24,Paid Search,/checkout,8,7,0.3339,236.3,3.06,2.0,3
12285,2026-03-19,Organic Search,/home,38,36,0.3906,173.6,3.16,0.0,0
16337,2026-06-08,Paid Search,/pricing,9,8,0.4401,142.8,2.63,1.0,1
11593,2026-03-05,Organic Search,/product/winter-jackets,23,22,0.288,166.8,3.63,1.0,2
14169,2026-04-25,Direct,/product/running-shoes,13,12,0.3065,216.0,2.22,0.0,2
13439,2026-04-11,Organic Search,/checkout,7,7,0.3732,260.8,3.49,1.0,1
16132,2026-06-04,Paid Search,/home,35,32,0.4842,76.9,2.42,1.0,1
18565,2026-07-23,Organic Search,/blog/summer-sale-guide,26,25,0.5489,214.8,2.2,0.0,1
18970,2026-07-31,Paid Search,/product/running-shoes,20,19,0.4995,208.9,2.13,0.0,0
11868,2026-03-10,Social,/product/running-shoes,15,14,0.5864,119.4,1.45,0.0,0
15681,2026-05-26,Organic Search,/contact,13,11,0.6276,152.9,1.36,0.0,1
12255,2026-03-18,Referral,/home,16,14,0.392,217.9,2.61,1.0,2
13723,2026-04-16,Direct,/blog/how-to-choose-running-shoes,18,15,0.4184,285.3,2.11,0.0,2
16968,2026-06-21,Organic Search,/product/running-shoes,33,29,0.3801,167.7,2.88,4.0,5
14937,2026-05-11,Paid Search,/product/running-shoes,16,15,0.5156,167.9,2.27,3.0,3
17945,2026-07-10,Social,/product/backpacks,15,12,0.4336,127.1,2.26,0.0,1
11258,2026-02-26,Paid Search,/about-us,9,8,0.4578,,2.54,0.0,0
18213,2026-07-16,Organic Search,/product/running-shoes,36,31,0.465,256.5,2.21,3.0,4
16371,2026-06-09,Organic Search,/product/winter-jackets,24,23,0.3063,151.6,3.15,2.0,3
11686,2026-03-06,Direct,/about-us,6,5,0.3594,160.9,3.25,0.0,0
17893,2026-07-09,Social,/home,36,34,0.5562,96.6,2.06,2.0,2
14544,2026-05-03,Paid Search,/about-us,6,6,0.5722,106.3,2.17,0.0,0
12309,2026-03-19,Referral,/blog/how-to-choose-running-shoes,8,7,0.5238,345.3,2.43,0.0,0
13918,2026-04-20,Social,/checkout,6,5,0.4593,162.5,2.94,0.0,2
14827,2026-05-09,Organic Search,/home,40,34,0.3024,248.3,3.67,3.0,3
15664,2026-05-25,Direct,/home,16,15,0.2017,230.6,3.73,0.0,0
17217,2026-06-26,Organic Search,/product/winter-jackets,16,14,0.4705,234.7,3.23,2.0,2
17957,2026-07-10,Direct,/blog/summer-sale-guide,8,7,0.4964,280.9,2.69,0.0,0
13083,2026-04-04,Organic Search,/product/winter-jackets,22,19,0.3851,188.4,2.98,2.0,2
15374,2026-05-20,Organic Search,/home,58,54,0.3461,160.4,2.65,0.0,0
13697,2026-04-16,Paid Search,/pricing,22,20,0.3883,137.9,3.12,0.0,0
14183,2026-04-26,Organic Search,/blog/summer-sale-guide,11,10,0.618,253.3,2.04,0.0,0
15651,2026-05-25,Referral,/contact,4,4,0.6049,120.2,1.38,0.0,0
14917,2026-05-10,Direct,/product/running-shoes,13,12,0.3085,320.7,2.89,0.0,0
10731,2026-02-15,Social,/contact,5,4,0.9209,27.3,1.0,0.0,0
11395,2026-03-01,Organic Search,/product/backpacks,8,7,0.4422,168.4,2.47,0.0,0
11118,2026-02-23,Referral,/about-us,2,2,0.468,115.7,2.32,0.0,0
16895,2026-06-19,Referral,/pricing,3,3,0.2735,247.2,3.92,1.0,1
15756,2026-05-27,Social,/product/winter-jackets,11,10,0.5616,147.5,1.96,,1
11962,2026-03-12,Referral,/about-us,3,3,0.5443,185.9,3.18,0.0,0
10650,2026-02-14,Organic Search,/product/winter-jackets,18,17,0.3866,202.9,3.16,1.0,2
10014,2026-02-01,Paid Search,/product/backpacks,9,8,0.4836,137.4,2.51,1.0,2
15061,2026-05-13,Social,/about-us,8,8,0.6774,75.5,1.17,0.0,0
10135,2026-02-03,Social,/blog/how-to-choose-running-shoes,13,12,0.6743,128.7,1.12,0.0,0
16070,2026-06-02,Direct,/pricing,6,5,0.2274,218.3,3.64,0.0,1
18015,2026-07-12,Organic Search,/product/backpacks,16,15,0.4545,180.5,2.7,0.0,1
10319,2026-02-07,Paid Search,/pricing,2,2,0.3748,214.9,2.97,0.0,0
13498,2026-04-12,Paid Search,/checkout,7,7,0.3128,179.9,2.88,0.0,0
15844,2026-05-29,Referral,/home,23,21,0.2998,231.2,3.46,0.0,0
11197,2026-02-25,Organic Search,/blog/summer-sale-guide,19,17,0.6787,215.0,1.12,0.0,0
14846,2026-05-09,Paid Search,/checkout,4,4,0.2759,184.8,4.08,2.0,2
18358,2026-07-18,Direct,/contact,4,4,0.5614,129.8,2.0,0.0,0
10497,2026-02-10,Direct,/checkout,3,3,0.2124,245.2,3.75,0.0,0
14179,2026-04-26,Organic Search,/product/running-shoes,27,26,0.3645,185.3,2.75,1.0,1
13101,2026-04-04,Referral,/home,13,12,0.3182,189.8,3.13,1.0,2
10188,2026-02-04,Social,/contact,5,4,0.7851,28.6,1.0,0.0,0
16971,2026-06-21,Organic Search,/blog/how-to-choose-running-shoes,20,19,0.5172,257.8,2.65,0.0,1
14863,2026-05-09,Social,/about-us,8,8,0.6964,84.5,1.85,0.0,0
10421,2026-02-09,Referral,/product/backpacks,1,1,0.3974,264.4,3.24,0.0,0
15530,2026-05-23,Organic Search,/about-us,8,7,0.6341,174.8,1.93,0.0,0
11602,2026-03-05,Paid Search,/product/running-shoes,24,23,0.4285,113.0,2.61,4.0,7
13313,2026-04-08,Social,/product/backpacks,16,15,0.5564,77.8,2.48,1.0,3
10193,2026-02-04,Direct,/product/winter-jackets,5,4,0.3522,268.9,3.02,0.0,0
15714,2026-05-26,Direct,/home,13,11,0.3052,219.3,3.23,0.0,0
17367,2026-06-29,Organic Search,/blog/how-to-choose-running-shoes,34,30,0.6396,219.5,1.73,0.0,0
15446,2026-05-21,Referral,/product/winter-jackets,13,11,0.4409,240.1,2.76,0.0,0
13072,2026-04-03,Direct,/home,17,14,0.2433,244.6,2.33,0.0,0
13810,2026-04-18,Social,/product/running-shoes,18,17,0.6147,147.9,2.26,0.0,0
14428,2026-05-01,Organic Search,/home,47,41,0.3457,175.6,3.07,1.0,1
10839,2026-02-17,Direct,/blog/summer-sale-guide,3,3,0.4462,282.7,3.01,0.0,0
12457,2026-03-22,Referral,/product/backpacks,3,3,0.3284,190.2,2.42,0.0,0
14092,2026-04-24,Paid Search,/blog/how-to-choose-running-shoes,15,14,0.6949,224.9,1.0,1.0,1
17568,2026-07-03,Organic Search,/blog/summer-sale-guide,32,29,0.6145,236.6,1.67,1.0,2
14908,2026-05-10,Social,/product/winter-jackets,5,4,0.5211,111.0,2.11,1.0,1
11477,2026-03-02,Social,/about-us,3,3,0.7443,60.4,1.0,0.0,0
15662,2026-05-25,Social,/pricing,4,4,0.5512,109.2,1.92,0.0,0
13267,2026-04-07,Social,/contact,10,9,0.8107,19.1,1.0,0.0,0
11252,2026-02-26,Paid Search,/home,28,26,0.3919,143.7,3.02,1.0,2
17988,2026-07-11,Referral,/about-us,8,8,0.491,192.8,2.26,0.0,0
17671,2026-07-05,Organic Search,/pricing,11,10,0.3487,225.2,2.96,1.0,1
10510,2026-02-11,Paid Search,/product/winter-jackets,20,18,0.4598,133.9,2.49,0.0,3
12380,2026-03-20,Direct,/about-us,11,10,0.4721,170.4,1.91,2.0,2
14521,2026-05-02,Direct,/product/backpacks,10,9,0.4137,271.8,2.08,0.0,0
18108,2026-07-13,Direct,/about-us,5,4,0.4509,187.5,2.88,0.0,0
17376,2026-06-29,Paid Search,/product/backpacks,9,8,0.5036,164.3,2.56,0.0,0
17079,2026-06-23,Paid Search,/product/backpacks,5,4,0.5792,186.5,2.28,0.0,0
11626,2026-03-05,Social,/about-us,4,3,0.6396,91.6,1.25,0.0,0
16623,2026-06-14,Organic Search,/blog/summer-sale-guide,21,18,,,1.78,0.0,0
13730,2026-04-17,Organic Search,/product/running-shoes,45,41,0.3923,,2.76,2.0,4
11270,2026-02-26,Referral,/pricing,7,6,0.3146,257.6,2.95,1.0,1
14884,2026-05-10,Organic Search,/contact,12,11,0.6543,130.4,1.4,0.0,0
17401,2026-06-29,Social,/pricing,14,12,0.5409,96.4,,1.0,1
15953,2026-05-31,Social,/product/running-shoes,9,8,0.6829,133.4,1.98,0.0,0
13831,2026-04-19,Organic Search,/product/winter-jackets,14,12,0.3985,209.2,2.89,0.0,2
13848,2026-04-19,Paid Search,/checkout,5,5,0.2763,150.0,2.99,0.0,0
12472,2026-03-22,Social,/pricing,3,3,0.4196,71.5,2.69,0.0,0
16116,2026-06-03,Direct,/blog/how-to-choose-running-shoes,13,12,0.4633,284.9,2.8,0.0,0
11946,2026-03-12,Paid Search,/home,20,16,0.4708,138.5,1.98,0.0,0
18872,2026-07-29,Paid Search,/product/backpacks,11,9,0.4252,180.2,2.66,0.0,0
10838,2026-02-17,Direct,/blog/how-to-choose-running-shoes,13,11,0.5039,245.0,2.42,0.0,0
13447,2026-04-11,Paid Search,/contact,6,6,0.7425,102.5,1.0,0.0,0
12937,2026-04-01,Organic Search,/blog/summer-sale-guide,15,13,0.6726,221.5,1.38,0.0,0
14069,2026-04-23,Direct,/product/running-shoes,7,6,0.2787,225.6,3.48,1.0,2
18376,2026-07-19,Paid Search,/blog/summer-sale-guide,9,8,0.7157,254.7,1.6,0.0,0
14218,2026-04-26,Direct,/home,11,10,0.3352,,2.39,0.0,0
10380,2026-02-08,Social,/product/winter-jackets,6,6,0.5715,116.9,1.52,0.0,0
17724,2026-07-06,Paid Search,/product/running-shoes,24,20,0.4105,82.3,2.93,1.0,2
15729,2026-05-27,Organic Search,/blog/summer-sale-guide,28,23,0.5507,229.0,2.16,3.0,3
17947,2026-07-10,Social,/blog/summer-sale-guide,11,10,0.7742,216.9,2.03,0.0,0
15182,2026-05-16,Organic Search,/contact,7,6,0.6267,141.8,1.84,0.0,0
11541,2026-03-04,Organic Search,/home,44,37,0.3432,207.3,3.32,2.0,2
13190,2026-04-06,Paid Search,/home,54,47,0.4407,198.1,1.72,2.0,3
13698,2026-04-16,Paid Search,/checkout,14,12,0.2494,190.3,3.05,0.0,0
15303,2026-05-18,Referral,/checkout,5,5,0.2187,229.8,3.29,0.0,0
17955,2026-07-10,Direct,/product/backpacks,10,8,0.2643,201.4,2.43,0.0,0
11547,2026-03-04,Organic Search,/about-us,7,6,0.4012,146.5,2.91,0.0,0
16718,2026-06-16,Organic Search,/home,55,51,0.3087,124.5,3.25,4.0,7
18693,2026-07-25,Social,/blog/how-to-choose-running-shoes,9,7,0.7228,175.5,1.14,0.0,0
13783,2026-04-18,Organic Search,/blog/how-to-choose-running-shoes,20,17,0.5737,230.3,1.08,0.0,0
17095,2026-06-23,Referral,/checkout,2,2,0.1651,254.5,4.01,0.0,0
13385,2026-04-10,Organic Search,/blog/summer-sale-guide,30,28,0.6741,215.5,1.04,1.0,1
14125,2026-04-24,Direct,/contact,2,2,0.5856,168.4,1.92,0.0,0
16986,2026-06-21,Paid Search,/checkout,2,2,0.2698,208.0,2.26,1.0,1
12982,2026-04-02,Organic Search,/home,54,48,0.4828,239.8,2.5,5.0,6
10977,2026-02-20,Social,/blog/how-to-choose-running-shoes,8,8,0.7898,140.4,1.08,0.0,0
10212,2026-02-05,Paid Search,/product/running-shoes,19,17,0.4363,184.8,2.78,1.0,1
12938,2026-04-01,Organic Search,/about-us,13,12,0.4701,111.1,2.16,1.0,1
16992,2026-06-21,Referral,/blog/summer-sale-guide,4,4,0.5445,221.0,1.67,0.0,0
15003,2026-05-12,Referral,/pricing,5,4,0.3375,207.2,2.52,1.0,1
17515,2026-07-02,Organic Search,/product/winter-jackets,40,38,0.4707,231.8,2.71,3.0,3
12358,2026-03-20,Referral,/blog/how-to-choose-running-shoes,11,11,0.5606,276.4,2.24,0.0,0
16948,2026-06-20,Social,/product/running-shoes,9,8,0.5358,98.4,1.93,2.0,3
18558,2026-07-22,Direct,/pricing,13,12,0.2162,264.8,2.99,0.0,1
16170,2026-06-04,Direct,/checkout,7,6,0.1621,278.0,3.8,1.0,1
13827,2026-04-18,Direct,/pricing,5,5,0.2402,303.8,3.38,0.0,0
13658,2026-04-15,Referral,/checkout,5,4,0.2788,244.5,3.38,1.0,1
14405,2026-04-30,Referral,/contact,2,2,0.609,136.3,1.87,0.0,0
17943,2026-07-10,Social,/product/running-shoes,16,13,0.5817,173.3,1.0,2.0,2
12206,2026-03-17,Referral,/product/running-shoes,11,9,0.469,182.4,1.76,0.0,1
14655,2026-05-05,Referral,/contact,8,7,0.548,167.1,2.6,0.0,0
14130,2026-04-25,Organic Search,/product/winter-jackets,25,21,0.4201,230.8,2.17,3.0,3
17337,2026-06-28,Referral,/blog/how-to-choose-running-shoes,7,7,0.5116,218.4,2.24,0.0,0
12761,2026-03-28,Referral,/pricing,6,5,0.2924,209.6,2.57,0.0,0
13584,2026-04-14,Organic Search,/blog/summer-sale-guide,27,25,0.6453,196.5,1.62,0.0,0
11447,2026-03-02,Organic Search,/about-us,13,12,0.4342,155.3,3.24,0.0,0
17277,2026-06-27,Paid Search,/product/backpacks,13,11,0.4946,120.8,2.06,2.0,3
13242,2026-04-07,Paid Search,/product/winter-jackets,22,19,0.5015,176.6,2.4,4.0,4
14907,2026-05-10,Social,/product/running-shoes,8,7,0.5374,125.5,2.42,0.0,0
16414,2026-06-09,Direct,/blog/summer-sale-guide,9,8,0.5139,292.3,1.73,1.0,1
13516,2026-04-12,Social,/contact,3,3,0.8235,41.0,1.0,0.0,0
18531,2026-07-22,Referral,/product/running-shoes,18,16,0.3733,209.6,2.2,0.0,0
10491,2026-02-10,Direct,/product/backpacks,6,6,0.2778,260.3,3.44,0.0,1
14828,2026-05-09,Organic Search,/product/running-shoes,22,20,0.4031,230.2,2.8,2.0,2
17256,2026-06-26,Direct,/product/winter-jackets,11,10,0.4588,195.0,2.07,1.0,2
11556,2026-03-04,Paid Search,/blog/summer-sale-guide,10,9,0.6703,145.2,1.65,0.0,0
14773,2026-05-07,Direct,/blog/summer-sale-guide,10,9,0.4151,277.9,2.4,0.0,0
15718,2026-05-26,Direct,/blog/how-to-choose-running-shoes,15,13,0.5218,228.3,2.16,0.0,0
12324,2026-03-19,Direct,/home,18,17,0.3297,159.0,3.55,1.0,2
10915,2026-02-19,Referral,/product/running-shoes,6,6,0.3597,270.9,3.12,1.0,1
10569,2026-02-12,Referral,/product/running-shoes,12,11,0.341,220.4,2.81,0.0,0
11504,2026-03-03,Paid Search,/product/backpacks,7,6,0.4792,140.6,3.03,1.0,1
16987,2026-06-21,Referral,/home,18,16,0.3717,170.5,3.08,0.0,0
16104,2026-06-03,Social,/product/winter-jackets,17,14,0.4542,87.7,2.24,0.0,1
12830,2026-03-29,Direct,/pricing,9,8,0.2569,257.6,3.4,1.0,1
13397,2026-04-10,Paid Search,/contact,14,12,0.6473,104.7,1.39,1.0,1
11407,2026-03-01,Paid Search,/blog/summer-sale-guide,7,6,0.6799,238.9,1.58,0.0,0
13227,2026-04-06,Direct,/contact,6,6,0.6258,156.9,1.63,0.0,1
18225,2026-07-16,Paid Search,/product/backpacks,12,11,0.4706,194.5,2.94,2.0,2
15782,2026-05-28,Organic Search,/pricing,17,15,0.3908,181.8,3.11,1.0,2
11803,2026-03-09,Paid Search,/blog/summer-sale-guide,12,11,0.5972,189.6,1.56,0.0,0
12055,2026-03-14,Paid Search,/checkout,3,3,0.3653,238.8,3.18,0.0,0
14768,2026-05-07,Direct,/home,20,19,0.3089,243.9,3.87,3.0,3
12185,2026-03-17,Organic Search,/home,39,34,0.2412,229.4,3.16,1.0,2
13472,2026-04-11,Direct,/product/winter-jackets,10,10,0.2732,215.3,3.47,3.0,3
10009,2026-02-01,Organic Search,/pricing,10,9,0.3692,171.3,2.98,2.0,2
12560,2026-03-24,Referral,/about-us,4,3,0.4629,169.7,3.44,1.0,1
15233,2026-05-17,Organic Search,/pricing,12,11,0.3032,231.0,2.96,1.0,1
18540,2026-07-22,Social,/home,18,16,0.4719,97.6,2.27,0.0,0
15396,2026-05-20,Referral,/product/winter-jackets,16,14,0.3239,179.7,3.2,0.0,0
13271,2026-04-07,Direct,/product/running-shoes,11,10,0.3909,226.7,2.84,1.0,1
12625,2026-03-25,Direct,/product/running-shoes,18,15,0.3503,236.0,3.01,1.0,1
14145,2026-04-25,Paid Search,/contact,6,5,0.595,136.0,1.48,0.0,0
14912,2026-05-10,Social,/about-us,5,4,0.6613,34.9,1.5,0.0,0
16609,2026-06-13,Direct,/product/running-shoes,8,7,0.4132,253.9,2.39,1.0,2
11634,2026-03-05,Direct,/blog/how-to-choose-running-shoes,14,12,0.4795,264.9,2.62,2.0,2
16861,2026-06-18,Direct,/blog/how-to-choose-running-shoes,14,12,0.5424,279.2,2.45,0.0,0
12087,2026-03-15,Organic Search,/product/winter-jackets,19,17,0.4689,183.6,2.03,2.0,2
15212,2026-05-16,Social,/contact,2,2,0.855,95.3,1.0,0.0,0
15325,2026-05-19,Organic Search,/product/running-shoes,47,42,0.3867,250.6,3.16,1.0,2
10217,2026-02-05,Paid Search,/about-us,4,4,0.5015,86.7,2.95,0.0,0
16252,2026-06-06,Social,/product/winter-jackets,12,10,0.5947,112.8,1.46,1.0,1
13713,2026-04-16,Social,/blog/how-to-choose-running-shoes,22,18,0.7427,154.5,1.0,0.0,0
12080,2026-03-14,Direct,/blog/summer-sale-guide,13,11,0.5119,315.3,2.38,0.0,0
13030,2026-04-02,Direct,/pricing,5,4,0.3206,252.9,3.22,0.0,0
18654,2026-07-24,Direct,/blog/summer-sale-guide,12,12,0.5051,193.1,2.38,0.0,0
13598,2026-04-14,Paid Search,/checkout,13,12,0.2784,176.6,2.9,0.0,1
17722,2026-07-06,Organic Search,/checkout,8,7,0.3195,216.4,3.21,0.0,0
17349,2026-06-28,Social,/about-us,5,5,,119.9,1.09,0.0,0
11253,2026-02-26,Paid Search,/product/running-shoes,15,14,0.5455,165.5,2.2,2.0,2
14628,2026-05-05,Organic Search,/home,46,42,0.3057,220.0,3.63,2.0,2
15764,2026-05-27,Direct,/home,14,13,0.2681,245.8,3.33,1.0,1
12706,2026-03-27,Referral,/product/winter-jackets,11,10,0.4805,228.6,1.27,1.0,2
17769,2026-07-07,Organic Search,/about-us,17,16,0.5502,103.4,2.78,0.0,0
13567,2026-04-13,Social,/pricing,14,13,0.3868,125.9,2.27,0.0,0
15260,2026-05-17,Social,/about-us,3,3,0.6652,58.9,1.6,0.0,0
11966,2026-03-12,Social,/home,27,23,0.6324,120.4,1.76,0.0,0
12210,2026-03-17,Referral,/blog/summer-sale-guide,12,11,0.5251,246.8,2.21,0.0,0
10313,2026-02-07,Paid Search,/product/winter-jackets,6,5,0.4369,185.0,2.36,1.0,1
16475,2026-06-11,Organic Search,/contact,12,10,0.6072,114.5,1.98,1.0,1
11038,2026-02-21,Direct,/about-us,4,3,0.4475,201.6,2.85,0.0,0
11451,2026-03-02,Paid Search,/home,27,24,0.464,158.7,3.64,1.0,2
17216,2026-06-26,Organic Search,/product/running-shoes,36,35,0.3859,168.8,2.5,1.0,2
16224,2026-06-06,Organic Search,/product/backpacks,14,13,0.3994,204.3,2.17,,2
18065,2026-07-13,Organic Search,/product/backpacks,27,25,0.4137,190.3,1.44,0.0,1
15939,2026-05-31,Paid Search,/about-us,9,8,0.6645,116.0,1.0,0.0,0
13073,2026-04-03,Direct,/product/running-shoes,11,10,0.2845,238.7,3.65,1.0,1
13591,2026-04-14,Paid Search,/product/winter-jackets,28,24,0.4234,131.4,2.43,2.0,3
12101,2026-03-15,Paid Search,/about-us,6,5,0.475,79.1,2.77,0.0,0
11902,2026-03-11,Paid Search,/blog/summer-sale-guide,16,14,0.6336,197.5,1.72,1.0,1
10479,2026-02-10,Social,/product/running-shoes,13,12,0.6133,,1.94,0.0,0
10840,2026-02-17,Direct,/about-us,12,10,0.4482,245.1,2.24,0.0,0
13254,2026-04-07,Referral,/blog/how-to-choose-running-shoes,9,8,0.4805,269.2,2.4,0.0,0
14394,2026-04-30,Paid Search,/about-us,15,13,0.6229,106.3,2.48,2.0,2
14700,2026-05-06,Referral,/product/winter-jackets,5,5,0.4116,220.3,3.18,1.0,1
17447,2026-06-30,Social,/blog/how-to-choose-running-shoes,10,9,0.6704,207.6,1.74,0.0,0
12666,2026-03-26,Social,/product/winter-jackets,10,8,0.5695,63.5,2.54,0.0,1
14110,2026-04-24,Social,/product/winter-jackets,5,4,0.6962,104.7,1.13,0.0,0
11920,2026-03-11,Social,/blog/how-to-choose-running-shoes,10,9,0.708,171.1,1.17,0.0,0
10229,2026-02-05,Referral,/pricing,3,3,0.2623,,3.21,0.0,0
12265,2026-03-18,Social,/home,11,10,0.4242,83.3,3.39,0.0,0
18614,2026-07-24,Organic Search,/blog/summer-sale-guide,21,19,0.6554,210.7,2.15,0.0,0
14168,2026-04-25,Direct,/home,20,19,0.3248,194.5,3.11,0.0,0
17233,2026-06-26,Paid Search,/pricing,13,12,,226.6,2.31,1.0,1
18880,2026-07-29,Referral,/product/running-shoes,16,15,0.3425,215.8,2.59,0.0,0
12884,2026-03-31,Organic Search,/product/winter-jackets,17,16,0.3139,215.3,4.04,2.0,3
15371,2026-05-19,Direct,/contact,4,4,0.4538,144.3,3.49,0.0,0
11070,2026-02-22,Referral,/pricing,2,2,0.3485,245.3,3.19,0.0,0
16300,2026-06-07,Social,/home,22,19,0.5042,179.3,,0.0,0
18300,2026-07-17,Social,/pricing,9,8,0.615,124.1,2.15,0.0,0
18042,2026-07-12,Social,/home,19,18,0.5723,45.7,2.37,0.0,0
16806,2026-06-17,Social,/checkout,5,5,0.4105,139.2,2.57,0.0,1
17046,2026-06-22,Social,/home,28,25,0.4411,66.6,1.92,1.0,1
12146,2026-03-16,Paid Search,/product/running-shoes,15,14,0.4531,156.2,3.07,2.0,4
14805,2026-05-08,Referral,/pricing,6,6,0.2454,158.8,3.21,0.0,0
11514,2026-03-03,Referral,/product/backpacks,4,4,0.3834,176.2,2.18,0.0,0
11825,2026-03-09,Social,/pricing,9,8,0.5261,98.3,2.86,0.0,0
17317,2026-06-28,Organic Search,/blog/how-to-choose-running-shoes,24,23,0.5995,183.4,1.7,0.0,0
16344,2026-06-08,Referral,/blog/summer-sale-guide,7,6,0.6821,305.4,1.57,0.0,0
10016,2026-02-01,Paid Search,/blog/summer-sale-guide,6,6,0.7357,,1.53,1.0,2
14128,2026-04-25,Organic Search,/home,35,29,0.3726,223.1,3.01,2.0,2
18716,2026-07-26,Organic Search,/contact,7,6,,140.1,1.29,0.0,0
17738,2026-07-06,Referral,/blog/summer-sale-guide,7,7,0.5873,185.4,1.78,0.0,0
15044,2026-05-13,Paid Search,/checkout,4,4,0.3318,200.8,2.57,1.0,1
13080,2026-04-03,Direct,/checkout,6,5,0.2787,291.1,3.41,1.0,1
15076,2026-05-14,Organic Search,/product/running-shoes,30,29,0.4056,149.8,1.88,1.0,2
13124,2026-04-04,Direct,/product/backpacks,8,7,0.3248,229.2,3.03,0.0,0
11472,2026-03-02,Social,/product/running-shoes,14,12,0.5587,101.1,1.52,0.0,0
17428,2026-06-30,Paid Search,/blog/summer-sale-guide,17,16,0.6881,235.0,1.01,0.0,0
13892,2026-04-20,Paid Search,/product/backpacks,15,14,0.5016,189.2,2.52,1.0,2
11260,2026-02-26,Paid Search,/pricing,4,3,0.3814,155.9,2.82,0.0,0
16304,2026-06-07,Social,/blog/how-to-choose-running-shoes,10,10,0.6961,138.4,1.0,0.0,0
16713,2026-06-15,Direct,/blog/summer-sale-guide,12,11,0.5424,274.8,2.61,0.0,0
18564,2026-07-23,Organic Search,/blog/how-to-choose-running-shoes,25,23,0.4877,182.3,1.75,1.0,1
11391,2026-02-28,Direct,/checkout,2,2,0.2044,298.2,4.14,0.0,0
17721,2026-07-06,Organic Search,/pricing,20,18,0.3656,204.2,2.41,3.0,3
16970,2026-06-21,Organic Search,/product/backpacks,14,13,0.4121,165.5,3.02,2.0,2
10129,2026-02-03,Referral,/pricing,7,6,,211.3,3.71,2.0,2
13464,2026-04-11,Social,/blog/how-to-choose-running-shoes,18,17,0.7006,125.7,1.31,0.0,0
16251,2026-06-06,Social,/product/running-shoes,14,13,0.5871,68.5,1.65,0.0,0
10719,2026-02-15,Referral,/product/winter-jackets,4,3,0.3656,258.4,1.87,1.0,1
10322,2026-02-07,Referral,/product/running-shoes,8,7,0.3196,213.0,3.4,0.0,0
12467,2026-03-22,Social,/product/backpacks,2,2,0.5843,110.8,2.14,0.0,0
15465,2026-05-21,Direct,/product/running-shoes,10,9,0.3332,231.4,2.84,0.0,1
16393,2026-06-09,Referral,/blog/how-to-choose-running-shoes,19,16,0.5007,284.0,2.36,0.0,0
12528,2026-03-23,Direct,/blog/how-to-choose-running-shoes,10,9,0.4616,248.6,2.25,0.0,0
12558,2026-03-24,Referral,/blog/how-to-choose-running-shoes,7,6,0.5592,243.2,1.52,0.0,0
11704,2026-03-07,Paid Search,/blog/how-to-choose-running-shoes,6,6,0.6825,264.2,1.22,0.0,0
12916,2026-03-31,Social,/blog/how-to-choose-running-shoes,11,9,0.8382,170.6,1.0,0.0,0
15053,2026-05-13,Referral,/pricing,5,4,0.267,190.3,3.89,1.0,1
15802,2026-05-28,Referral,/pricing,4,4,0.2634,191.2,2.46,0.0,0
14159,2026-04-25,Social,/product/running-shoes,12,10,0.4946,184.8,2.45,0.0,1
16169,2026-06-04,Direct,/pricing,7,6,0.1858,204.6,3.87,0.0,0
12582,2026-03-24,Direct,/pricing,7,6,0.2628,206.1,3.68,1.0,1
12208,2026-03-17,Referral,/product/backpacks,3,3,0.3325,228.0,3.48,0.0,0
16749,2026-06-16,Social,/product/running-shoes,15,13,0.4288,67.4,2.47,0.0,0
15360,2026-05-19,Social,/about-us,6,5,0.7468,73.5,1.39,0.0,0
18116,2026-07-14,Organic Search,/blog/how-to-choose-running-shoes,36,34,0.5832,243.8,1.56,1.0,1
15708,2026-05-26,Social,/blog/how-to-choose-running-shoes,18,17,0.7744,177.1,1.0,0.0,0
18550,2026-07-22,Direct,/home,19,17,0.3359,211.6,3.76,2.0,2
16740,2026-06-16,Referral,/product/winter-jackets,8,7,0.3474,220.0,2.07,0.0,1
10581,2026-02-12,Social,/product/backpacks,4,3,0.5984,90.0,1.81,0.0,1
13634,2026-04-15,Organic Search,/blog/summer-sale-guide,28,23,0.5839,238.0,1.47,1.0,2
17876,2026-07-09,Paid Search,/product/backpacks,12,11,0.5298,119.5,2.15,0.0,2
13603,2026-04-14,Referral,/blog/how-to-choose-running-shoes,13,12,0.6273,242.3,1.6,0.0,0
18155,2026-07-14,Direct,/product/backpacks,5,5,0.3042,259.7,2.49,0.0,0
12245,2026-03-18,Paid Search,/home,22,19,0.338,188.9,3.73,1.0,1
18766,2026-07-27,Organic Search,/contact,9,8,0.5592,134.7,1.0,1.0,1
16174,2026-06-05,Organic Search,/product/backpacks,8,7,0.367,211.5,2.91,0.0,0
15809,2026-05-28,Social,/blog/summer-sale-guide,4,4,0.7655,156.0,1.0,0.0,0
14752,2026-05-07,Referral,/blog/how-to-choose-running-shoes,8,7,0.5562,291.3,1.87,1.0,1
10521,2026-02-11,Referral,/product/backpacks,5,4,0.3228,234.7,2.6,1.0,1
12913,2026-03-31,Social,/product/running-shoes,19,18,0.5085,144.3,2.3,1.0,1
14485,2026-05-02,Organic Search,/contact,7,6,0.7507,139.9,1.02,0.0,0
18554,2026-07-22,Direct,/blog/how-to-choose-running-shoes,14,13,0.4849,280.6,1.88,1.0,1
10543,2026-02-11,Direct,/blog/summer-sale-guide,5,5,0.6167,263.7,2.61,0.0,0
15490,2026-05-22,Paid Search,/about-us,4,4,0.7053,131.5,1.28,0.0,0
13542,2026-04-13,Paid Search,/product/backpacks,20,17,0.4566,171.1,1.89,1.0,1
11750,2026-03-08,Paid Search,/product/running-shoes,10,9,0.4516,181.6,2.83,0.0,0
12800,2026-03-29,Paid Search,/pricing,4,3,0.3943,139.1,3.62,0.0,0
11362,2026-02-28,Referral,/home,5,5,0.2687,213.8,2.83,0.0,0
12567,2026-03-24,Social,/product/backpacks,-5,7,0.5682,80.2,2.1,0.0,1
15586,2026-05-24,Paid Search,/product/winter-jackets,18,15,0.4601,137.6,2.95,0.0,0
17132,2026-06-24,Paid Search,/about-us,9,7,0.5964,164.5,1.84,,0
14474,2026-05-01,Direct,/about-us,6,5,0.4685,192.3,2.7,0.0,0
15697,2026-05-26,Referral,/product/backpacks,5,5,0.4026,250.0,,0.0,0
11404,2026-03-01,Paid Search,/product/winter-jackets,6,5,0.4845,184.7,2.8,2.0,2
13092,2026-04-04,Paid Search,/product/running-shoes,14,13,0.4935,135.8,1.59,0.0,1
11438,2026-03-01,Direct,/contact,3,3,0.5245,157.4,2.28,0.0,0
14231,2026-04-27,Organic Search,/product/backpacks,22,21,0.4487,199.8,2.38,0.0,0
14121,2026-04-24,Direct,/product/backpacks,13,11,0.3625,234.5,3.09,,1
16277,2026-06-07,Organic Search,/contact,15,13,0.6053,114.8,1.66,1.0,1
11413,2026-03-01,Referral,/product/running-shoes,12,11,0.3661,156.7,2.28,0.0,1
12409,2026-03-21,Referral,/blog/summer-sale-guide,7,6,0.5665,,2.33,0.0,0
11795,2026-03-09,Organic Search,/contact,11,10,0.6413,132.9,1.11,1.0,1
15790,2026-05-28,Paid Search,/about-us,13,11,0.6592,157.1,1.85,1.0,1
16687,2026-06-15,Paid Search,/checkout,6,6,0.2892,189.2,2.54,0.0,0
14608,2026-05-04,Social,/home,20,17,0.4935,56.1,2.47,,0
15957,2026-05-31,Social,/blog/summer-sale-guide,10,9,0.7619,110.0,1.07,0.0,0
16950,2026-06-20,Social,/product/backpacks,5,4,0.5442,100.1,1.91,0.0,0
12144,2026-03-16,Organic Search,/checkout,14,13,0.2845,269.1,2.36,3.0,3
15850,2026-05-29,Referral,/about-us,2,2,0.4847,139.7,1.52,0.0,0
12946,2026-04-01,Paid Search,/blog/how-to-choose-running-shoes,14,12,0.6516,206.3,2.09,0.0,0
12841,2026-03-30,Organic Search,/checkout,8,7,0.3062,225.2,3.31,3.0,3
17921,2026-07-10,Organic Search,/checkout,11,10,0.3051,215.1,2.96,0.0,0
14736,2026-05-07,Organic Search,/pricing,15,13,0.3811,226.4,2.97,1.0,2
10124,2026-02-03,Referral,/product/backpacks,5,5,0.4226,192.7,2.24,0.0,0
15243,2026-05-17,Paid Search,/pricing,7,6,0.3517,115.2,2.1,0.0,0
11542,2026-03-04,Organic Search,/product/running-shoes,36,32,0.3757,192.3,3.05,3.0,3
10031,2026-02-01,Social,/home,20,19,0.5653,100.5,1.27,0.0,0
10935,2026-02-19,Direct,/product/winter-jackets,7,6,0.4259,247.0,3.34,1.0,1
15922,2026-05-30,Direct,/checkout,1,1,0.2501,268.2,2.99,0.0,1
13626,2026-04-14,Direct,/contact,2,2,0.524,164.1,2.69,0.0,0
18080,2026-07-13,Paid Search,/pricing,6,6,0.4106,164.7,2.56,0.0,0
13566,2026-04-13,Social,/contact,7,6,0.8244,24.8,1.44,0.0,0
17766,2026-07-07,Organic Search,/product/backpacks,18,15,0.4466,186.0,2.79,1.0,1
16573,2026-06-13,Organic Search,/blog/summer-sale-guide,20,18,0.6413,254.8,1.44,0.0,0
17242,2026-06-26,Referral,/pricing,5,5,0.3017,243.0,3.1,1.0,1
18075,2026-07-13,Paid Search,/product/backpacks,9,8,0.5677,180.1,2.3,0.0,0
16928,06-20-2026,Paid Search,/product/running-shoes,11,9,0.4154,158.9,2.5,1.0,1
18091,2026-07-13,Referral,/checkout,2,2,0.2327,180.5,3.85,0.0,0
17869,2026-07-09,Organic Search,/about-us,16,14,0.4727,179.6,2.68,0.0,1
14551,2026-05-03,Referral,/product/backpacks,4,3,0.324,199.1,3.39,0.0,0
11189,2026-02-24,Direct,/contact,2,2,0.5034,149.7,2.73,0.0,0
18516,2026-07-22,Organic Search,/about-us,17,16,0.7197,196.5,1.0,0.0,0
15213,2026-05-16,Social,/pricing,6,6,0.4817,139.4,2.42,0.0,0
11627,2026-03-05,Social,/contact,8,7,0.7461,10.0,1.0,0.0,0
13557,2026-04-13,Referral,/pricing,6,5,0.3116,249.5,3.48,0.0,0
11562,2026-03-04,Referral,/product/running-shoes,14,13,0.3638,278.4,2.37,0.0,0
14326,2026-04-28,Direct,/pricing,10,8,0.2713,211.0,3.19,2.0,2
14240,2026-04-27,Paid Search,/product/winter-jackets,14,12,0.4512,165.4,3.1,0.0,0
17484,2026-07-01,Referral,/product/running-shoes,15,14,0.3006,182.3,3.18,2.0,2
14838,2026-05-09,Paid Search,/product/running-shoes,17,16,0.443,217.8,2.29,1.0,1
12056,2026-03-14,Referral,/home,19,16,0.3522,215.7,2.92,0.0,0
11778,2026-03-08,Direct,/home,17,16,0.3308,214.9,2.61,0.0,0
11772,2026-03-08,Social,/blog/how-to-choose-running-shoes,10,9,0.8459,130.4,1.0,0.0,0
17476,2026-07-01,Paid Search,/product/backpacks,12,10,0.4925,180.3,1.95,0.0,0
14663,2026-05-05,Social,/blog/summer-sale-guide,7,6,0.6813,128.4,1.61,0.0,0
13027,2026-04-02,Direct,/blog/summer-sale-guide,6,5,0.5643,321.0,1.65,0.0,0
10039,2026-02-01,Social,/pricing,7,6,0.4221,89.6,2.07,1.0,1
18407,2026-07-19,Direct,/contact,6,5,0.5729,132.7,1.8,0.0,0
14897,2026-05-10,Referral,/home,15,13,0.294,194.1,2.92,1.0,2
15617,2026-05-24,Direct,/product/backpacks,6,6,0.3178,199.9,3.3,1.0,1
17981,2026-07-11,Paid Search,/checkout,7,7,0.4133,180.3,2.7,2.0,2
14999,2026-05-12,Referral,/blog/how-to-choose-running-shoes,12,11,0.5933,229.4,1.45,0.0,1
14698,2026-05-06,Referral,/home,19,17,0.2526,181.4,3.09,0.0,0
18383,2026-07-19,Referral,/product/winter-jackets,8,8,0.4139,245.2,2.42,0.0,0
10854,2026-02-18,Paid Search,/home,28,25,0.2911,215.9,3.01,2.0,2
10779,2026-02-16,Social,/blog/summer-sale-guide,8,7,0.8144,182.6,1.0,0.0,0
12238,2026-03-18,Organic Search,/product/backpacks,26,22,0.4363,189.0,2.27,3.0,4
17625,2026-07-04,Paid Search,/product/winter-jackets,15,12,0.4183,145.0,3.08,0.0,0
18738,2026-07-26,Referral,/checkout,2,2,0.2635,237.3,3.42,0.0,0
18736,2026-07-26,Referral,/contact,4,4,0.6278,114.4,2.0,0.0,0
12104,2026-03-15,Paid Search,/checkout,4,4,0.2337,157.0,3.06,1.0,1
10946,2026-02-20,Organic Search,/product/backpacks,17,16,0.4474,197.5,1.94,0.0,0
18998,2026-07-31,Social,/checkout,6,5,0.3211,146.1,2.72,1.0,1
16536,2026-06-12,Paid Search,/pricing,10,8,0.4312,192.8,2.33,0.0,0
17985,2026-07-11,Referral,/product/backpacks,8,7,0.3777,192.3,3.3,0.0,0
15820,2026-05-28,Direct,/about-us,9,8,0.4307,210.8,2.84,0.0,0
14693,2026-05-06,Paid Search,/blog/summer-sale-guide,15,14,0.7029,221.0,1.46,1.0,3
10070,2026-02-02,Paid Search,/checkout,5,4,0.3578,187.6,2.53,0.0,0
12724,2026-03-27,Direct,/home,22,19,0.3572,247.0,2.57,2.0,2
18129,2026-07-14,Paid Search,/contact,7,6,0.6697,139.8,1.7,0.0,0
12604,2026-03-25,Referral,/home,17,15,,220.1,3.46,1.0,1
10423,2026-02-09,Referral,/blog/summer-sale-guide,5,5,0.5754,252.1,2.46,0.0,0
10082,2026-02-02,Social,/product/running-shoes,15,13,0.5529,146.4,2.02,1.0,2
13901,2026-04-20,Referral,/product/winter-jackets,16,15,0.4324,216.3,3.29,1.0,2
13349,2026-04-09,Paid Search,/checkout,7,6,0.3279,181.2,,0.0,1
16011,2026-06-01,Social,/checkout,5,5,0.4651,185.1,,0.0,0
14094,2026-04-24,Paid Search,/about-us,9,8,0.6226,29.0,1.0,1.0,1
16234,2026-06-06,Paid Search,/product/backpacks,7,6,0.4274,174.5,2.23,0.0,0
16805,2026-06-17,Social,/pricing,5,5,0.4826,146.5,1.53,0.0,0
15674,2026-05-26,Organic Search,/home,41,38,0.423,209.4,2.94,2.0,2
12277,2026-03-18,Direct,/product/winter-jackets,17,15,0.398,286.7,2.36,2.0,3
13459,2026-04-11,Referral,/checkout,2,2,0.206,268.4,4.3,0.0,0
16367,2026-06-08,Direct,/pricing,9,7,0.2322,244.1,3.51,0.0,0
17983,2026-07-11,Referral,/product/running-shoes,7,7,0.3452,236.2,2.77,0.0,1
15337,2026-05-19,Paid Search,/product/backpacks,10,9,0.5234,156.2,2.64,1.0,1
12805,2026-03-29,Referral,/product/backpacks,4,4,0.3327,147.4,3.13,0.0,0
10390,2026-02-08,Direct,/product/winter-jackets,13,12,0.3269,195.7,2.81,0.0,0
11494,2026-03-03,Organic Search,/product/backpacks,16,15,0.4805,212.2,1.88,2.0,2
16200,2026-06-05,Referral,/checkout,5,5,0.2474,196.9,3.46,1.0,1
14162,2026-04-25,Social,/blog/how-to-choose-running-shoes,6,5,0.6675,,1.93,0.0,0
11673,2026-03-06,Social,/product/backpacks,4,4,0.4872,67.4,1.67,0.0,0
17114,2026-06-23,Direct,/pricing,11,10,0.2339,216.7,3.22,1.0,2
10374,2026-02-08,Referral,/blog/how-to-choose-running-shoes,7,6,0.4965,191.1,2.62,0.0,0
16691,06-15-2026,Referral,/product/backpacks,5,4,0.3373,249.9,3.04,1.0,1
10210,2026-02-05,Organic Search,/checkout,11,10,0.2918,219.4,3.63,3.0,4
14386,2026-04-30,Organic Search,/pricing,11,10,0.2494,169.8,4.28,0.0,0
14787,2026-05-08,Organic Search,/checkout,5,5,0.2602,179.8,3.21,0.0,0
13079,2026-04-03,Direct,/pricing,6,5,0.2635,284.8,3.12,1.0,1
14905,2026-05-10,Referral,/checkout,2,2,0.3026,201.2,2.91,0.0,0
12059,2026-03-14,Referral,/product/backpacks,2,2,0.4165,215.9,3.09,0.0,0
18821,2026-07-28,Paid Search,/product/winter-jackets,18,15,0.5861,115.0,1.76,0.0,0
10558,2026-02-12,Paid Search,/home,11,10,0.4396,161.9,2.19,0.0,0
12891,2026-03-31,Organic Search,/checkout,13,11,0.2975,265.0,2.66,2.0,4
17629,2026-07-04,Paid Search,/about-us,11,11,0.4617,91.6,2.18,1.0,1
14620,2026-05-04,Direct,/product/winter-jackets,15,14,0.4477,235.2,2.64,1.0,3
16175,2026-06-05,Organic Search,/blog/how-to-choose-running-shoes,37,32,0.5664,251.8,1.93,2.0,3
14306,2026-04-28,Referral,/pricing,7,6,0.3289,234.3,2.72,0.0,0
10381,2026-02-08,Social,/product/backpacks,4,3,0.5492,88.0,1.57,0.0,0
15183,2026-05-16,Organic Search,/pricing,19,16,0.3084,200.9,2.2,4.0,4
11880,2026-03-10,Direct,/product/backpacks,9,8,0.3936,,1.8,1.0,1
17639,2026-07-04,Referral,/about-us,3,3,0.5106,165.9,2.16,1.0,1
11915,2026-03-11,Referral,/pricing,4,3,0.1635,240.8,3.69,1.0,1
11060,2026-02-22,Paid Search,/pricing,7,6,0.5011,180.7,1.88,2.0,2
16954,2026-06-20,Social,/contact,6,6,0.7386,10.4,,0.0,0
12555,2026-03-24,Referral,/product/running-shoes,17,16,0.3894,206.5,2.61,0.0,1
16662,2026-06-14,Direct,/blog/how-to-choose-running-shoes,7,6,0.4731,265.7,2.58,0.0,0
16870,2026-06-19,Organic Search,/product/backpacks,24,20,0.44,196.7,2.4,0.0,0
14635,2026-05-05,Organic Search,/contact,10,10,0.5743,144.4,2.24,0.0,0
16199,2026-06-05,Referral,/pricing,6,5,0.3114,219.6,2.62,1.0,1
13017,2026-04-02,Social,/blog/summer-sale-guide,16,14,0.7368,131.0,1.96,0.0,0
12585,2026-03-25,Organic Search,/product/running-shoes,25,24,0.3863,202.3,1.81,1.0,2
10742,2026-02-15,Direct,/pricing,4,4,0.2684,244.1,3.68,0.0,0
13502,2026-04-12,Referral,/product/backpacks,3,3,0.4292,211.6,2.99,0.0,0
18877,2026-07-29,Paid Search,/pricing,9,8,0.2876,190.0,,1.0,1
17449,2026-06-30,Social,/about-us,7,6,0.6419,24.2,1.7,0.0,0
15461,2026-05-21,Social,/contact,7,7,0.7575,21.0,1.43,0.0,0
14977,2026-05-12,Organic Search,/product/winter-jackets,32,28,0.4806,204.2,2.13,1.0,1
11610,2026-03-05,Paid Search,/checkout,3,3,0.41,217.2,,1.0,1
12406,2026-03-21,Referral,/product/winter-jackets,5,4,0.4333,239.7,2.03,0.0,0
17164,2026-06-24,Direct,/checkout,3,3,0.2292,219.8,3.59,0.0,0
12621,2026-03-25,Social,/contact,6,6,0.7255,10.0,1.1,0.0,0
10565,2026-02-12,Paid Search,/contact,4,3,0.6762,107.8,1.71,0.0,0
18095,2026-07-13,Social,/product/backpacks,5,4,0.5089,73.1,1.78,0.0,0
17074,2026-06-23,Organic Search,/pricing,13,12,0.2373,187.6,3.51,0.0,0
13369,2026-04-09,Social,/checkout,10,9,0.3994,155.1,2.52,0.0,1
11718,2026-03-07,Referral,/pricing,2,2,0.2653,226.2,3.09,0.0,0
13858,2026-04-19,Referral,/checkout,5,5,,263.1,4.43,1.0,2
16734,2026-06-16,Paid Search,/about-us,4,3,0.5975,103.3,1.48,0.0,0
11987,2026-03-13,Organic Search,/product/running-shoes,31,28,0.398,197.9,2.47,1.0,1
16311,2026-06-07,Direct,/product/winter-jackets,7,6,0.3272,266.8,2.82,0.0,0
18553,2026-07-22,Direct,/product/backpacks,9,8,0.3007,258.6,2.87,0.0,0
16210,2026-06-05,Social,/checkout,4,3,0.3552,99.6,3.25,0.0,2
18502,2026-07-21,Direct,/product/winter-jackets,9,8,,263.6,2.72,0.0,0
10030,2026-02-01,Referral,/checkout,2,2,0.2503,237.5,3.57,0.0,0
18957,2026-07-30,Direct,/pricing,6,5,0.3468,283.2,3.7,0.0,1
14199,2026-04-26,Referral,/product/running-shoes,7,6,0.3675,217.3,2.66,0.0,0
13836,2026-04-19,Organic Search,/contact,7,6,0.6961,182.0,1.28,1.0,1
10758,2026-02-16,Paid Search,/blog/how-to-choose-running-shoes,13,11,0.5754,234.2,2.68,1.0,1
10769,2026-02-16,Referral,/blog/summer-sale-guide,7,6,0.6017,216.7,1.87,0.0,0
13815,2026-04-18,Social,/about-us,9,8,0.6417,22.4,1.11,0.0,0
17321,2026-06-28,Organic Search,/pricing,13,12,0.2945,150.9,3.92,0.0,0
12152,2026-03-16,Paid Search,/contact,8,7,0.707,76.2,1.24,0.0,0
17007,2026-06-21,Direct,/home,19,16,0.2866,264.8,3.4,2.0,2
15799,2026-05-28,Referral,/blog/summer-sale-guide,7,6,0.622,240.2,1.9,0.0,0
17421,2026-06-30,Organic Search,/pricing,16,15,0.3401,164.4,3.27,0.0,0
18026,2026-07-12,Paid Search,/blog/how-to-choose-running-shoes,13,12,0.7121,213.0,1.78,0.0,0
17519,2026-07-02,Organic Search,/about-us,14,12,0.5449,182.9,2.28,0.0,0
13954,2026-04-21,Referral,/blog/summer-sale-guide,5,4,0.5842,186.7,1.57,3.0,3
13512,2026-04-12,Social,/product/backpacks,7,6,0.5564,34.4,2.19,1.0,1
11204,2026-02-25,Paid Search,/product/winter-jackets,16,14,0.4845,165.8,2.22,0.0,0
13553,2026-04-13,Referral,/blog/how-to-choose-running-shoes,13,12,0.6154,273.6,1.0,1.0,1
11807,2026-03-09,Paid Search,/checkout,5,4,0.2972,184.2,3.14,2.0,2
17492,2026-07-01,Referral,/checkout,4,4,0.2507,246.5,3.55,0.0,0
11505,2026-03-03,Paid Search,/blog/how-to-choose-running-shoes,12,10,0.5735,195.4,1.35,0.0,1
18477,2026-07-21,Paid Search,/contact,5,5,0.7179,79.5,1.35,0.0,0
15411,2026-05-20,Social,/contact,7,6,0.7406,102.7,1.0,0.0,0
10301,2026-02-07,Organic Search,/home,29,24,0.2347,220.0,3.33,0.0,0
10127,2026-02-03,Referral,/about-us,2,2,0.4584,165.6,2.5,0.0,0
18596,2026-07-23,Social,/contact,8,7,0.8345,62.5,1.0,0.0,0
12561,2026-03-24,Referral,/contact,5,5,0.6722,,1.72,0.0,0
12302,2026-03-19,Paid Search,/contact,10,8,0.7378,94.5,,0.0,0
15080,2026-05-14,Organic Search,/blog/summer-sale-guide,26,22,0.608,262.1,2.04,1.0,1
11674,2026-03-06,Social,/blog/how-to-choose-running-shoes,18,16,0.6943,130.4,1.25,0.0,0
13449,2026-04-11,Paid Search,/checkout,3,3,0.32,186.5,3.31,0.0,0
11232,2026-02-25,Direct,/home,20,17,0.2605,271.5,3.3,1.0,1
13353,2026-04-09,Referral,/product/backpacks,9,8,0.3409,,2.27,0.0,1
12587,2026-03-25,Organic Search,/product/backpacks,18,17,0.3957,181.4,3.16,0.0,1
14118,2026-04-24,Direct,/home,19,18,0.2818,193.1,2.94,0.0,0
18803,2026-07-27,Direct,/blog/how-to-choose-running-shoes,17,16,0.506,201.4,1.38,0.0,0
11359,2026-02-28,Paid Search,/contact,5,5,0.6225,104.4,1.42,0.0,0
16904,2026-06-19,Social,/contact,8,8,0.6957,10.0,1.79,0.0,0
12033,2026-03-13,Direct,/contact,4,3,0.6316,,,0.0,0
11444,2026-03-02,Organic Search,/product/backpacks,16,15,0.3468,189.1,2.82,0.0,0
16735,2026-06-16,Paid Search,/contact,7,6,0.7855,143.5,1.0,0.0,0
17154,2026-06-24,Social,/checkout,6,6,0.4515,136.6,3.37,0.0,0
11625,2026-03-05,Social,/blog/summer-sale-guide,17,15,0.7411,80.6,1.0,0.0,0
12547,2026-03-24,Paid Search,/product/backpacks,13,12,0.5294,102.7,2.3,0.0,0
11662,2026-03-06,Referral,/product/winter-jackets,9,8,0.386,163.6,2.51,0.0,0
16152,2026-06-04,Social,/product/running-shoes,23,21,0.5906,82.7,1.57,2.0,2
11014,2026-02-21,Referral,/product/winter-jackets,10,8,0.3343,273.8,2.52,2.0,3
14677,2026-05-05,Direct,/checkout,6,5,0.2821,180.0,3.38,1.0,1
14008,2026-04-22,Referral,/checkout,6,6,0.3056,250.8,2.88,1.0,2
16766,2026-06-16,Direct,/pricing,9,8,0.2187,260.4,3.4,0.0,0
18607,2026-07-23,Direct,/pricing,9,8,0.2916,230.6,3.21,0.0,1
16515,2026-06-11,Direct,/contact,3,3,0.6626,161.7,1.96,0.0,0
15049,2026-05-13,Referral,/blog/how-to-choose-running-shoes,15,14,0.4976,270.7,2.47,0.0,0
12548,2026-03-24,Paid Search,/blog/how-to-choose-running-shoes,8,7,0.6086,232.9,2.75,1.0,2
12276,2026-03-18,Direct,/product/running-shoes,6,5,0.3842,254.0,2.48,0.0,1
16560,2026-06-12,Direct,/product/winter-jackets,18,16,0.1999,242.8,4.29,1.0,1
16782,2026-06-17,Paid Search,/blog/how-to-choose-running-shoes,20,17,0.7156,227.2,1.6,1.0,1
11724,2026-03-07,Social,/blog/how-to-choose-running-shoes,10,9,0.7021,142.4,1.0,1.0,2
18860,2026-07-29,Organic Search,/product/running-shoes,38,35,0.2974,198.5,3.16,0.0,1
10419,2026-02-09,Referral,/product/running-shoes,9,9,0.324,223.5,3.63,0.0,0
13193,2026-04-06,Paid Search,/product/backpacks,20,19,0.4318,178.2,2.35,1.0,1
10663,2026-02-14,Paid Search,/blog/summer-sale-guide,12,10,0.6624,193.0,1.41,0.0,0
14135,2026-04-25,Organic Search,/contact,7,6,0.5868,126.6,1.9,0.0,1
15269,2026-05-17,Direct,/blog/summer-sale-guide,4,4,0.4766,266.2,2.07,0.0,0
11314,2026-02-27,Referral,/product/winter-jackets,10,9,0.3057,228.6,2.67,0.0,0
14025,2026-04-22,Direct,/about-us,7,6,0.4008,133.3,3.24,0.0,0
13991,2026-04-22,Paid Search,/product/winter-jackets,13,12,0.4449,187.9,2.38,1.0,1
10916,2026-02-19,Referral,/product/winter-jackets,6,6,0.381,259.5,2.52,0.0,0
15992,2026-06-01,Referral,/home,11,10,0.3518,264.1,2.77,0.0,0
11010,2026-02-21,Paid Search,/pricing,7,7,0.338,213.2,3.1,2.0,2
18769,2026-07-27,Paid Search,/home,27,24,0.4725,193.1,2.78,,0
13480,2026-04-12,Organic Search,/product/running-shoes,26,22,0.3697,216.0,2.8,3.0,5
10692,2026-02-14,Direct,/blog/summer-sale-guide,7,6,0.4986,269.2,1.29,0.0,1
12658,2026-03-26,Referral,/blog/how-to-choose-running-shoes,5,4,0.5686,309.4,2.72,0.0,0
13985,2026-04-22,Organic Search,/about-us,11,10,0.5789,128.0,2.51,0.0,0
18343,2026-07-18,Social,/product/winter-jackets,5,4,0.5205,112.9,2.01,0.0,0
16112,2026-06-03,Direct,/home,22,20,0.3083,199.8,3.72,0.0,1
16276,2026-06-07,Organic Search,/about-us,12,10,0.5543,181.6,1.89,0.0,0
18888,2026-07-29,Referral,/checkout,1,1,0.2666,226.7,4.14,0.0,0
15037,2026-05-13,Paid Search,/product/winter-jackets,12,11,0.4221,206.5,2.07,0.0,0
18652,2026-07-24,Direct,/product/backpacks,6,6,0.3585,205.0,3.3,1.0,1
18754,2026-07-26,Direct,/blog/summer-sale-guide,5,4,0.5406,228.9,1.9,1.0,1
14588,2026-05-04,Paid Search,/home,26,23,0.4626,188.1,2.55,3.0,3
18434,2026-07-20, referral ,/blog/how-to-choose-running-shoes,9,8,0.5914,289.5,1.32,0.0,0
18975,2026-07-31,Paid Search,/about-us,11,10,0.5594,129.8,1.96,0.0,1
16730,2026-06-16,Paid Search,/product/winter-jackets,14,13,0.4503,138.3,1.63,1.0,1
15737,2026-05-27,Paid Search,/product/backpacks,12,12,0.5327,161.3,2.45,1.0,2
13710,2026-04-16,Social,/product/running-shoes,26,25,0.5934,141.4,1.84,0.0,0
16644,2026-06-14,Referral,/about-us,3,3,0.5495,99.5,2.73,0.0,0
11527,2026-03-03,Social,/about-us,6,5,0.727,57.5,1.0,0.0,0
14541,2026-05-03,Paid Search,/product/backpacks,7,7,0.4931,178.8,3.32,1.0,1
18307,2026-07-17,Direct,/blog/summer-sale-guide,6,5,0.4447,258.1,2.61,1.0,1
10171,2026-02-04,Referral,/home,16,14,0.3073,138.9,3.44,1.0,1
18594,2026-07-23,Social,/blog/summer-sale-guide,16,15,0.7476,148.3,1.0,0.0,0
15519,2026-05-22,Direct,/blog/summer-sale-guide,10,8,0.5466,310.9,2.32,0.0,0
11213,2026-02-25,Referral,/product/running-shoes,16,14,0.3428,226.1,3.51,1.0,1
12012,2026-03-13,Referral,/about-us,8,7,0.5481,180.5,2.8,0.0,0
14565,2026-05-03,Social,/contact,2,2,0.739,10.0,2.12,0.0,0
14593,2026-05-04,Paid Search,/blog/summer-sale-guide,16,14,0.652,145.8,1.68,1.0,1
16982,2026-06-21,Paid Search,/blog/summer-sale-guide,11,9,0.6433,141.3,1.63,0.0,0
12870,2026-03-30,Social,/pricing,8,8,0.4862,117.5,2.21,0.0,0
12118,2026-03-15,Social,/product/backpacks,5,5,0.502,110.3,2.45,0.0,0
15927,2026-05-31,Organic Search,/blog/how-to-choose-running-shoes,18,15,0.5214,269.9,1.58,0.0,0
16335,2026-06-08,Paid Search,/about-us,8,8,0.5277,135.4,2.11,1.0,1
14548,2026-05-03,Referral,/home,17,15,0.4006,213.6,2.87,0.0,0
10949,2026-02-20,Organic Search,/about-us,21,20,0.5246,,1.78,0.0,0
17322,2026-06-28,Organic Search,/checkout,8,7,0.2627,215.6,3.59,1.0,1
12050,2026-03-14,Paid Search,/blog/how-to-choose-running-shoes,4,4,0.6874,165.1,1.0,1.0,1
13873,2026-04-19,Direct,/blog/how-to-choose-running-shoes,3,3,0.409,271.9,2.76,0.0,0
15827,2026-05-29,Organic Search,/product/backpacks,14,13,0.3694,216.0,3.05,1.0,2
17898,2026-07-09,Social,/blog/summer-sale-guide,8,7,0.8341,137.7,1.11,0.0,0
15169,2026-05-15,Direct,/blog/how-to-choose-running-shoes,14,12,0.5116,276.1,2.05,2.0,2
10131,2026-02-03,Social,/home,23,21,0.5784,105.0,,0.0,0
15316,2026-05-18,Direct,/product/winter-jackets,8,8,0.4205,283.5,2.42,0.0,0
14850,2026-05-09,Referral,/product/backpacks,2,2,0.3031,213.2,3.23,0.0,0
17995,2026-07-11,Social,/product/backpacks,7,7,0.5331,96.2,2.0,1.0,1
13117,2026-04-04,Social,/about-us,3,2,0.6783,58.3,1.52,0.0,0
11729,2026-03-07,Social,/checkout,3,3,0.416,114.4,,0.0,0
14678,2026-05-06,Organic Search,/home,45,37,0.3189,227.7,3.53,3.0,5
14177,2026-04-25,Direct,/checkout,2,2,0.227,299.2,4.03,0.0,1
14279,2026-04-28,Organic Search,/product/running-shoes,48,40,0.3215,213.0,3.05,1.0,3
10741,2026-02-15,Direct,/contact,4,4,0.5729,131.3,2.27,0.0,0
13621,2026-04-14,Direct,/product/winter-jackets,15,13,0.365,200.6,2.66,0.0,0
16756,2026-06-16,Social,/pricing,6,5,0.4646,,2.38,0.0,0
13522,2026-04-12,Direct,/product/backpacks,5,5,0.4205,246.0,2.61,0.0,0
17728,2026-07-06,Paid Search,/blog/summer-sale-guide,16,15,0.6391,157.6,1.02,0.0,0
12079,2026-03-14,Direct,/blog/how-to-choose-running-shoes,8,8,0.5056,246.9,2.66,0.0,0
17734,2026-07-06,Referral,/product/running-shoes,14,12,0.4162,150.8,2.69,1.0,1
11322,2026-02-27,Social,/home,27,23,0.4533,95.2,2.68,0.0,0
15223,2026-05-16,Direct,/pricing,5,4,0.2643,216.5,3.96,1.0,1
11247,2026-02-26,Organic Search,/blog/summer-sale-guide,30,27,0.5791,278.2,2.14,1.0,1
12032,2026-03-13,Direct,/about-us,9,8,0.4383,241.8,2.22,1.0,2
17020,2026-06-22,Organic Search,/blog/how-to-choose-running-shoes,28,26,0.5221,222.3,1.8,1.0,1
11162,2026-02-24,Referral,/home,19,18,0.2677,232.6,3.67,0.0,1
14457,2026-05-01,Referral,/checkout,4,4,0.2098,243.8,3.61,0.0,0
15640,2026-05-25,Paid Search,/about-us,7,6,0.54,165.3,1.78,1.0,1
10476,2026-02-10,Referral,/pricing,7,6,0.2296,-51.51656562329678,2.69,,0
13049,2026-04-03,Paid Search,/contact,4,3,0.6658,98.3,1.44,0.0,0
15678,2026-05-26,Organic Search,/blog/how-to-choose-running-shoes,29,28,0.5744,284.5,1.51,1.0,1
16763,2026-06-16,Direct,/blog/summer-sale-guide,9,8,0.5813,289.7,1.91,0.0,1
16216,2026-06-05,Direct,/blog/summer-sale-guide,11,9,0.5692,319.3,2.33,0.0,0
10309,2026-02-07,Organic Search,/pricing,6,5,0.3616,176.8,3.1,0.0,0
13135,2026-04-05,Organic Search,/blog/how-to-choose-running-shoes,22,18,0.5903,228.0,1.82,0.0,0
18309,2026-07-17,Direct,/contact,5,4,0.5998,215.3,1.41,0.0,0
13043,2026-04-03,Paid Search,/product/running-shoes,19,17,0.4498,116.5,1.75,0.0,2
12243,2026-03-18,Organic Search,/pricing,10,8,0.3182,254.1,3.34,0.0,0
14299,2026-04-28,Referral,/product/running-shoes,14,12,0.2928,,2.89,1.0,1
17978,2026-07-11,Paid Search,/about-us,2,2,0.543,142.1,2.15,0.0,0
15295,2026-05-18,Referral,/product/running-shoes,18,17,0.388,196.7,2.88,1.0,2
12932,2026-04-01,Organic Search,/home,39,36,0.3799,130.7,2.33,3.0,4
14763,2026-05-07,Social,/blog/summer-sale-guide,10,9,0.7823,164.8,1.0,,0
18388,2026-07-19,Referral,/contact,4,3,0.595,119.5,2.25,0.0,0
13869,2026-04-19,Direct,/home,16,14,0.2554,219.6,3.53,2.0,3
13287,2026-04-08,Organic Search,/contact,11,11,0.5072,131.8,3.0,0.0,1
14953,2026-05-11,Referral,/contact,3,3,0.5932,195.0,1.45,0.0,0
17868,2026-07-09,Organic Search,/blog/summer-sale-guide,26,24,0.6328,221.3,1.2,2.0,2
16518,2026-06-12,Organic Search,/home,45,40,0.4053,186.3,3.08,1.0,2
12725,2026-03-27,Direct,/product/running-shoes,14,14,0.3182,233.1,2.53,4.0,5
11387,2026-02-28,Direct,/blog/summer-sale-guide,2,2,0.4375,249.9,2.95,0.0,0
18189,2026-07-15,Referral,/contact,6,6,0.5415,111.0,2.32,0.0,0
13342,2026-04-09,Paid Search,/product/winter-jackets,28,24,0.519,192.3,2.18,4.0,4
15903,2026-05-30,Referral,/checkout,4,3,0.2501,242.6,3.3,1.0,1
14935,2026-05-11,Organic Search,/checkout,7,6,0.2005,224.9,2.88,0.0,0
12893,2026-03-31,Paid Search,/product/running-shoes,12,11,0.4965,164.8,2.7,2.0,2
14913,2026-05-10,Social,/contact,6,6,0.7634,43.7,1.0,0.0,0
15772,05-27-2026,Direct,/pricing,7,6,0.2951,325.3,3.06,1.0,1
14456,2026-05-01,Referral,/pricing,5,4,0.292,276.5,3.68,0.0,0
14876,2026-05-09,Direct,/checkout,2,2,0.1777,272.1,3.61,0.0,0
15217,2026-05-16,Direct,/product/winter-jackets,6,5,0.389,273.3,2.26,0.0,0
12464,22/03/2026,Social,/home,15,14,0.5646,84.0,1.58,0.0,0
10972,2026-02-20,Referral,/checkout,3,3,0.2004,274.6,3.83,1.0,2
17827,2026-07-08,Paid Search,/blog/how-to-choose-running-shoes,13,11,0.6726,230.2,1.51,2.0,2
10658,2026-02-14,Paid Search,/home,17,16,0.4697,197.2,2.36,2.0,2
18952,2026-07-30,Direct,/product/backpacks,7,6,0.3346,268.2,2.96,0.0,2
11587,2026-03-04,Direct,/about-us,4,4,0.4362,188.5,2.25,0.0,0
14503,2026-05-02,Referral,/blog/summer-sale-guide,9,8,0.5599,286.9,2.53,0.0,0
14625,2026-05-04,Direct,/contact,1,1,0.6627,211.7,1.68,0.0,0
18328,2026-07-18,Paid Search,/about-us,7,6,0.5701,100.9,1.64,0.0,0
15951,2026-05-31,Referral,/checkout,1,1,0.2386,176.9,3.84,0.0,0
11241,2026-02-25,Direct,/checkout,3,2,,255.0,3.56,0.0,0
18441,"July 20, 2026",Social,/product/running-shoes,22,19,0.6004,112.8,2.8,2.0,2
15307,2026-05-18,Social,/product/backpacks,9,7,0.517,102.3,1.5,0.0,0
11657,2026-03-06,Paid Search,/contact,2,2,0.7079,162.6,1.4,0.0,0
14751,2026-05-07,Referral,/product/backpacks,9,8,0.4141,199.1,2.75,0.0,0
13533,2026-04-13,Organic Search,/blog/how-to-choose-running-shoes,28,26,0.5757,231.6,1.94,1.0,1
11293,2026-02-27,Organic Search,/product/running-shoes,35,30,0.498,203.4,2.11,1.0,1
14086,2026-04-24,Organic Search,/pricing,11,10,0.3085,164.6,2.93,2.0,2
11054,2026-02-22,Paid Search,/product/winter-jackets,10,9,0.4246,186.7,2.91,2.0,2
13807,2026-04-18,Referral,/pricing,5,4,0.3344,269.0,2.72,1.0,1
16203,2026-06-05,Social,/product/winter-jackets,16,14,0.573,85.5,2.19,0.0,0
15722,2026-05-26,Direct,/pricing,9,8,250.0,224.5,3.28,1.0,1
15228,2026-05-17,Organic Search,/product/backpacks,23,20,0.4352,222.0,2.64,3.0,4
18175,2026-07-15,Paid Search,/product/backpacks,10,9,0.5042,197.0,1.71,1.0,1
12511,2026-03-23,Referral,/contact,3,3,0.613,109.5,1.2,0.0,0
16177,2026-06-05,Organic Search,/about-us,17,14,0.4762,173.1,2.15,0.0,0
17613,2026-07-04,Organic Search,/home,34,31,0.3633,192.9,3.03,1.0,1
10823,2026-02-17,Referral,/checkout,1,1,0.2104,246.6,4.05,0.0,0
13839,2026-04-19,Paid Search,/home,32,28,0.4639,68.2,2.08,1.0,1
18373,2026-07-19,Paid Search,/product/winter-jackets,8,7,0.4646,224.1,1.72,0.0,0
13217,2026-04-06,Social,/contact,8,7,0.8022,17.4,1.0,0.0,0
10900,2026-02-19,Organic Search,/about-us,14,12,0.487,218.4,2.25,0.0,0
17281,2026-06-27,Paid Search,/contact,4,3,0.68,90.2,1.96,0.0,0
16272,2026-06-07,Organic Search,/product/winter-jackets,26,21,0.4149,159.3,2.66,1.0,1
16577,2026-06-13, organic search ,/checkout,11,9,0.2941,174.2,2.96,2.0,2
15440,2026-05-21,Paid Search,/about-us,6,6,0.5601,170.6,2.41,0.0,0
10243,2026-02-05,Direct,/product/winter-jackets,6,5,0.3869,298.6,3.28,0.0,0
16530,2026-06-12,Paid Search,/product/winter-jackets,8,8,0.5173,153.7,1.75,0.0,0
13161,2026-04-05,Social,/product/running-shoes,21,20,0.5783,128.1,1.76,1.0,1
10102,2026-02-03,Organic Search,/product/running-shoes,28,26,0.3235,201.1,3.17,1.0,1
15987,2026-06-01,Paid Search,/blog/summer-sale-guide,12,10,0.6568,159.2,1.42,2.0,3
17352,2026-06-28,Social,/checkout,4,4,0.3613,96.8,2.74,0.0,0
13994,2026-04-22,Paid Search,/blog/summer-sale-guide,18,16,0.7111,176.3,1.0,0.0,1
17045,2026-06-22,Referral,/checkout,1,1,0.2629,261.2,2.87,0.0,0
11523,2026-03-03,Social,/product/winter-jackets,12,12,0.6309,94.9,1.0,0.0,0
11160,2026-02-24,Paid Search,/pricing,7,6,0.393,153.5,2.32,0.0,0
12694,2026-03-27,Paid Search,/home,34,28,0.4336,139.6,,0.0,0
12261,2026-03-18,Referral,/about-us,3,3,0.4133,137.9,2.78,0.0,0
14441,2026-05-01,Paid Search,/product/backpacks,12,11,0.4621,195.8,3.22,1.0,1
13046,2026-04-03,Paid Search,/blog/how-to-choose-running-shoes,12,11,0.6231,241.4,2.32,0.0,0
10993,2026-02-21,Organic Search,/product/running-shoes,24,21,0.5478,204.7,1.94,0.0,0
18471,2026-07-21,Paid Search,/product/running-shoes,18,15,0.4112,170.4,1.94,0.0,1
13908,2026-04-20,Referral,/checkout,3,3,0.2351,283.4,3.33,0.0,0
12383,2026-03-20,Direct,/checkout,5,5,0.16,283.0,3.63,1.0,1
18786,2026-07-27,Referral,/contact,5,5,0.5776,,2.06,0.0,0
16847,2026-06-18,Social,/home,32,28,0.5419,120.9,1.43,0.0,0
17624,2026-07-04,Paid Search,/product/running-shoes,18,16,0.5343,205.0,2.39,4.0,4
14330,2026-04-29,Organic Search,/product/winter-jackets,24,23,0.4922,185.5,1.99,0.0,2
13899,2026-04-20,Referral,/home,23,20,0.3875,175.9,2.45,1.0,2
16388,2026-06-09,Paid Search,/checkout,9,8,0.3159,203.6,3.19,0.0,0
13164,2026-04-05,Social,/blog/how-to-choose-running-shoes,18,16,0.7241,191.1,1.0,0.0,0
13056,2026-04-03,Referral,/blog/how-to-choose-running-shoes,15,13,0.5399,293.7,2.4,0.0,0
16261,2026-06-06,Direct,/product/running-shoes,10,9,0.3157,209.5,3.04,0.0,0
13612,2026-04-14,Social,/product/backpacks,24,22,0.5302,102.4,2.26,0.0,0
16918,2026-06-20,Organic Search,/product/running-shoes,33,30,0.4768,,3.16,2.0,2
16778,2026-06-17,Paid Search,/home,28,27,0.4171,174.2,2.49,,2
14566,2026-05-03,Social,/pricing,5,5,0.4572,144.2,2.41,0.0,0
16602,2026-06-13,Social,/blog/how-to-choose-running-shoes,9,9,0.6897,154.4,1.0,0.0,0
10007,2026-02-01,Organic Search,/about-us,11,11,0.4538,131.2,2.72,0.0,0
12985,2026-04-02,Organic Search,/product/backpacks,12,10,0.4324,240.8,2.66,2.0,2
12091,2026-03-15,Organic Search,/about-us,12,10,0.5796,178.0,1.7,0.0,0
11740,2026-03-08,Organic Search,/product/running-shoes,26,23,0.3559,201.8,2.6,3.0,4
13402,2026-04-10,Referral,/product/winter-jackets,9,8,0.3365,194.7,2.59,0.0,0
12941,2026-04-01,Organic Search,/checkout,12,11,0.2512,184.4,3.34,3.0,3
14674,2026-05-05,Direct,/about-us,6,5,,210.5,2.24,0.0,0
14300,2026-04-28,Referral,/product/winter-jackets,2,2,0.3228,242.7,3.18,0.0,0
15078,2026-05-14,Organic Search,/product/backpacks,16,14,0.4987,,2.34,2.0,3
12124,2026-03-15,Social,/checkout,3,3,0.4207,112.9,3.18,0.0,0
10414,2026-02-09,Paid Search,/about-us,9,8,0.6021,,1.94,0.0,0
10705,2026-02-15,Organic Search,/pricing,12,11,0.2757,237.2,3.43,0.0,0
17429,2026-06-30,Paid Search,/about-us,9,8,0.5748,154.2,2.17,1.0,1
13528,2026-04-12,Direct,/checkout,3,3,0.2567,294.7,3.22,0.0,0
16728,2026-06-16,Paid Search,/home,28,27,0.4188,179.6,,1.0,1
16226,2026-06-06,Organic Search,/blog/summer-sale-guide,22,20,0.5597,173.8,2.0,1.0,1
17848,2026-07-08,Social,/blog/summer-sale-guide,11,10,0.8466,119.9,1.56,0.0,0
16534,2026-06-12,Paid Search,/about-us,9,8,0.6749,84.4,1.83,0.0,0
16095,2026-06-03,Referral,/product/backpacks,8,7,0.4232,202.4,,0.0,0
12440,2026-03-22,Organic Search,/about-us,14,12,,174.4,1.66,0.0,0
16670,2026-06-15,Organic Search,/product/winter-jackets,24,21,0.4629,230.9,2.46,,3
14350,2026-04-29,Referral,/product/winter-jackets,17,16,0.3242,216.5,,0.0,0
11699,2026-03-07,Organic Search,/checkout,6,6,0.3238,215.1,3.39,0.0,0
10149,2026-02-03,Direct,/pricing,3,3,0.2167,265.3,3.5,0.0,0
15094,2026-05-14,Paid Search,/checkout,2,2,0.3385,174.5,2.7,0.0,0
10338,2026-02-07,Social,/contact,4,3,0.7039,66.5,2.14,0.0,0
10911,2026-02-19,Paid Search,/contact,6,5,0.7774,113.1,1.0,1.0,1
14045,2026-04-23,Paid Search,/about-us,5,4,0.6419,118.4,1.88,0.0,0
12872,2026-03-30,Direct,/home,17,15,0.2176,204.8,3.95,0.0,1
15592,2026-05-24,Paid Search,/pricing,5,5,0.353,130.2,2.46,0.0,0
12176,2026-03-16,Direct,/product/running-shoes,13,12,0.3561,234.8,2.41,2.0,2
16545,2026-06-12,Referral,/contact,3,3,0.5573,157.2,2.13,0.0,0
15794,2026-05-28,Referral,/home,18,15,0.2434,223.3,3.88,,1
16548,2026-06-12,Social,/home,19,17,0.4902,100.3,1.33,2.0,2
11277,2026-02-26,Social,/blog/summer-sale-guide,5,5,0.7885,112.9,1.32,0.0,0
10371,2026-02-08,Referral,/product/running-shoes,15,14,,209.3,2.81,2.0,2
17972,2026-07-11,Paid Search,/home,16,14,0.3603,219.4,2.57,1.0,1
14167,2026-04-25,Social,/checkout,6,6,0.4565,148.9,1.89,0.0,1
17604,2026-07-03,Direct,/product/running-shoes,16,14,0.3892,209.6,2.52,1.0,1
13273,2026-04-07,Direct,/product/backpacks,12,11,0.3898,224.4,2.96,1.0,1
15537,2026-05-23,Paid Search,/product/backpacks,5,5,0.5419,162.4,1.72,0.0,0
15625,2026-05-25,Organic Search,/product/running-shoes,44,42,0.4518,165.3,2.64,5.0,5
16180,2026-06-05,Organic Search,/checkout,8,7,0.2179,255.3,3.34,0.0,0
13720,2026-04-16,Direct,/product/running-shoes,17,14,0.355,224.0,,1.0,1
13237,2026-04-07,Organic Search,/contact,14,13,0.6242,103.7,,2.0,2
16833,2026-06-18,Paid Search,/about-us,11,10,0.6063,110.8,1.77,0.0,1
12480,2026-03-22,Direct,/about-us,3,3,0.4924,175.6,2.4,0.0,0
18752,2026-07-26,Direct,/product/backpacks,4,3,0.2767,281.3,3.52,0.0,0
10584,2026-02-12,Social,/about-us,9,8,0.7062,22.8,1.31,0.0,0
13923,2026-04-20,Direct,/blog/how-to-choose-running-shoes,14,12,0.5279,321.1,1.69,1.0,1
14946,2026-05-11,Referral,/home,13,12,0.383,229.2,2.91,1.0,1
18936,2026-07-30,Referral,/contact,4,4,0.5904,95.4,2.2,0.0,0
17161,2026-06-24,Direct,/about-us,4,4,0.4585,203.1,2.19,0.0,0
14626,2026-05-04,Direct,/pricing,10,9,0.4176,242.6,2.39,2.0,2
16474,2026-06-11,Organic Search,/about-us,17,14,0.4503,136.4,2.84,0.0,0
17455,2026-06-30,Direct,/product/winter-jackets,8,7,0.3769,222.6,2.05,0.0,0
18114,2026-07-14,Organic Search,/product/winter-jackets,31,27,0.388,172.5,2.54,3.0,3
15188,2026-05-16,Paid Search,/product/backpacks,9,8,0.4934,130.1,2.1,1.0,1
18250,2026-07-16,Social,/pricing,6,5,0.5302,122.6,2.26,0.0,0
11843,2026-03-10,Organic Search,/about-us,10,9,0.5492,173.0,2.47,0.0,0
13959,2026-04-21,Social,/home,16,14,0.4953,121.3,1.85,0.0,0
13531,2026-04-13,Organic Search,/product/winter-jackets,24,20,0.4073,182.6,2.77,1.0,3
15064,2026-05-13,Social,/checkout,3,3,0.4158,130.4,1.35,0.0,0
11576,2026-03-04,Social,/blog/summer-sale-guide,8,7,0.7975,152.6,1.0,0.0,0
17364,2026-06-29,Organic Search,/product/running-shoes,30,26,0.3884,155.1,2.7,0.0,3
14050,2026-04-23,Referral,/product/running-shoes,16,14,0.4259,162.8,3.18,0.0,0
16041,2026-06-02,Paid Search,/checkout,3,3,0.2751,200.7,2.97,0.0,1
13752,2026-04-17,Referral,/product/backpacks,16,13,0.395,176.0,2.66,2.0,2
17297,2026-06-27,Social,/product/backpacks,7,7,0.5489,154.3,2.02,0.0,0
15455,2026-05-21,Social,/product/running-shoes,18,15,0.463,124.9,3.2,2.0,2
15179,2026-05-16,Organic Search,/blog/how-to-choose-running-shoes,14,12,0.5832,250.0,1.89,0.0,0
14900,2026-05-10,Referral,/product/backpacks,6,5,0.3546,213.6,3.37,0.0,0
14119,2026-04-24,Direct,/product/running-shoes,14,13,0.2636,282.1,3.17,1.0,1
15561,2026-05-23,Social,/contact,7,6,,66.0,1.0,,0
16526,2026-06-12,Organic Search,/pricing,20,17,0.3048,239.8,2.74,1.0,2
12742,2026-03-28,Organic Search,/checkout,4,4,0.2224,276.3,3.58,0.0,1
16391,2026-06-09,Referral,/product/winter-jackets,9,8,0.3832,228.5,2.36,0.0,1
15214,2026-05-16,Social,/checkout,4,4,0.4962,108.8,2.55,0.0,0
10208,2026-02-05,Organic Search,/contact,14,12,0.6638,,2.01,1.0,2
14157,2026-04-25,Referral,/checkout,2,2,0.2281,227.7,3.5,0.0,0
14269,2026-04-27,Direct,/product/running-shoes,8,7,0.2875,281.5,2.82,0.0,0
17156,2026-06-24,Direct,/product/running-shoes,16,14,0.3122,183.6,3.76,0.0,0
15285,2026-05-18,Paid Search,/product/running-shoes,16,15,0.5153,136.0,2.45,,4
15115,2026-05-14,Direct,/home,23,20,0.2302,237.1,3.23,1.0,3
18083,2026-07-13,Referral,/product/running-shoes,13,12,0.3713,228.4,2.8,0.0,0
18706,2026-07-25,Direct,/contact,3,3,0.5494,180.9,2.12,0.0,0
18132,2026-07-14,Referral,/home,18,17,0.2921,237.9,3.44,1.0,2
14938,2026-05-11,Paid Search,/product/winter-jackets,12,11,0.4199,175.8,2.79,1.0,2
15304,2026-05-18,Social,/home,21,19,0.5495,166.3,1.66,1.0,1
11659,2026-03-06,Paid Search,/checkout,3,3,0.3358,192.5,2.93,0.0,0
17285,2026-06-27,Referral,/product/running-shoes,10,9,0.3474,193.6,2.97,0.0,0
14924,2026-05-10,Direct,/pricing,5,4,0.2785,229.9,3.51,0.0,0
13250,2026-04-07,Referral,/home,19,18,0.2411,179.4,3.58,0.0,0
16920,2026-06-20,Organic Search,/product/backpacks,16,15,,158.8,2.99,1.0,1
11885,2026-03-10,Direct,/pricing,4,4,0.2669,212.8,3.26,0.0,0
17442,2026-06-30,Referral,/checkout,2,2,0.2354,259.7,3.63,0.0,0
12917,2026-03-31,Social,/blog/summer-sale-guide,13,12,0.7226,169.0,1.07,0.0,0
18584,2026-07-23,Referral,/blog/how-to-choose-running-shoes,11,10,0.499,236.1,2.66,0.0,0
13085,2026-04-04,Organic Search,/blog/how-to-choose-running-shoes,15,14,0.5705,230.9,1.24,1.0,1
15196,2026-05-16,Referral,/product/running-shoes,7,6,0.297,253.6,2.77,1.0,1
17262,2026-06-26,Direct,/pricing,5,5,0.2785,265.0,3.26,0.0,0
12181,2026-03-16,Direct,/about-us,7,6,0.4254,198.4,2.29,0.0,0
18464,2026-07-21,Organic Search,/blog/how-to-choose-running-shoes,28,26,0.6055,211.3,2.34,0.0,0
14915,2026-05-10,Social,/checkout,2,2,0.4199,141.0,3.62,0.0,1
14224,2026-04-26,Direct,/about-us,6,5,0.5149,151.8,2.13,0.0,0
12319,2026-03-19,Social,/blog/summer-sale-guide,5,4,0.7596,157.6,1.0,0.0,0
14083,2026-04-24,Organic Search,/blog/summer-sale-guide,20,19,0.5581,294.5,2.41,0.0,0
17628,2026-07-04,Paid Search,/blog/summer-sale-guide,16,15,0.7234,183.4,1.25,2.0,2
13332,2026-04-09,Organic Search,/product/winter-jackets,29,27,0.4931,205.9,1.96,0.0,0
10442,2026-02-09,Direct,/blog/how-to-choose-running-shoes,11,10,0.4542,287.7,2.34,1.0,1
17605,2026-07-03,Direct,/product/winter-jackets,16,13,0.3318,243.3,3.27,1.0,1
12353,2026-03-20,Paid Search,/checkout,4,3,0.3809,235.8,3.08,0.0,0
17076,2026-06-23,Paid Search,/home,29,24,0.328,147.4,4.11,1.0,1
11770,2026-03-08,Social,/product/winter-jackets,3,3,0.4824,159.6,2.44,0.0,0
14969,2026-05-11,Direct,/blog/how-to-choose-running-shoes,13,11,0.5707,302.3,1.84,1.0,1
10326,2026-02-07,Referral,/blog/summer-sale-guide,5,4,0.5797,256.1,1.75,1.0,1
10425,2026-02-09,Referral,/contact,4,4,0.5429,115.5,2.28,0.0,0
18520,2026-07-22,Paid Search,/home,22,20,0.5177,155.2,1.78,0.0,0
17314,2026-06-28,Organic Search,/product/running-shoes,31,26,0.3578,200.0,2.8,1.0,1
13865,2026-04-19,Social,/about-us,12,11,0.697,10.0,1.41,0.0,0
14807,2026-05-08,Social,/home,21,17,0.5677,89.2,1.63,0.0,0
14148,2026-04-25,Referral,/home,14,12,0.4006,222.5,,0.0,1
18156,2026-07-14,Direct,/blog/how-to-choose-running-shoes,10,10,0.5164,241.3,1.41,0.0,0
17968,2026-07-11,Organic Search,/about-us,14,12,0.6176,158.6,1.83,0.0,0
10868,2026-02-18,Referral,/blog/how-to-choose-running-shoes,5,4,0.5103,296.6,2.15,0.0,1
17290,2026-06-27,Referral,/about-us,7,6,0.4812,155.1,,0.0,0
10517,2026-02-11,Paid Search,/checkout,2,2,0.2924,196.4,3.4,0.0,0
10459,2026-02-10,Paid Search,/product/running-shoes,19,18,,194.4,1.73,2.0,2
18893,2026-07-29,Social,/blog/how-to-choose-running-shoes,14,13,0.7384,159.7,1.48,0.0,0
11663,2026-03-06,Referral,/product/backpacks,8,7,0.4191,213.5,2.93,0.0,0
14070,2026-04-23,Direct,/product/winter-jackets,9,8,0.3695,251.4,3.01,0.0,0
10019,2026-02-01,Paid Search,/pricing,2,2,0.5013,133.2,2.6,0.0,0
11650,2026-03-06,Paid Search,/home,19,17,0.5496,160.4,1.95,5.0,5
18579,2026-07-23,Paid Search,/checkout,5,5,0.3615,185.4,3.64,1.0,2
16722,2026-06-16,Organic Search,/blog/how-to-choose-running-shoes,38,36,0.6099,237.7,1.55,0.0,0
17685,2026-07-05,Referral,/product/winter-jackets,7,6,0.4362,174.1,2.22,0.0,1
17038,2026-06-22,Referral,/product/winter-jackets,10,9,0.4162,253.8,2.74,,0
12598,2026-03-25,Paid Search,/blog/how-to-choose-running-shoes,14,12,0.6979,200.2,1.62,1.0,1
13211,2026-04-06,Social,/product/running-shoes,26,22,0.6204,87.8,1.5,0.0,1
14234,2026-04-27,Organic Search,/about-us,14,12,0.4586,149.8,2.49,0.0,0
15177,2026-05-16,Organic Search,/product/winter-jackets,20,19,0.4286,184.6,2.58,2.0,2
10586,2026-02-12,Social,/pricing,4,4,0.4864,72.8,2.57,1.0,1
17467,2026-07-01,Organic Search,/blog/how-to-choose-running-shoes,36,33,0.5476,200.1,2.47,1.0,2
14755,2026-05-07,Referral,/contact,5,4,0.558,199.3,1.5,0.0,0
11939,2026-03-12,Organic Search,/product/backpacks,24,23,0.3726,186.3,2.69,3.0,4
14575,2026-05-03,Direct,/contact,1,1,0.4949,147.9,2.63,0.0,0
18946,2026-07-30,Social,/contact,7,6,0.7583,56.4,1.99,0.0,0
13158,2026-04-05,Referral,/pricing,1,1,0.2944,238.5,2.94,0.0,0
13018,2026-04-02,Social,/about-us,13,12,0.6721,40.7,1.0,0.0,0
11788,2026-03-09,Organic Search,/home,44,39,0.3996,200.2,2.49,4.0,6
13445,2026-04-11,Paid Search,/blog/summer-sale-guide,17,16,0.6131,229.7,2.07,0.0,0
13301,2026-04-08,Referral,/product/running-shoes,7,6,0.3089,179.5,2.64,0.0,0
14181,2026-04-26,Organic Search,/product/backpacks,18,16,0.3473,122.1,2.78,1.0,1
17176,2026-06-25,Paid Search,/product/running-shoes,21,19,0.4826,192.6,1.97,3.0,3
15017,2026-05-12,Direct,/product/winter-jackets,8,8,0.3432,233.9,2.81,0.0,0
18138,2026-07-14,Referral,/about-us,5,4,0.415,154.6,3.15,0.0,0
15721,2026-05-26,Direct,/contact,7,7,0.5215,138.3,2.12,0.0,0
13167,2026-04-05,Social,/contact,5,4,0.8162,10.0,1.0,0.0,0
12397,2026-03-21,Paid Search,/product/backpacks,3,3,0.4928,156.6,2.2,0.0,0
11866,2026-03-10,Referral,/checkout,2,2,0.3756,239.9,2.4,0.0,0
13086,2026-04-04,Organic Search,/blog/summer-sale-guide,8,8,0.6901,178.8,1.26,0.0,0
15652,2026-05-25,Referral,/pricing,8,7,0.3456,239.0,3.11,1.0,2
17488,2026-07-01,Referral,/blog/summer-sale-guide,10,9,0.5176,238.8,1.36,0.0,0
13948,2026-04-21,Paid Search,/checkout,6,5,0.2734,222.6,2.76,1.0,1
16489,2026-06-11,Referral,/product/running-shoes,12,11,0.2855,244.6,3.74,0.0,0
10123,2026-02-03,Referral,/product/winter-jackets,6,5,0.3442,222.8,2.18,0.0,0
11083,2026-02-22,Direct,/product/running-shoes,12,10,,257.1,3.44,2.0,2
12788,2026-03-29,Organic Search,/about-us,7,6,0.5424,174.8,1.75,0.0,0
16719,2026-06-16,Organic Search,/product/running-shoes,44,41,0.3247,185.8,2.59,0.0,2
18172,2026-07-15,Paid Search,/home,22,19,0.4015,110.1,2.15,1.0,2
16629,2026-06-14,Paid Search,/product/running-shoes,18,16,0.4352,,2.71,1.0,1
18285,2026-07-17,Referral,/product/backpacks,10,8,0.4141,210.8,2.55,2.0,2
12709,2026-03-27,Referral,/blog/summer-sale-guide,11,9,0.5267,259.7,2.57,0.0,0
11426,2026-03-01,Social,/blog/summer-sale-guide,6,6,0.8606,181.5,1.0,0.0,0
10404,2026-02-09,Organic Search,/about-us,7,7,0.6073,168.8,1.37,0.0,0
17986,2026-07-11,Referral,/blog/how-to-choose-running-shoes,10,9,0.5357,285.3,1.49,0.0,0
10644,2026-02-13,Direct,/about-us,10,8,0.4316,195.9,2.96,0.0,0
15032,2026-05-13,Organic Search,/contact,3,3,0.6092,129.0,1.58,0.0,0
10105,2026-02-03,Organic Search,/blog/how-to-choose-running-shoes,25,23,0.5239,250.4,2.45,1.0,1
12020,2026-03-13,Social,/blog/how-to-choose-running-shoes,6,5,0.7616,157.1,1.16,0.0,0
13319,2026-04-08,Social,/checkout,8,8,0.4565,145.7,3.31,2.0,2
18779,2026-07-27,Referral,/home,13,12,0.3097,240.3,2.81,0.0,0
14278,2026-04-28,Organic Search,/home,52,49,0.4428,201.2,2.49,2.0,3
18180,2026-07-15,Paid Search,/pricing,13,12,0.366,99.8,2.93,2.0,3
15373,2026-05-19,Direct,/checkout,6,5,0.2394,228.6,3.15,1.0,1
12801,2026-03-29,Paid Search,/checkout,2,2,0.3597,219.1,3.74,0.0,0
17917,2026-07-10,Organic Search,/blog/summer-sale-guide,29,26,0.5715,276.0,1.73,2.0,2
12609,2026-03-25,Referral,/blog/summer-sale-guide,6,5,0.5166,239.3,1.77,1.0,1
16878,2026-06-19,Paid Search,/product/running-shoes,23,21,0.4538,117.8,2.67,1.0,2
14259,2026-04-27,Social,/product/running-shoes,15,15,0.5201,87.9,2.08,1.0,1
13151,2026-04-05,Referral,/home,10,9,0.315,179.8,3.7,0.0,0
18625,2026-07-24,Paid Search,/about-us,12,11,0.55,142.2,2.26,0.0,0
17715,2026-07-06,Organic Search,/product/winter-jackets,30,25,0.4423,201.7,1.78,1.0,1
10756,2026-02-16,Paid Search,/product/winter-jackets,14,13,0.4922,195.9,3.07,,1
15602,2026-05-24,Referral,/pricing,5,4,0.335,246.1,3.67,0.0,0
18461,2026-07-21,Organic Search,/product/running-shoes,39,33,0.3268,222.1,2.99,0.0,1
12031,2026-03-13,Direct,/blog/summer-sale-guide,12,11,0.4559,267.9,2.24,0.0,0
11544,2026-03-04,Organic Search,/product/backpacks,14,12,0.3786,146.9,2.58,1.0,1
17602,2026-07-03,Social,/checkout,7,6,0.3793,169.7,2.56,0.0,1
11679,2026-03-06,Social,/checkout,3,3,,153.0,3.26,1.0,1
14613,2026-05-04,Social,/blog/summer-sale-guide,10,9,0.7421,149.4,1.0,0.0,0
18561,2026-07-23,Organic Search,/product/running-shoes,46,41,0.3938,160.7,2.28,5.0,7
10883,2026-02-18,Social,/checkout,5,4,0.4081,143.1,2.55,0.0,0
17597,2026-07-03,Social,/blog/how-to-choose-running-shoes,10,9,0.8271,127.7,1.03,0.0,0
14923,2026-05-10,Direct,/contact,5,4,0.5355,196.0,1.87,0.0,0
11390,2026-02-28,Direct,/pricing,6,5,0.2534,222.3,3.15,1.0,1
12270,2026-03-18,Social,/blog/summer-sale-guide,7,6,0.7239,117.4,1.88,0.0,0
13774,2026-04-17,Direct,/blog/summer-sale-guide,9,8,0.5541,213.3,1.84,1.0,1
15944,2026-05-31,Referral,/product/running-shoes,7,7,0.3007,251.7,3.18,0.0,0
10841,2026-02-17,Direct,/contact,1,1,0.4532,163.6,2.13,0.0,0
15757,2026-05-27,Social,/product/backpacks,7,7,0.5164,121.6,2.01,0.0,0
17886,2026-07-09,Referral,/product/backpacks,6,5,0.458,202.1,2.47,0.0,0
11483,2026-03-02,Direct,/product/winter-jackets,12,11,0.3117,250.3,2.79,0.0,0
18072,2026-07-13,Paid Search,/home,29,27,0.5144,170.4,1.0,0.0,1
14288,2026-04-28,Paid Search,/home,24,20,0.4564,178.9,1.95,1.0,1
14687,2026-05-06,Organic Search,/checkout,15,14,0.3359,176.7,2.14,0.0,0
15112,2026-05-14,Social,/contact,2,2,0.8272,71.3,1.8,0.0,0
11643,2026-03-06,Organic Search,/product/backpacks,17,15,250.0,146.2,2.3,0.0,0
10410,2026-02-09,Paid Search,/product/winter-jackets,17,16,0.4364,176.3,2.12,0.0,0
16668,2026-06-15,Organic Search,/home,46,41,0.3943,228.4,3.16,2.0,2
17002,2026-06-21,Social,/blog/summer-sale-guide,8,7,0.7608,159.9,1.52,0.0,0
16339,2026-06-08,Referral,/home,16,15,0.3508,201.3,2.44,0.0,0
12335,2026-03-20,Organic Search,/product/running-shoes,31,27,0.4329,211.2,2.63,5.0,6
10855,2026-02-18,Paid Search,/product/running-shoes,19,16,0.4535,177.0,2.89,1.0,3
17789,2026-07-07,Referral,/about-us,4,3,0.4904,195.8,1.68,0.0,0
15679,2026-05-26,Organic Search,/blog/summer-sale-guide,23,19,0.6178,227.2,1.94,1.0,1
16241,2026-06-06,Referral,/home,10,9,0.3373,185.4,2.96,0.0,0
10273,2026-02-06,Referral,/product/winter-jackets,11,10,0.3288,251.0,3.56,1.0,2
13192,2026-04-06,Paid Search,/product/winter-jackets,24,21,0.4383,202.0,1.82,1.0,1
12442,2026-03-22,Organic Search,/pricing,13,13,0.4029,239.4,3.23,1.0,3
18804,2026-07-27,Direct,/blog/summer-sale-guide,14,13,0.4861,278.8,2.65,,0
11061,2026-02-22,Paid Search,/checkout,3,3,0.2868,193.4,2.94,1.0,1
14197,2026-04-26,Paid Search,/checkout,3,3,0.2478,168.5,3.21,,0
14922,2026-05-10,Direct,/about-us,1,1,0.46,224.4,,0.0,0
11869,2026-03-10,Social,/product/winter-jackets,17,14,0.5277,104.5,2.01,0.0,0
10251,2026-02-06,Organic Search,/home,31,27,0.3114,242.1,3.04,1.0,1
10715,2026-02-15,Paid Search,/pricing,2,2,0.2571,194.1,3.35,0.0,0
11742,2026-03-08,Organic Search,/product/backpacks,13,11,0.3467,202.6,2.27,1.0,1
12125,2026-03-15,Direct,/home,11,9,0.2283,196.1,4.17,1.0,1
16061,2026-06-02,Social,/checkout,5,4,0.4171,133.7,2.3,0.0,0
10465,2026-02-10,Paid Search,/contact,7,7,0.6603,115.8,1.99,0.0,0
18184,2026-07-15,Referral,/product/winter-jackets,10,9,0.305,202.1,2.7,0.0,0
17772,2026-07-07,Organic Search,/checkout,11,10,0.317,226.1,3.0,1.0,1
14030,2026-04-23,Organic Search,/product/running-shoes,38,34,0.4466,263.2,2.19,3.0,4
16249,2026-06-06,Referral,/checkout,2,2,0.2249,288.8,3.51,0.0,0
18563,2026-07-23,Organic Search,/product/backpacks,20,19,0.4574,191.5,2.28,0.0,0
11357,2026-02-28,Paid Search,/blog/summer-sale-guide,8,8,,252.1,1.5,0.0,1
15818,2026-05-28,Direct,/blog/how-to-choose-running-shoes,10,9,0.5528,265.3,2.03,0.0,0
13489,2026-04-12,Paid Search,/home,43,41,0.4288,171.4,3.16,4.0,5
14390,2026-04-30,Paid Search,/product/winter-jackets,12,12,0.5395,179.0,,2.0,5
16338,2026-06-08,Paid Search,/checkout,10,10,0.305,185.2,3.11,2.0,3
14950,2026-05-11, referral ,/blog/how-to-choose-running-shoes,13,12,0.49,229.1,2.66,0.0,0
12086,2026-03-15,Organic Search,/product/running-shoes,24,22,0.3593,204.3,2.85,1.0,1
12660,2026-03-26,Referral,/about-us,7,6,0.4145,183.3,2.44,1.0,1
14265,2026-04-27,Social,/contact,7,6,0.8364,50.7,,0.0,0
17904,2026-07-09,Direct,/product/winter-jackets,18,17,0.366,232.1,2.95,1.0,2
10699,2026-02-15,Organic Search,/product/winter-jackets,18,16,0.4612,205.2,2.36,1.0,2
14040,2026-04-23,Paid Search,/product/running-shoes,16,15,0.5071,171.4,,2.0,3
15138,2026-05-15,Paid Search,/product/backpacks,8,7,0.437,196.0,2.74,0.0,1
17859,2026-07-08,Direct,/about-us,11,11,0.386,166.8,3.23,0.0,0
11753,2026-03-08,Paid Search,/blog/how-to-choose-running-shoes,12,11,0.6756,220.4,1.52,1.0,1
10087,2026-02-02,Social,/about-us,8,7,0.6363,52.9,2.04,0.0,0
15317,2026-05-18,Direct,/product/backpacks,8,7,0.4007,254.1,3.83,0.0,0
17975,2026-07-11,Paid Search,/product/backpacks,8,7,0.5479,154.5,2.54,0.0,0
18071,2026-07-13,Organic Search,/checkout,15,14,0.3387,235.1,3.15,2.0,2
13983,2026-04-22,Organic Search,/blog/how-to-choose-running-shoes,20,17,0.624,287.0,1.09,0.0,0
12426,2026-03-21,Direct,/product/winter-jackets,7,6,0.337,225.5,3.19,0.0,0
14542,2026-05-03,Paid Search,/blog/how-to-choose-running-shoes,8,7,0.5584,216.1,2.04,1.0,1
13400,2026-04-10,Referral,/home,22,19,0.3529,,2.77,1.0,2
13671,2026-04-15,Direct,/product/winter-jackets,12,10,0.3559,144.3,2.83,0.0,1
16932,2026-06-20,Paid Search,/blog/summer-sale-guide,19,16,0.5935,193.7,2.17,0.0,1
16661,2026-06-14,Direct,/product/backpacks,4,4,0.3302,217.3,2.22,0.0,0
11355,2026-02-28,Paid Search,/product/backpacks,6,6,0.4707,166.5,2.88,0.0,0
18933,2026-07-30,Referral,/blog/how-to-choose-running-shoes,11,11,0.5078,225.9,2.06,0.0,0
10398,2026-02-09,Organic Search,/home,32,30,0.2482,184.1,3.48,2.0,2
14878,2026-05-10,Organic Search,/product/running-shoes,31,26,0.3667,203.0,2.75,3.0,4
17991,2026-07-11,Referral,/checkout,4,3,0.2039,,3.73,1.0,1
15484,2026-05-22,Paid Search,/home,30,26,0.4297,152.9,2.36,1.0,2
12820,2026-03-29,Social,/pricing,6,5,0.5332,69.0,1.86,0.0,0
17693,2026-07-05,Social,/home,22,20,0.537,117.5,1.42,0.0,0
18925,2026-07-30,Paid Search,/about-us,6,5,0.5338,137.8,2.71,0.0,0
13126,2026-04-04,Direct,/blog/summer-sale-guide,7,7,0.5904,241.5,2.02,1.0,1
18415,2026-07-20,Organic Search,/blog/summer-sale-guide,31,26,0.711,241.6,1.14,1.0,2
14397,2026-04-30,Paid Search,/checkout,2,2,0.3494,173.2,3.31,0.0,0
14478,2026-05-02,Organic Search,/home,29,24,0.4354,240.4,2.53,0.0,0
18985,2026-07-31,Referral,/about-us,7,6,0.453,99.5,1.73,0.0,0
14782,2026-05-08,Organic Search,/blog/how-to-choose-running-shoes,25,22,0.5937,,1.74,0.0,0
16404,2026-06-09,Social,/blog/summer-sale-guide,17,15,0.7862,186.0,1.17,,1
17213,2026-06-25,Direct,/pricing,6,5,0.296,262.8,4.28,1.0,1
18394,2026-07-19,Social,/product/backpacks,5,4,0.6352,98.9,1.23,0.0,0
18317,2026-07-18,Organic Search,/blog/summer-sale-guide,23,22,0.6163,204.1,1.58,0.0,0
18387,2026-07-19,Referral,/about-us,3,3,0.4901,172.6,2.4,0.0,0
14372,2026-04-29,Direct,/blog/how-to-choose-running-shoes,8,8,0.4743,271.2,2.69,0.0,0
13627,2026-04-14,Direct,/pricing,6,5,0.2921,279.7,3.31,1.0,1
13849,2026-04-19,Referral,/home,5,4,0.3711,186.2,2.81,0.0,0
13850,2026-04-19,Referral,/product/running-shoes,8,7,0.4368,214.7,1.73,0.0,0
16053,2026-06-02,Social,/product/running-shoes,25,21,0.5504,85.9,2.09,2.0,2
11231,2026-02-25,Social,/checkout,1,1,0.4707,80.5,2.52,0.0,0
18682,2026-07-25,Referral,/product/backpacks,10,9,0.4272,211.9,3.08,0.0,0
16554,2026-06-12,Social,/about-us,3,2,0.6581,20.8,1.53,0.0,0
14501,2026-05-02,Referral,/product/backpacks,6,5,0.242,177.4,2.93,0.0,0
15164,2026-05-15,Social,/checkout,4,4,0.4564,148.2,2.8,,0
17616,2026-07-04,Organic Search,/product/backpacks,20,18,0.4563,191.2,,1.0,1
15185,2026-05-16,Paid Search,/home,33,29,0.4095,94.3,2.62,2.0,2
11154,2026-02-24,Paid Search,/product/winter-jackets,9,8,0.3553,155.7,3.49,0.0,0
16894,2026-06-19,Referral,/contact,6,5,0.5884,150.1,,1.0,1
14432,2026-05-01,Organic Search,/blog/how-to-choose-running-shoes,25,24,0.5721,225.6,1.94,1.0,1
17872,2026-07-09,Organic Search,/checkout,6,5,0.3732,201.2,2.37,1.0,1
13246,2026-04-07,Paid Search,/about-us,15,14,0.6157,121.9,1.18,1.0,1
13294,2026-04-08,Paid Search,/blog/how-to-choose-running-shoes,16,15,,257.6,1.95,0.0,0
18104,2026-07-13,Direct,/product/winter-jackets,9,8,0.3814,216.6,2.02,0.0,0
16888,2026-06-19,Referral,/product/running-shoes,16,15,0.3526,247.2,3.02,0.0,0
18417,2026-07-20,Organic Search,/contact,7,6,0.6691,130.8,1.7,0.0,0
10684,2026-02-14,Social,/contact,4,4,0.7489,10.0,1.8,0.0,0
18473,2026-07-21,Paid Search,/product/backpacks,9,9,0.5106,202.5,1.85,0.0,0
16617,2026-06-13,Direct,/checkout,4,3,0.1723,233.1,3.87,1.0,1
16784,2026-06-17,Paid Search,/about-us,8,7,0.6227,150.0,1.86,0.0,0
13305,2026-04-08,Referral,/blog/summer-sale-guide,12,10,0.5547,180.3,1.92,1.0,1
13589,2026-04-14,Paid Search,/home,40,36,0.3951,184.4,2.44,2.0,2
13181,2026-04-06,Organic Search,/product/running-shoes,39,32,0.3278,209.3,3.22,3.0,3
15087,2026-05-14,Paid Search,/product/winter-jackets,14,12,0.4519,132.7,2.91,2.0,2
17626,2026-07-04,Paid Search,/product/backpacks,10,9,0.3836,152.4,2.21,1.0,1
16616,2026-06-13,Direct,/pricing,4,3,0.3736,264.4,2.36,0.0,0
13376,2026-04-09,Direct,/about-us,6,5,0.4348,198.2,3.02,0.0,0
11733,2026-03-07,Direct,/product/backpacks,4,4,0.3398,221.9,2.07,0.0,0
17843,2026-07-08,Social,/home,20,18,0.6071,103.8,1.71,0.0,0
10289,2026-02-06,Social,/pricing,9,8,0.4599,102.3,1.6,0.0,1
12377,2026-03-20,Direct,/product/backpacks,8,8,0.3505,270.4,2.86,1.0,1
18573,2026-07-23,Paid Search,/product/backpacks,12,10,0.5448,217.9,2.39,0.0,1
18634,2026-07-24,Referral,/blog/summer-sale-guide,12,11,0.612,254.1,1.94,1.0,1
16159,2026-06-04,Social,/pricing,5,4,0.4724,120.5,2.13,0.0,0
16770,2026-06-17,Organic Search,/product/winter-jackets,27,25,0.431,179.6,2.92,2.0,3
18606,2026-07-23,Direct,/contact,5,4,0.5417,128.6,2.24,0.0,0
16603,2026-06-13,Social,/blog/summer-sale-guide,6,6,0.7515,139.8,1.56,0.0,0
15849,2026-05-29,Referral,/blog/summer-sale-guide,5,4,0.6028,291.8,2.16,0.0,0
16496,2026-06-11,Referral,/pricing,9,7,0.3024,212.6,3.32,0.0,1
16610,2026-06-13,Direct,/product/winter-jackets,5,5,0.365,194.8,2.31,1.0,1
12539,2026-03-24,Organic Search,/blog/summer-sale-guide,24,23,,179.0,1.72,,1
16227,2026-06-06,Organic Search,/about-us,6,5,0.5587,195.7,2.14,0.0,0
15286,2026-05-18,Paid Search,/product/winter-jackets,16,13,0.5277,190.9,2.04,2.0,2
14959,2026-05-11,Social,/blog/how-to-choose-running-shoes,18,16,0.7007,214.3,1.48,0.0,0
11111,2026-02-23,Paid Search,/checkout,8,7,0.2633,172.7,3.3,2.0,2
12356,2026-03-20,Referral,/product/winter-jackets,7,7,0.3045,154.0,3.85,0.0,1
17363,2026-06-29,Organic Search,/home,48,41,0.3685,161.8,3.03,4.0,4
15506,2026-05-22,Social,/product/winter-jackets,16,13,0.6511,93.7,1.15,0.0,0
15558,2026-05-23,Social,/blog/how-to-choose-running-shoes,8,7,0.7138,135.0,1.0,0.0,0
13794,2026-04-18,Paid Search,/blog/summer-sale-guide,18,17,0.6864,219.6,1.27,1.0,1
10038,2026-02-01,Social,/contact,3,3,0.7422,48.0,1.0,0.0,0
10751,2026-02-16,Organic Search,/contact,10,8,0.5742,122.2,2.3,0.0,0
12502,2026-03-23,Paid Search,/pricing,7,7,0.4192,193.6,2.39,1.0,1
16769,2026-06-17,Organic Search,/product/running-shoes,40,38,0.41,235.2,2.93,2.0,2
18170,2026-07-15,Organic Search,/pricing,21,20,0.2553,234.9,2.88,1.0,2
14251,2026-04-27,Referral,/product/backpacks,8,8,0.4065,216.3,2.63,2.0,2
18691,2026-07-25,Social,/product/winter-jackets,10,9,0.6507,76.0,1.6,0.0,0
10257,2026-02-06,Organic Search,/about-us,10,10,0.4629,183.4,2.69,0.0,0
12450,2026-03-22,Paid Search,/about-us,7,6,0.617,129.7,1.89,0.0,0
11660,2026-03-06,Referral,/home,13,12,0.3702,174.2,3.06,0.0,1
10707,2026-02-15,Paid Search,/home,20,17,0.4209,252.4,3.48,1.0,3
14454,2026-05-01,Referral,/about-us,6,5,0.4929,201.2,2.64,0.0,0
17533,2026-07-02,Referral,/home,27,25,0.3948,232.2,2.35,1.0,2
17828,2026-07-08,Paid Search,/blog/summer-sale-guide,18,17,0.7182,196.5,1.0,0.0,0
14786,2026-05-08,Organic Search,/pricing,13,11,0.3705,236.2,3.22,2.0,2
15426,2026-05-21,Organic Search,/product/winter-jackets,19,18,0.3067,169.8,2.94,2.0,2
18760,2026-07-27,Organic Search,/product/running-shoes,33,30,0.3297,221.5,3.13,4.0,5
16669,2026-06-15,Organic Search,/product/running-shoes,33,30,0.3155,194.3,2.6,3.0,4
10726,2026-02-15,Social,/product/winter-jackets,5,5,0.6003,112.6,1.6,0.0,0
12455,2026-03-22,Referral,/product/running-shoes,5,4,0.3276,200.1,3.0,1.0,1
11152,2026-02-24,Paid Search,/home,32,29,,176.8,3.24,3.0,3
16990,2026-06-21,Referral,/product/backpacks,6,5,0.3251,183.1,2.9,0.0,0
13424,2026-04-10,Direct,/blog/how-to-choose-running-shoes,16,13,0.4552,296.2,2.2,1.0,1
11646,2026-03-06,Organic Search,/about-us,16,14,0.4408,112.7,2.46,3.0,3
10563,2026-02-12,Paid Search,/blog/summer-sale-guide,12,10,0.6853,181.7,1.14,1.0,1
10806,2026-02-17,Paid Search,/product/winter-jackets,17,15,0.448,167.2,3.45,3.0,3
18552,2026-07-22,Direct,/product/winter-jackets,7,6,0.31,211.1,3.54,0.0,0
12275,2026-03-18,Direct,/home,14,12,0.2541,247.7,2.88,0.0,0
10800,2026-02-17,Organic Search,/about-us,12,11,0.5829,177.9,1.23,0.0,0
16051,2026-06-02,Referral,/checkout,3,3,0.2787,,3.11,0.0,0
18818,2026-07-28,Organic Search,/checkout,10,8,0.3695,232.6,2.52,0.0,0
16867,2026-06-19,Organic Search,/home,52,46,0.4118,195.6,3.4,2.0,3
10383,2026-02-08,Social,/blog/summer-sale-guide,5,4,0.7964,107.8,1.0,0.0,0
10629,2026-02-13,Social,/product/running-shoes,12,10,0.5602,63.2,2.72,0.0,0
13974,2026-04-21,Direct,/blog/summer-sale-guide,10,9,0.5383,266.1,2.31,0.0,0
15390,2026-05-20,Paid Search,/about-us,10,9,0.5814,86.4,1.87,0.0,1
17540,2026-07-02,Referral,/contact,6,5,0.4581,115.1,,0.0,0
15133,2026-05-15,Organic Search,/pricing,18,15,0.3262,177.6,3.14,1.0,1
10303,2026-02-07,Organic Search,/product/winter-jackets,16,15,0.3959,244.6,2.57,0.0,0
16557,2026-06-12,Social,/checkout,8,8,0.4885,116.0,2.72,0.0,0
11791,2026-03-09,Organic Search,/product/backpacks,15,15,0.4087,116.5,2.02,0.0,0
14422,2026-04-30,Direct,/blog/how-to-choose-running-shoes,14,13,0.5482,280.2,1.97,0.0,0
13951,2026-04-21,Referral,/product/winter-jackets,9,8,0.432,209.6,3.43,0.0,0
12789,2026-03-29,Organic Search,/contact,11,9,0.6981,113.2,1.23,0.0,0
13269,2026-04-07,Social,/checkout,6,5,0.4831,178.3,2.29,0.0,0
16292,2026-06-07,Referral,/product/winter-jackets,7,6,0.3762,212.3,3.36,0.0,0
10377,2026-02-08,Referral,/checkout,1,1,0.2722,215.1,3.62,0.0,0
11732,2026-03-07,Direct,/product/winter-jackets,4,4,0.3139,254.4,3.51,1.0,1
18545,2026-07-22,Social,/blog/summer-sale-guide,12,10,0.8279,146.6,,0.0,0
14714,2026-05-06,Social,/about-us,6,5,0.6745,72.9,1.1,0.0,0
10637,2026-02-13,Social,/checkout,2,2,0.4955,136.5,1.99,0.0,1
17292,2026-06-27,Referral,/pricing,5,5,0.2193,,3.14,0.0,0
18016,2026-07-12,Organic Search,/blog/how-to-choose-running-shoes,21,19,0.561,240.3,2.36,1.0,1
10638,2026-02-13,Direct,/home,16,16,0.3319,234.4,3.86,0.0,0
15125,2026-05-15,Organic Search,/home,46,39,0.3519,234.4,3.32,2.0,2
15302,2026-05-18,Referral,/pricing,7,6,0.2948,221.3,4.11,0.0,0
18086,2026-07-13,Referral,/blog/how-to-choose-running-shoes,13,12,0.5122,291.8,2.62,0.0,0
14001,2026-04-22,Referral,/product/winter-jackets,10,10,0.3481,194.8,2.92,0.0,0
17905,2026-07-09,Direct,/product/backpacks,8,7,0.3014,222.6,3.33,0.0,0
11122,2026-02-23,Social,/home,24,22,0.5284,140.1,2.3,0.0,0
10842,2026-02-17,Direct,/pricing,6,5,0.3293,231.2,3.24,1.0,1
12497,2026-03-23,Paid Search,/product/backpacks,10,9,0.5432,175.8,2.0,1.0,2
10929,2026-02-19,Social,/about-us,5,5,0.658,72.0,1.44,0.0,0
13173,2026-04-05,Direct,/product/backpacks,6,6,0.2541,215.0,3.53,0.0,0
17422,2026-06-30,Organic Search,/checkout,16,15,0.2447,194.4,3.21,3.0,3
16721,2026-06-16,Organic Search,/product/backpacks,26,25,,163.0,2.26,0.0,1
15171,2026-05-15,Direct,/about-us,7,7,0.4879,162.0,2.78,0.0,0
11990,2026-03-13,Organic Search,/blog/how-to-choose-running-shoes,24,21,0.5194,258.0,1.89,1.0,1
18653,2026-07-24,Direct,/blog/how-to-choose-running-shoes,18,16,0.5054,290.4,2.2,0.0,0
17950,2026-07-10,Social,/pricing,8,8,0.529,123.9,2.27,0.0,0
17716,2026-07-06,Organic Search,/product/backpacks,28,24,0.4229,171.5,3.25,1.0,1
12382,2026-03-20,Direct,/pricing,12,11,0.2082,293.5,3.25,0.0,0
10582,2026-02-12,Social,/blog/how-to-choose-running-shoes,8,7,0.6643,119.9,1.71,0.0,0
16476,2026-06-11,Organic Search,/pricing,13,12,0.3631,225.7,2.65,1.0,1
10777,2026-02-16,Social,/product/backpacks,10,9,0.6193,,1.41,0.0,0
12746,2026-03-28,Paid Search,/product/backpacks,10,8,0.5006,170.6,2.43,0.0,0
14612,2026-05-04,Social,/blog/how-to-choose-running-shoes,9,7,0.7137,186.3,1.09,0.0,0
14277,2026-04-27,Direct,/checkout,2,2,0.1979,266.2,3.18,0.0,0
11282,2026-02-26,Direct,/home,15,13,0.3228,227.6,2.61,0.0,0
16157,2026-06-04,Social,/about-us,6,5,0.6314,115.1,1.72,0.0,0
16495,2026-06-11,Referral,/contact,7,6,0.5154,105.3,1.59,0.0,0
11315,2026-02-27,Referral,/product/backpacks,6,6,0.3642,,3.21,,1
17000,2026-06-21,Social,/product/backpacks,4,4,0.6191,81.7,1.94,0.0,0
16783,2026-06-17,Paid Search,/blog/summer-sale-guide,13,11,0.6718,176.3,1.73,0.0,0
15142,2026-05-15,Paid Search,/contact,3,3,0.6575,122.6,1.71,0.0,0
13177,2026-04-05,Direct,/contact,3,3,0.5197,100.7,2.42,0.0,0
14076,2026-04-23,Direct,/pricing,7,7,0.3285,214.2,3.0,0.0,0
16860,2026-06-18,Direct,/product/backpacks,6,5,0.3923,210.7,2.43,1.0,2
18314,2026-07-18,Organic Search,/product/winter-jackets,16,13,0.3623,185.2,3.3,3.0,3
10470,2026-02-10,Referral,/product/winter-jackets,13,12,0.3546,147.4,2.16,1.0,1
13823,2026-04-18,Direct,/blog/how-to-choose-running-shoes,6,5,0.5773,259.2,1.87,0.0,0
16999,2026-06-21,Social,/product/winter-jackets,11,9,0.562,95.6,1.66,1.0,1
18750,2026-07-26,Direct,/product/running-shoes,11,9,0.3827,262.2,2.43,0.0,0
17805,2026-07-07,Direct,/product/winter-jackets,11,10,0.2816,282.2,3.11,0.0,1
14910,2026-05-10,Social,/blog/how-to-choose-running-shoes,7,7,0.6375,169.2,1.53,0.0,0
18196,2026-07-15,Social,/blog/how-to-choose-running-shoes,11,9,0.7433,123.5,1.34,0.0,0
13408,2026-04-10,Referral,/pricing,6,5,0.3895,250.1,3.32,0.0,0
10771,2026-02-16,Referral,/contact,5,4,0.5697,161.3,2.15,0.0,0
12083,2026-03-14,Direct,/pricing,3,3,0.2414,299.0,,0.0,0
11970,2026-03-12,Social,/blog/how-to-choose-running-shoes,16,15,0.7487,179.5,1.0,,0
12229,2026-03-17,Direct,/blog/how-to-choose-running-shoes,15,12,0.5715,303.3,2.06,1.0,1
17446,2026-06-30,Social,/product/backpacks,9,7,0.6005,103.9,1.51,1.0,1
15105,2026-05-14,Social,/home,33,29,0.6284,74.3,1.0,0.0,0
10335,2026-02-07,Social,/blog/how-to-choose-running-shoes,11,9,0.6723,158.5,2.19,0.0,0
15824,2026-05-29,Organic Search,/home,61,51,0.3893,180.2,2.86,0.0,1
13648,2026-04-15,Paid Search,/checkout,7,6,0.3211,190.1,3.05,1.0,2
15265,2026-05-17,Direct,/product/running-shoes,5,5,0.3377,266.4,3.1,1.0,2
14660,2026-05-05,Social,/product/winter-jackets,11,9,0.6063,156.1,2.18,0.0,0
15383,2026-05-20,Organic Search,/checkout,8,7,0.2943,220.8,2.89,1.0,1
11327,2026-02-27,Social,/blog/summer-sale-guide,8,8,0.7471,123.7,1.96,0.0,0
10345,2026-02-07,Direct,/blog/how-to-choose-running-shoes,7,6,0.4764,242.1,1.86,0.0,1
12311,2026-03-19,Referral,/about-us,9,8,0.5167,163.1,2.38,0.0,0
11243,2026-02-26,Organic Search,/product/running-shoes,34,28,0.4468,211.3,2.16,4.0,5
13357,2026-04-09,Referral,/contact,5,4,0.6308,198.0,2.15,0.0,0
15267,2026-05-17,Direct,/product/backpacks,6,6,0.3694,243.4,2.4,0.0,0
18674,2026-07-25,Paid Search,/blog/summer-sale-guide,17,16,0.7074,155.5,,1.0,2
11209,2026-02-25,Paid Search,/contact,5,5,0.6985,87.3,1.6,0.0,0
11099,2026-02-23,Organic Search,/contact,10,9,0.6299,109.4,1.71,0.0,0
15143,2026-05-15,Paid Search,/pricing,11,9,0.3561,195.9,2.31,2.0,2
12610,2026-03-25,Referral,/about-us,6,5,0.4998,215.4,2.86,0.0,0
16068,2026-06-02,Direct,/about-us,9,8,0.3494,166.1,3.44,0.0,0
13120,2026-04-04,Social,/checkout,3,3,0.4643,94.6,2.53,0.0,0
13303,2026-04-08,Referral,/product/backpacks,9,8,0.3972,210.0,2.22,0.0,0
10174,2026-02-04,Referral,/product/backpacks,6,5,0.3208,266.1,2.52,0.0,0
17296,2026-06-27,Social,/product/winter-jackets,8,7,0.5247,81.0,1.39,0.0,0
10185,2026-02-04,Social,/blog/how-to-choose-running-shoes,9,8,0.7807,112.8,1.0,0.0,0
13944,2026-04-21,Paid Search,/blog/summer-sale-guide,10,9,0.6523,205.0,1.85,0.0,0
11822,2026-03-09,Social,/blog/how-to-choose-running-shoes,15,14,0.7289,185.5,1.94,0.0,0
11500,2026-03-03,Organic Search,/checkout,10,10,0.1901,247.5,3.98,1.0,1
10236,2026-02-05,Social,/blog/summer-sale-guide,12,10,0.7436,156.7,1.28,0.0,0
14532,2026-05-03,Organic Search,/blog/how-to-choose-running-shoes,22,21,0.5625,203.2,1.75,0.0,0
17992,2026-07-11,Social,/home,13,11,0.4755,115.8,2.65,0.0,0
15009,2026-05-12,Social,/blog/how-to-choose-running-shoes,12,11,0.7297,198.7,1.3,0.0,0
11105,2026-02-23,Paid Search,/product/backpacks,6,6,0.5909,154.3,2.43,1.0,1
17477,2026-07-01,Paid Search,/blog/how-to-choose-running-shoes,15,12,0.6202,165.0,1.45,2.0,2
15540,2026-05-23,Paid Search,/about-us,4,4,0.633,148.3,1.48,0.0,0
16080,2026-06-03,Organic Search,/pricing,16,14,0.3428,171.4,2.35,0.0,0
17926,2026-07-10,Paid Search,/blog/how-to-choose-running-shoes,18,17,0.629,234.5,1.69,2.0,2
10918,2026-02-19,Referral,/blog/how-to-choose-running-shoes,8,7,0.503,248.2,1.83,0.0,0
16678,2026-06-15,Paid Search,/home,29,25,0.3855,177.3,2.22,0.0,2
16288,2026-06-07,Paid Search,/pricing,3,3,0.4176,196.2,3.16,0.0,0
16702,2026-06-15,Social,/blog/how-to-choose-running-shoes,10,9,0.7257,131.6,1.22,1.0,1
10604,2026-02-13,Organic Search,/about-us,13,12,0.5322,209.5,1.94,,1
13346,2026-04-09,Paid Search,/about-us,12,11,0.5647,74.5,2.36,0.0,0
16447,2026-06-10,Referral,/checkout,6,5,0.2158,185.5,3.17,0.0,0
14452,2026-05-01,Referral,/blog/how-to-choose-running-shoes,6,5,0.5384,266.2,2.07,0.0,0
11465,2026-03-02,Referral,/blog/how-to-choose-running-shoes,13,11,0.529,305.7,2.51,1.0,1
15272,2026-05-17,Direct,/pricing,9,7,0.3668,211.1,2.66,1.0,1
14055,2026-04-23,Referral,/about-us,4,3,0.4077,180.9,2.73,0.0,0
14308,2026-04-28,Social,/home,17,15,0.5968,91.5,2.15,0.0,1
11214,2026-02-25,Referral,/product/winter-jackets,4,4,0.3613,244.1,3.18,0.0,0
12829,2026-03-29,Direct,/contact,5,4,0.5642,216.2,2.23,0.0,0
10117,2026-02-03,Paid Search,/about-us,6,6,0.5344,164.0,2.73,0.0,0
18202,2026-07-15,Direct,/home,17,16,0.245,263.6,3.84,0.0,0
11831,2026-03-09,Direct,/blog/how-to-choose-running-shoes,14,13,0.559,259.2,2.13,3.0,3
14974,2026-05-11,Direct,/checkout,4,4,0.2593,288.4,3.0,0.0,0
13979,2026-04-22,Organic Search,/home,28,26,0.3781,189.1,2.79,1.0,1
10043,2026-02-01,Direct,/product/winter-jackets,10,9,0.3446,239.5,2.89,0.0,1
11071,2026-02-22,Referral,/checkout,4,4,0.3763,225.8,2.32,0.0,1
15050,2026-05-13,Referral,/blog/summer-sale-guide,5,4,0.5661,232.6,2.11,0.0,0
15389,2026-05-20,Paid Search,/blog/summer-sale-guide,12,11,0.6731,148.3,1.62,1.0,1
17384,2026-06-29,Referral,/product/running-shoes,17,16,,202.5,2.67,1.0,2
14209,2026-04-26,Social,/product/running-shoes,13,12,0.6045,95.7,1.01,0.0,0
10983,2026-02-20,Direct,/home,18,17,0.248,209.8,3.39,2.0,3
16956,2026-06-20,Social,/checkout,1,1,0.458,119.6,2.44,,0
10544,2026-02-11,Direct,/about-us,1,1,0.4458,218.1,2.86,0.0,0
11158,2026-02-24,Paid Search,/about-us,7,6,0.5448,125.5,1.86,0.0,0
17316,2026-06-28,Organic Search,/product/backpacks,18,15,0.4058,151.6,2.44,1.0,1
16898,2026-06-19,Social,/product/running-shoes,14,12,0.5352,128.8,2.28,0.0,0
13279,2026-04-07,Direct,/checkout,7,6,0.2328,257.8,3.51,0.0,0
18316,2026-07-18,Organic Search,/blog/how-to-choose-running-shoes,25,21,0.5833,214.0,2.54,0.0,0
11328,2026-02-27,Social,/about-us,6,5,0.6611,43.5,1.15,0.0,0
13061,2026-04-03,Referral,/checkout,2,2,0.197,217.0,3.33,1.0,1
16893,2026-06-19,Referral,/about-us,7,6,0.5024,189.5,2.76,0.0,0
18181,2026-07-15,Paid Search,/checkout,5,4,0.2623,,3.54,2.0,2
12017,2026-03-13,Social,/product/running-shoes,17,15,0.5253,162.7,2.46,0.0,0
16298,2026-06-07,Referral,/pricing,4,4,0.3178,258.5,3.38,1.0,1
17436,2026-06-30,Referral,/product/backpacks,8,7,0.3869,101.3,2.36,0.0,0
11812,2026-03-09,Referral,/blog/how-to-choose-running-shoes,8,7,0.4704,285.5,2.3,0.0,0
13431,2026-04-11,Organic Search,/product/running-shoes,32,29,0.4022,221.1,2.98,4.0,5
15778,2026-05-28,Organic Search,/blog/how-to-choose-running-shoes,39,36,0.6577,278.3,1.12,1.0,2
13916,2026-04-20,Social,/contact,15,14,0.8044,20.3,1.4,0.0,0
15358,2026-05-19,Social,/blog/how-to-choose-running-shoes,10,9,0.6964,129.1,1.9,0.0,0
13467,2026-04-11,Social,/contact,11,9,0.8738,29.0,1.0,0.0,0
18670,"July 25, 2026",Paid Search,/product/running-shoes,17,14,0.5497,145.3,1.26,3.0,5
14606,2026-05-04,Referral,/pricing,5,4,0.4338,,2.36,0.0,0
10365,2026-02-08,Paid Search,/blog/summer-sale-guide,8,7,0.6237,234.1,1.88,0.0,0
11789,2026-03-09,Organic Search,/product/running-shoes,25,22,0.4304,206.6,2.52,1.0,1
17440,2026-06-30,Referral,/contact,1,1,0.5312,157.9,1.35,0.0,0
10077,2026-02-02,Referral,/about-us,3,3,0.4206,205.8,2.35,0.0,0
10189,2026-02-04,Social,/pricing,8,8,0.5049,110.4,1.8,0.0,1
13406,2026-04-10,Referral,/about-us,4,4,0.4044,186.6,3.28,1.0,1
17012,2026-06-21,Direct,/blog/summer-sale-guide,5,5,0.4961,276.8,2.69,0.0,0
12023,2026-03-13,Social,/contact,4,4,0.733,10.0,1.12,0.0,0
13058,2026-04-03,Referral,/about-us,4,3,,136.2,2.34,0.0,0
17821,2026-07-08,Organic Search,/pricing,14,12,0.2575,186.0,3.39,3.0,3
14257,2026-04-27,Referral,/checkout,5,5,0.2284,218.9,3.64,0.0,0
14171,2026-04-25,Direct,/product/backpacks,7,7,0.4235,226.1,2.77,0.0,0
11853,2026-03-10,Paid Search,/about-us,10,9,0.5779,153.8,1.53,0.0,1
15858,2026-05-29,Social,/blog/how-to-choose-running-shoes,15,13,0.7393,134.7,1.5,0.0,0
13442,2026-04-11,Paid Search,/product/winter-jackets,24,21,0.4618,218.5,2.37,1.0,2
15986,2026-06-01,Paid Search,/blog/how-to-choose-running-shoes,14,13,0.6925,189.7,1.56,2.0,2
12594,2026-03-25,Paid Search,/home,31,27,0.4843,151.1,2.2,2.0,4
13315,2026-04-08,Social,/blog/summer-sale-guide,23,19,0.6773,59.8,1.78,0.0,0
10324,2026-02-07,Referral,/product/backpacks,6,5,0.3559,254.7,3.43,0.0,0
16279,2026-06-07,Organic Search,/checkout,5,4,0.3205,240.2,3.1,0.0,0
12491,2026-03-23,Organic Search,/contact,2,2,0.5616,136.1,1.67,1.0,1
11604,2026-03-05,Paid Search,/product/backpacks,16,14,0.4218,120.4,2.83,0.0,1
12498,2026-03-23,Paid Search,/blog/how-to-choose-running-shoes,11,10,0.6587,170.7,1.27,0.0,0
10796,2026-02-17,Organic Search,/product/winter-jackets,27,26,0.3994,167.0,2.96,1.0,3
12434,2026-03-22,Organic Search,/home,31,29,0.4568,156.6,3.17,0.0,0
17745,2026-07-06,Social,/product/winter-jackets,16,15,0.5351,92.2,2.21,0.0,0
18871,2026-07-29,Paid Search,/product/winter-jackets,13,11,0.4497,139.8,2.52,2.0,2
18460,2026-07-21,Organic Search,/home,55,48,0.4011,217.8,3.27,6.0,7
14834,2026-05-09,Organic Search,/contact,11,10,0.6936,169.6,1.2,0.0,0
10553,2026-02-12,Organic Search,/blog/summer-sale-guide,19,16,0.6098,244.6,1.16,0.0,0
13701,2026-04-16,Referral,/product/winter-jackets,5,5,0.3126,184.2,2.82,0.0,0
18000,2026-07-11,Social,/pricing,4,4,0.4739,125.8,1.47,0.0,0
12939,2026-04-01,Organic Search,/contact,18,17,0.6935,157.1,1.0,0.0,0
12523,2026-03-23,Social,/checkout,3,3,0.4252,214.2,1.91,1.0,1
13696,2026-04-16,Paid Search,/contact,12,10,0.662,116.6,1.31,0.0,0
13909,2026-04-20,Social,/home,44,39,0.633,135.6,1.13,0.0,3
13887,2026-04-20,Organic Search,/pricing,19,17,0.3514,221.5,2.82,0.0,0
15144,2026-05-15,Paid Search,/checkout,6,5,0.2936,221.7,4.13,0.0,0
18145,2026-07-14,Social,/product/backpacks,12,11,0.6971,99.0,1.63,0.0,0
13812,2026-04-18,Social,/product/backpacks,13,12,0.5762,,1.97,0.0,0
16864,2026-06-18,Direct,/contact,7,6,0.4981,132.4,3.53,0.0,1
12768,2026-03-28,Social,/blog/summer-sale-guide,4,4,0.7542,98.2,1.2,0.0,0
12418,2026-03-21,Social,/blog/how-to-choose-running-shoes,7,6,0.7459,73.1,1.7,0.0,0
15366,2026-05-19,Direct,/product/winter-jackets,10,10,0.4059,220.3,2.82,1.0,1
10460,2026-02-10,Paid Search,/product/winter-jackets,11,9,0.4882,,1.71,1.0,2
17346,2026-06-28,Social,/product/backpacks,8,7,0.5743,117.4,2.04,0.0,1
12767,2026-03-28,Social,/blog/how-to-choose-running-shoes,8,8,0.7872,197.2,1.11,0.0,0
15341,2026-05-19,Paid Search,/contact,3,3,0.6214,101.1,2.43,0.0,0
13021,2026-04-02,Social,/checkout,4,3,0.5054,102.3,1.94,0.0,1
10515,2026-02-11,Paid Search,/contact,7,7,0.6311,66.8,1.32,0.0,0
15451,2026-05-21,Referral,/contact,9,9,0.5884,103.6,1.21,0.0,0
17725,2026-07-06,Paid Search,/product/winter-jackets,10,9,0.5201,161.9,1.66,1.0,1
14088,2026-04-24,Paid Search,/home,34,30,0.4435,190.9,2.96,3.0,4
14032,2026-04-23,Organic Search,/product/backpacks,20,17,0.395,233.1,3.07,0.0,1
16843,2026-06-18,Referral,/about-us,5,5,0.4794,114.7,2.65,1.0,3
10585,2026-02-12,Social,/contact,5,4,0.7037,60.8,1.13,0.0,0
10366,2026-02-08,Paid Search,/about-us,6,5,0.513,134.0,1.91,0.0,0
12441,2026-03-22,Organic Search,/contact,10,8,0.6668,140.5,,0.0,0
15754,2026-05-27,Social,/home,20,17,0.5194,95.5,2.13,0.0,0
18294,2026-07-17,Social,/product/winter-jackets,11,9,0.5526,87.1,1.97,1.0,1
18475,2026-07-21,Paid Search,/blog/summer-sale-guide,20,19,0.7011,202.9,1.17,0.0,0
18992,2026-07-31,Social,/product/backpacks,9,8,0.6219,100.8,2.05,0.0,0
15845,2026-05-29,Referral,/product/running-shoes,15,13,0.3667,246.1,2.48,1.0,1
18454,2026-07-20,Direct,/blog/how-to-choose-running-shoes,10,9,0.4468,271.7,2.52,1.0,1
12139,2026-03-16,Organic Search,/blog/how-to-choose-running-shoes,28,24,0.5303,230.5,1.52,1.0,1
13205,2026-04-06,Referral,/blog/summer-sale-guide,7,7,0.5898,286.1,1.98,0.0,0
15719,2026-05-26,Direct,/blog/summer-sale-guide,7,6,0.4746,326.8,1.9,0.0,0
12671,2026-03-26,Social,/contact,6,5,0.87,43.8,,0.0,0
15184,2026-05-16,Organic Search,/checkout,11,9,,208.9,3.31,2.0,2
14455,2026-05-01,Referral,/contact,2,2,0.5838,164.4,2.14,0.0,0
14489,2026-05-02,Paid Search,/product/running-shoes,13,11,0.5399,143.5,1.57,1.0,2
14596,2026-05-04,Paid Search,/pricing,6,6,0.4118,153.4,3.24,0.0,0
15913,2026-05-30,Direct,/home,16,15,0.2074,204.0,3.42,0.0,1
11980,2026-03-12,Direct,/blog/how-to-choose-running-shoes,13,11,0.5384,296.8,2.11,0.0,1
16567,2026-06-12,Direct,/checkout,2,2,0.2279,230.5,4.02,1.0,1
17679,2026-07-05,Paid Search,/about-us,5,4,0.4686,90.0,2.08,1.0,1
18963,2026-07-31,Organic Search,/blog/how-to-choose-running-shoes,31,27,0.5413,215.1,1.5,2.0,3
16028,2026-06-02,Organic Search,/about-us,8,7,0.5075,225.5,1.71,1.0,1
17661,2026-07-04,Direct,/pricing,1,1,0.219,263.7,3.61,0.0,0
11855,2026-03-10,Paid Search,/pricing,11,10,0.2388,160.0,3.99,0.0,1
14053,2026-04-23,Referral,/blog/how-to-choose-running-shoes,8,7,0.5354,242.1,1.99,0.0,0
13245,2026-04-07,Paid Search,/blog/summer-sale-guide,18,16,0.6273,186.4,1.76,0.0,0
12362,2026-03-20,Referral,/pricing,8,7,0.2881,285.2,2.82,2.0,5
18630,2026-07-24,Referral,/product/running-shoes,18,16,0.384,204.9,2.67,2.0,2
15567,2026-05-23,Direct,/product/backpacks,3,3,0.2989,272.9,3.13,0.0,0
18960,2026-07-31,Organic Search,/product/running-shoes,39,33,0.356,230.2,2.43,4.0,6
11195,2026-02-25,Organic Search,/product/backpacks,19,18,,209.7,2.74,1.0,1
15287,2026-05-18,Paid Search,/product/backpacks,8,7,0.4224,131.6,1.96,1.0,1
17227,2026-06-26,Paid Search,/product/winter-jackets,8,8,0.4171,206.7,2.73,2.0,2
13062,2026-04-03,Social,/home,20,18,0.5053,101.1,2.97,1.0,1
14415,2026-04-30,Social,/contact,6,5,0.7204,36.7,1.73,0.0,0
15803,2026-05-28,Referral,/checkout,2,2,0.283,257.4,2.71,0.0,0
13041,2026-04-03,Organic Search,/checkout,8,7,0.2722,244.3,2.7,1.0,2
11794,2026-03-09,Organic Search,/about-us,17,16,0.5221,147.5,2.61,1.0,1
17130,2026-06-24,Paid Search,/blog/how-to-choose-running-shoes,17,16,0.6307,212.0,2.0,1.0,1
16505,2026-06-11,Social,/contact,5,4,0.7265,53.5,1.73,0.0,0
14743,2026-05-07,Paid Search,/blog/summer-sale-guide,23,20,0.6861,221.4,1.15,2.0,2
12057,2026-03-14,Referral,/product/running-shoes,10,9,0.3352,271.2,3.03,0.0,2
10072,2026-02-02,Referral,/product/running-shoes,12,10,0.3455,167.8,2.83,1.0,1
14879,2026-05-10,Organic Search,/product/winter-jackets,23,21,0.4058,228.0,2.6,0.0,0
14734,2026-05-07,Organic Search,/about-us,15,12,0.5527,120.6,1.88,0.0,0
12092,2026-03-15,Organic Search,/contact,7,6,0.5757,188.6,2.46,0.0,0
14516,2026-05-02,Social,/pricing,5,5,0.554,115.8,1.76,1.0,1
10802,2026-02-17,Organic Search,/pricing,19,17,0.3577,214.5,2.44,1.0,2
18326,2026-07-18,Paid Search,/blog/how-to-choose-running-shoes,11,10,0.6458,222.3,1.81,0.0,0
12403,2026-03-21,Paid Search,/checkout,6,5,0.3269,205.5,2.8,2.0,2
15387,2026-05-20,Paid Search,/product/backpacks,14,13,0.4601,130.2,1.84,1.0,1
13312,2026-04-08,Social,/product/winter-jackets,23,20,0.5472,114.3,1.11,4.0,4
14662,2026-05-05,Social,/blog/how-to-choose-running-shoes,14,14,0.6561,166.2,2.09,0.0,0
14833,2026-05-09,Organic Search,/about-us,6,5,0.534,159.7,2.25,0.0,0
17584,2026-07-03,Referral,/product/running-shoes,13,11,0.3196,271.8,2.58,1.0,1
15248,2026-05-17,Referral,/product/backpacks,9,8,0.4577,164.2,2.58,1.0,1
10537,2026-02-11,Social,/checkout,4,4,0.482,142.2,2.51,1.0,1
14506,2026-05-02,Referral,/pricing,4,3,0.3676,242.1,3.59,2.0,2
11596,2026-03-05,Organic Search,/blog/summer-sale-guide,18,16,0.6401,240.6,1.74,1.0,1
12644,2026-03-26,Paid Search,/home,31,30,0.4833,,1.84,2.0,2
10240,2026-02-05,Social,/checkout,4,4,0.3006,178.1,3.77,0.0,0
10724,2026-02-15,Social,/home,7,7,0.5033,81.6,2.09,0.0,0
14966,2026-05-11,Direct,/product/running-shoes,14,12,0.2572,221.6,2.68,1.0,1
12145,2026-03-16,Paid Search,/home,26,22,0.4313,118.4,2.73,5.0,5
14993,2026-05-12,Paid Search,/pricing,11,10,0.3385,138.3,1.98,0.0,0
13256,2026-04-07,Referral,/about-us,3,3,0.4221,223.7,2.49,0.0,1
11748,2026-03-08,Organic Search,/checkout,2,2,0.3158,256.4,2.86,0.0,0
12997,2026-04-02,Paid Search,/blog/summer-sale-guide,12,11,0.6343,197.5,1.93,0.0,0
15253,2026-05-17,Referral,/pricing,5,5,0.2618,,3.53,0.0,0
11333,2026-02-27,Direct,/product/running-shoes,12,12,0.3046,208.9,,0.0,0
18704,2026-07-25,Direct,/blog/summer-sale-guide,8,7,0.5679,213.7,1.92,0.0,1
15843,2026-05-29,Paid Search,/checkout,6,5,0.3306,153.0,2.3,0.0,1
18310,2026-07-17,Direct,/pricing,4,4,0.3094,272.8,3.73,0.0,0
17756,2026-07-06,Direct,/product/backpacks,4,3,0.4405,247.8,2.65,0.0,1
14853,2026-05-09,Referral,/about-us,3,3,0.5519,127.8,2.37,,0
10836,2026-02-17,Direct,/product/winter-jackets,9,8,0.3943,186.7,2.92,1.0,1
15643,2026-05-25,Paid Search,/checkout,9,9,0.369,198.6,2.35,2.0,4
11418,2026-03-01,Referral,/about-us,1,1,0.4883,127.8,2.25,0.0,0
11851,2026-03-10,Paid Search,/blog/how-to-choose-running-shoes,16,13,0.6688,200.2,1.45,1.0,1
18650,2026-07-24,Direct,/product/running-shoes,16,15,0.3327,287.8,3.66,0.0,0
12414,2026-03-21,Social,/home,18,17,0.5532,99.1,2.29,0.0,0
18956,2026-07-30,Direct,/contact,3,3,0.6317,123.7,1.07,0.0,0
18542,2026-07-22,Social,/product/winter-jackets,9,8,0.6044,113.5,1.79,0.0,0
18027,2026-07-12,Paid Search,/blog/summer-sale-guide,13,11,0.6613,186.9,1.72,0.0,0
13765,2026-04-17,Social,/about-us,14,13,0.7381,88.7,1.03,1.0,1
15931,2026-05-31,Organic Search,/pricing,13,12,0.2661,215.5,3.3,0.0,1
17174,2026-06-25,Organic Search,/checkout,7,6,0.2152,241.6,3.2,1.0,1
17668,2026-07-05,Organic Search,/blog/summer-sale-guide,12,10,0.5999,221.7,1.87,0.0,0
14940,2026-05-11,Paid Search,/blog/how-to-choose-running-shoes,10,8,0.6173,198.8,1.88,0.0,1
16580,2026-06-13,Paid Search,/product/winter-jackets,12,12,0.4737,198.1,1.71,1.0,1
11513,2026-03-03,Referral,/product/winter-jackets,8,7,0.3877,220.8,3.31,0.0,0
14538,2026-05-03,Paid Search,/home,18,15,0.3805,151.9,3.27,3.0,3
10265,2026-02-06,Paid Search,/blog/how-to-choose-running-shoes,18,15,0.6415,216.3,1.87,0.0,0
18949,2026-07-30,Direct,/home,25,22,0.208,234.0,3.55,0.0,1
13638,2026-04-15,Organic Search,/checkout,8,8,0.27,195.8,4.16,0.0,1
13647,2026-04-15,Paid Search,/pricing,21,18,0.4164,195.3,2.98,1.0,2
12835,2026-03-30,Organic Search,/product/backpacks,16,15,0.3865,200.0,2.99,0.0,0
18705,2026-07-25,Direct,/about-us,4,4,0.4758,174.2,3.25,0.0,0
16049,2026-06-02,Referral,/contact,1,1,0.5399,135.2,2.02,0.0,0
17880,2026-07-09,Paid Search,/contact,4,4,0.7042,94.5,1.0,0.0,0
10871,2026-02-18,Referral,/contact,4,4,0.5538,127.1,2.12,1.0,1
15149,2026-05-15,Referral,/blog/how-to-choose-running-shoes,13,11,0.402,255.6,2.94,1.0,2
14813,2026-05-08,Social,/about-us,3,3,0.6846,41.7,1.27,0.0,0
10725,2026-02-15,Social,/product/running-shoes,15,13,0.578,146.2,1.65,1.0,1
17598,2026-07-03,Social,/blog/summer-sale-guide,12,10,0.7936,116.7,1.0,0.0,0
16312,2026-06-07,Direct,/product/backpacks,11,11,0.3196,207.9,3.27,0.0,0
11470,2026-03-02,Referral,/checkout,3,3,0.2055,208.3,4.04,0.0,0
12075,2026-03-14,Direct,/home,7,6,0.249,239.7,3.39,1.0,1
17065,2026-06-22,Direct,/checkout,5,5,0.1821,246.4,3.58,0.0,0
18214,2026-07-16,Organic Search,/product/winter-jackets,24,21,0.4092,190.0,2.2,2.0,3
14194,2026-04-26,Paid Search,/about-us,6,6,0.58,58.6,1.98,0.0,0
14398,2026-04-30,Referral,/home,19,16,0.3179,178.7,2.69,1.0,2
16151,2026-06-04,Social,/home,21,19,0.5913,121.6,1.63,0.0,0
10155,2026-02-04,Organic Search,/blog/how-to-choose-running-shoes,31,28,0.6195,229.6,2.41,1.0,1
16943,2026-06-20,Referral,/about-us,3,3,0.5607,176.3,1.72,0.0,0
11417,2026-03-01,Referral,/blog/summer-sale-guide,6,6,0.5513,228.2,2.21,0.0,0
10909,2026-02-19,Paid Search,/blog/summer-sale-guide,12,11,0.6859,187.3,1.09,0.0,0
17344,2026-06-28,Social,/product/running-shoes,10,9,,88.3,1.86,0.0,0
17125,2026-06-24,Organic Search,/checkout,6,6,0.1548,216.4,4.42,0.0,0
13414,2026-04-10,Social,/blog/how-to-choose-running-shoes,17,15,0.7336,158.2,1.0,0.0,0
10020,2026-02-01,Paid Search,/checkout,2,2,0.3155,224.6,3.07,0.0,0
13703,2026-04-16,Referral,/blog/how-to-choose-running-shoes,16,14,0.53,287.3,1.81,1.0,1
18511,2026-07-22,Organic Search,/product/running-shoes,36,32,0.3583,218.6,2.16,2.0,3
14411,2026-04-30,Social,/product/backpacks,5,4,0.5934,77.5,1.94,0.0,0
10626,2026-02-13,Referral,/pricing,7,7,0.3354,211.9,3.01,0.0,0
13316,2026-04-08,Social,/about-us,8,8,0.7101,31.4,1.47,0.0,0
15397,2026-05-20,Referral,/product/backpacks,9,8,0.3867,187.2,2.63,1.0,1
16907,2026-06-19,Direct,/home,27,24,,244.7,3.38,3.0,3
14345,2026-04-29,Paid Search,/contact,8,7,0.7109,114.3,1.2,0.0,0
13059,2026-04-03,Referral,/contact,2,2,0.6644,131.9,1.43,0.0,0
16563,2026-06-12,Direct,/blog/summer-sale-guide,8,8,0.595,305.6,1.45,0.0,0
12668,26/03/2026,Social,/blog/how-to-choose-running-shoes,7,6,0.7104,223.0,1.0,0.0,0
17564,2026-07-03,Organic Search,/product/running-shoes,39,33,0.3925,224.2,2.6,3.0,3
14854,2026-05-09,Referral,/contact,3,3,0.6029,165.0,2.25,0.0,0
11862,2026-03-10,Referral,/blog/summer-sale-guide,6,6,0.5372,244.6,1.17,0.0,0
18271,2026-07-17,Organic Search,/checkout,13,11,0.2165,178.1,3.89,1.0,1
10244,2026-02-05,Direct,/product/backpacks,11,11,0.3932,193.7,2.5,0.0,0
18233,2026-07-16,Referral,/product/running-shoes,15,14,0.3847,177.4,2.22,2.0,2
17615,2026-07-04,Organic Search,/product/winter-jackets,20,17,0.4012,216.4,2.19,3.0,3
11883,2026-03-10,Direct,/about-us,4,3,0.459,214.5,2.0,0.0,0
15990,2026-06-01,Paid Search,/pricing,11,10,0.4242,171.9,1.55,0.0,0
10005,2026-02-01,Organic Search,/blog/how-to-choose-running-shoes,22,19,0.5755,246.9,1.42,1.0,1
11972,2026-03-12,Social,/about-us,4,4,0.7011,36.3,1.6,0.0,0
17529,2026-07-02,Paid Search,/about-us,7,6,0.5064,158.0,2.0,0.0,0
16633,2026-06-14,Paid Search,/blog/summer-sale-guide,11,10,0.6709,177.0,1.37,0.0,0
13495,2026-04-12,Paid Search,/about-us,14,13,0.5607,137.9,2.09,0.0,0
17315,2026-06-28,Organic Search,/product/winter-jackets,18,17,0.4231,145.8,1.85,0.0,0
13574,2026-04-13,Direct,/blog/summer-sale-guide,10,9,0.4734,233.0,,1.0,2
11811,2026-03-09,Referral,/product/backpacks,7,6,0.3986,179.7,2.35,1.0,1
18986,2026-07-31,Referral,/contact,1,1,0.5756,151.9,,0.0,0
12607,2026-03-25,Referral,/product/backpacks,12,12,0.407,156.8,2.81,1.0,2
13550,2026-04-13,Referral,/product/running-shoes,20,17,0.4189,169.6,2.76,2.0,3
18087,2026-07-13,Referral,/blog/summer-sale-guide,4,3,0.5365,270.4,2.29,0.0,0
15342,2026-05-19,Paid Search,/pricing,7,6,0.4143,217.9,2.84,0.0,0
16552,2026-06-12,Social,/blog/how-to-choose-running-shoes,17,16,0.8053,110.8,1.0,0.0,0
14504,2026-05-02,Referral,/about-us,2,2,0.452,89.2,2.18,1.0,1
13283,2026-04-08,Organic Search,/product/backpacks,21,17,0.4638,203.1,2.46,2.0,2
11914,2026-03-11,Referral,/contact,7,6,0.7019,136.0,1.81,0.0,0
10216,2026-02-05,Paid Search,/blog/summer-sale-guide,18,15,0.6577,223.1,,0.0,0
10932,2026-02-19,Social,/checkout,4,3,0.4234,,2.46,0.0,0
12251,2026-03-18,Paid Search,/about-us,7,7,0.5809,,2.17,1.0,1
11488,2026-03-02,Direct,/contact,4,3,0.476,189.2,2.11,0.0,0
10029,2026-02-01,Referral,/pricing,1,1,,196.7,2.55,0.0,0
10825,2026-02-17,Social,/product/running-shoes,10,8,0.6046,97.5,1.59,0.0,0
18875,2026-07-29,Paid Search,/about-us,7,6,0.6094,86.7,1.23,0.0,0
15323,2026-05-18,Direct,/checkout,2,2,0.05,212.3,4.6,1.0,1
14949,2026-05-11,Referral,/product/backpacks,6,5,0.3921,183.2,2.85,0.0,0
16699,2026-06-15,Social,/product/running-shoes,20,18,0.6399,119.4,1.7,0.0,1
14037,2026-04-23,Organic Search,/pricing,18,16,0.4199,235.5,2.37,1.0,1
13640,2026-04-15,Paid Search,/product/running-shoes,34,28,0.3703,152.3,3.65,1.0,1
16432,2026-06-10,Paid Search,/product/backpacks,7,6,0.4898,139.6,2.43,1.0,1
14322,2026-04-28,Direct,/blog/how-to-choose-running-shoes,9,8,0.5351,247.0,1.56,1.0,1
17576,2026-07-03,Paid Search,/product/backpacks,8,7,0.4955,190.2,2.02,2.0,2
10912,2026-02-19,Paid Search,/pricing,7,6,0.4444,161.0,2.55,0.0,0
18702,2026-07-25,Direct,/product/backpacks,6,5,0.2981,217.6,3.4,0.0,0
12350,2026-03-20,Paid Search,/about-us,8,8,,102.4,2.07,,1
12387,2026-03-21,Organic Search,/product/backpacks,15,13,0.3689,193.5,,1.0,2
15579,2026-05-24,Organic Search,/blog/summer-sale-guide,20,17,0.5277,225.0,1.92,0.0,0
11091,2026-02-22,Direct,/checkout,2,2,0.1686,259.2,3.66,0.0,1
10205,2026-02-05,Organic Search,/blog/how-to-choose-running-shoes,20,18,0.5287,222.4,2.08,1.0,1
11678,2026-03-06,Social,/pricing,6,6,0.4515,108.0,2.33,1.0,1
11309,2026-02-27,Paid Search,/contact,3,3,0.7053,125.3,1.06,0.0,0
18938,2026-07-30,Referral,/checkout,5,4,0.268,258.7,3.23,1.0,1
11087,2026-02-22,Direct,/blog/summer-sale-guide,8,7,0.4738,289.9,2.6,0.0,0
16975,2026-06-21,Organic Search,/pricing,15,14,0.2735,229.3,2.68,1.0,1
10325,2026-02-07,Referral,/blog/how-to-choose-running-shoes,6,5,0.5429,267.3,1.79,0.0,0
11313,2026-02-27,Referral,/product/running-shoes,13,13,,254.1,3.18,0.0,0
10965,2026-02-20,Referral,/product/winter-jackets,8,8,0.289,267.7,3.75,2.0,3
16354,2026-06-08,Social,/blog/summer-sale-guide,5,4,0.7088,147.1,1.1,0.0,0
14639,2026-05-05,Paid Search,/product/running-shoes,23,19,0.4298,221.5,3.15,1.0,2
17418,2026-06-30,Organic Search,/blog/summer-sale-guide,26,23,0.6037,235.5,1.06,0.0,0
11517,2026-03-03,Referral,/about-us,2,2,0.4529,207.3,2.62,0.0,0
12963,2026-04-01,Social,/product/running-shoes,13,12,0.4985,127.4,2.39,1.0,1
16648,2026-06-14,Social,/home,19,17,0.5769,49.1,2.06,0.0,0
15104,2026-05-14,Referral,/checkout,1,1,0.2957,224.8,2.86,0.0,0
11767,2026-03-08,Referral,/checkout,4,4,0.269,266.5,2.95,0.0,0
13777,2026-04-17,Direct,/pricing,11,9,0.352,237.8,3.15,1.0,1
15450,2026-05-21,Referral,/about-us,3,3,0.4922,179.9,1.89,0.0,0
11836,2026-03-09,Direct,/checkout,4,4,0.1832,282.8,3.21,1.0,2
18345,2026-07-18,Social,/blog/how-to-choose-running-shoes,9,8,0.7529,209.4,1.22,0.0,0
13116,2026-04-04,Social,/blog/summer-sale-guide,10,10,0.8282,173.4,1.0,0.0,0
12507,2026-03-23,Referral,/product/backpacks,4,3,0.3769,201.2,2.91,0.0,0
17438,2026-06-30,Referral,/blog/summer-sale-guide,10,9,0.5896,246.5,,0.0,0
13826,2026-04-18,Direct,/contact,2,2,0.5557,140.5,2.55,0.0,0
13693,2026-04-16,Paid Search,/blog/how-to-choose-running-shoes,31,30,0.6381,229.9,1.3,1.0,2
14166,2026-04-25,Social,/pricing,4,4,,128.4,1.84,1.0,1
16575,2026-06-13,Organic Search,/contact,10,9,0.6232,139.4,1.23,1.0,1
15378,2026-05-20,Organic Search,/blog/how-to-choose-running-shoes,26,24,0.5853,281.8,1.88,1.0,1
12475,2026-03-22,Direct,/product/running-shoes,11,9,0.3634,217.6,2.93,0.0,1
17571,2026-07-03,Organic Search,/pricing,18,17,0.2949,175.2,3.39,1.0,1
11490,2026-03-02,Direct,/checkout,5,4,0.1826,234.8,3.79,0.0,0
16746,2026-06-16,Referral,/pricing,8,7,0.3216,134.3,3.3,0.0,0
13939,2026-04-21,Paid Search,/home,27,25,0.4589,160.4,2.72,2.0,4
15887,2026-05-30,Paid Search,/product/backpacks,8,7,0.3842,180.1,2.74,0.0,0
10621,2026-02-13,Referral,/product/backpacks,7,6,0.39,168.4,2.74,0.0,0
17167,2026-06-25,Organic Search,/product/winter-jackets,30,26,0.4167,199.7,2.4,1.0,1
14170,2026-04-25,Direct,/product/winter-jackets,10,9,0.263,222.9,,1.0,3
12924,2026-03-31,Direct,/product/winter-jackets,8,7,0.3509,260.0,3.3,2.0,2
16925,2026-06-20,Organic Search,/pricing,13,11,0.2614,211.0,2.77,0.0,0
16369,2026-06-09,Organic Search,/home,46,40,0.3631,,3.13,0.0,1
14525,2026-05-02,Direct,/contact,2,2,0.5104,99.5,2.7,0.0,0
11692,2026-03-07,Organic Search,/product/winter-jackets,27,26,0.3732,217.3,2.78,0.0,0
18190,2026-07-15,Referral,/pricing,5,5,0.2548,173.4,3.3,0.0,1
12291,2026-03-19,Organic Search,/about-us,16,15,0.5577,184.6,1.96,1.0,2
18266,2026-07-17,Organic Search,/blog/how-to-choose-running-shoes,35,32,0.6131,234.3,1.92,1.0,2
10902,2026-02-19,Organic Search,/pricing,11,10,0.3553,236.4,2.97,0.0,0
18734,2026-07-26,Referral,/blog/summer-sale-guide,7,6,0.588,235.7,1.35,0.0,0
14244,2026-04-27,Paid Search,/about-us,7,7,0.5783,176.9,2.55,0.0,0
18179,2026-07-15,Paid Search,/contact,6,6,0.6685,126.0,1.09,1.0,1
16859,2026-06-18,Direct,/product/winter-jackets,13,12,0.3242,171.2,3.3,0.0,0
14998,2026-05-12,Referral,/product/backpacks,10,8,0.3894,249.3,2.62,1.0,1
18778,2026-07-27,Paid Search,/checkout,5,4,0.3781,197.4,2.46,0.0,0
14449,2026-05-01,Referral,/product/running-shoes,12,11,0.4201,241.7,2.76,0.0,0
15388,2026-05-20,Paid Search,/blog/how-to-choose-running-shoes,14,13,0.5976,251.2,1.59,1.0,2
17393,2026-06-29,Social,/home,20,17,0.4452,121.5,2.95,0.0,1
11817,2026-03-09,Referral,/checkout,4,4,0.1818,219.6,3.69,1.0,1
12758,2026-03-28,Referral,/blog/summer-sale-guide,6,5,0.6106,244.7,1.69,0.0,0
15062,2026-05-13,Social,/contact,8,7,0.8425,45.0,1.0,0.0,0
10279,2026-02-06,Referral,/pricing,8,7,0.2551,221.0,3.44,0.0,1
10509,2026-02-11,Paid Search,/product/running-shoes,23,20,0.4072,224.5,3.25,3.0,3
18147,2026-07-14,Social,/blog/summer-sale-guide,8,8,0.6975,126.5,1.74,0.0,0
14104,2026-04-24,Referral,/about-us,8,7,0.4673,223.1,2.54,0.0,0
14789,2026-05-08,Paid Search,/product/running-shoes,22,19,0.3809,149.0,3.05,0.0,0
13722,2026-04-16,Direct,/product/backpacks,6,5,0.3891,179.0,2.34,0.0,0
18274,2026-07-17,Paid Search,/product/winter-jackets,18,15,0.5111,145.9,1.82,0.0,0
13218,2026-04-06,Social,/pricing,16,13,0.5316,141.3,1.83,0.0,2
11800,2026-03-09,Paid Search,/product/winter-jackets,16,14,0.4576,198.3,3.26,0.0,0
14561,2026-05-03,Social,/product/backpacks,4,3,0.5565,101.1,1.43,0.0,0
16451,2026-06-10,Social,/product/backpacks,18,17,0.5523,116.2,2.16,0.0,0
11399,2026-03-01,Organic Search,/contact,6,5,0.7239,87.0,1.63,0.0,0
18785,2026-07-27,Referral,/about-us,7,6,0.514,191.2,,0.0,0
16044,2026-06-02,Referral,/product/winter-jackets,6,5,0.3826,239.7,2.83,0.0,0
10437,2026-02-09,Social,/checkout,4,3,0.4395,205.5,2.08,1.0,1
15273,2026-05-17,Direct,/checkout,2,2,0.2251,264.0,3.15,0.0,0
15433,2026-05-21,Organic Search,/checkout,6,5,0.1678,163.0,4.13,0.0,0
12375,2026-03-20,Direct,/product/running-shoes,18,15,0.4173,226.9,2.69,3.0,4
18781,2026-07-27,Referral,/product/winter-jackets,15,14,0.3858,297.2,2.64,0.0,0
15123,2026-05-14,Direct,/pricing,9,8,0.3211,275.4,3.7,0.0,1
10359,2026-02-08,Organic Search,/checkout,2,2,0.3229,212.2,2.94,1.0,1
13608,2026-04-14,Referral,/checkout,1,1,0.2584,267.7,3.55,0.0,0
16698,2026-06-15,Social,/home,24,23,0.5142,65.5,2.02,0.0,1
16744,2026-06-16,Referral,/about-us,3,3,0.4934,151.1,2.68,0.0,0
11063,2026-02-22,Referral,/product/running-shoes,9,7,0.4249,252.1,3.69,1.0,1
13882,2026-04-20,Organic Search,/product/backpacks,22,19,0.4338,155.2,2.99,0.0,2
16808,2026-06-17,Direct,/product/running-shoes,16,14,0.3836,281.5,2.91,1.0,1
18469,2026-07-21,Organic Search,/checkout,12,11,0.1801,305.5,4.1,2.0,3
10062,2026-02-02,Paid Search,/product/running-shoes,11,10,0.5261,191.2,1.86,1.0,1
18497,2026-07-21,Social,/contact,4,3,0.7468,10.0,1.6,0.0,0
11006,2026-02-21,Paid Search,/blog/how-to-choose-running-shoes,12,11,0.623,227.3,1.04,1.0,1
12366,2026-03-20,Social,/product/winter-jackets,11,10,0.5528,92.4,2.23,0.0,0
13717,2026-04-16,Social,/pricing,12,10,0.5052,64.6,2.28,1.0,1
14239,2026-04-27,Paid Search,/product/running-shoes,24,21,0.3931,180.7,3.78,2.0,3
15154,2026-05-15,Referral,/checkout,4,3,0.253,231.6,2.86,0.0,0
15457,2026-05-21,Social,/product/backpacks,10,9,0.671,78.4,1.42,0.0,0
16984,2026-06-21,Paid Search,/contact,7,6,0.7428,92.5,1.0,1.0,1
15100,2026-05-14,Referral,/blog/summer-sale-guide,5,4,0.59,298.7,1.47,1.0,1
13878,2026-04-19,Direct,/checkout,1,1,0.2527,250.0,2.79,0.0,0
10150,2026-02-03,Direct,/checkout,6,6,0.1819,316.9,3.81,1.0,1
13214,2026-04-06,Social,/blog/how-to-choose-running-shoes,29,26,0.7372,154.5,1.15,0.0,0
17748,2026-07-06,Social,/blog/summer-sale-guide,10,9,0.7813,152.6,1.21,0.0,0
17855,2026-07-08,Direct,/product/winter-jackets,8,7,0.3777,238.2,3.4,0.0,0
18241,2026-07-16,Referral,/checkout,4,3,0.1985,216.7,3.34,0.0,0
18941,2026-07-30,Social,/product/winter-jackets,15,13,0.5072,90.1,,0.0,0
15531,2026-05-23,Organic Search,/contact,5,4,0.6612,63.4,1.0,0.0,0
15131,2026-05-15,Organic Search,/about-us,9,8,0.4926,163.4,2.16,0.0,0
18437,2026-07-20,Referral,/contact,4,3,0.5605,133.9,2.09,0.0,0
16005,2026-06-01,Social,/product/backpacks,13,12,0.6844,145.4,1.98,2.0,2
11757,2026-03-08,Paid Search,/pricing,6,6,0.3952,185.3,2.7,1.0,2
15962,2026-05-31,Direct,/home,12,11,0.2638,217.7,2.94,1.0,1
14200,2026-04-26,Referral,/product/winter-jackets,6,5,0.4349,134.7,2.75,1.0,1
15114,2026-05-14,Social,/checkout,4,3,0.5236,147.0,2.23,0.0,0
17831,2026-07-08,Paid Search,/pricing,8,7,0.4149,205.1,2.61,0.0,0
12339,2026-03-20,Organic Search,/blog/summer-sale-guide,26,22,0.6341,253.9,1.56,1.0,1
14824,2026-05-08,Direct,/contact,3,3,0.5641,192.3,1.73,0.0,0
16480,2026-06-11,Paid Search,/product/winter-jackets,16,15,0.5311,213.0,2.5,1.0,1
16941,2026-06-20,Referral,/blog/how-to-choose-running-shoes,13,12,0.5947,211.5,1.65,0.0,0
12636,2026-03-26,Organic Search,/product/winter-jackets,21,19,0.5114,168.8,2.82,2.0,2
17324,2026-06-28,Paid Search,/product/running-shoes,13,12,0.4159,184.7,2.76,1.0,1
14826,2026-05-08,Direct,/checkout,7,6,0.2273,288.6,3.75,1.0,2
16611,2026-06-13,Direct,/product/backpacks,4,4,0.3135,211.2,3.74,0.0,0
11048,2026-02-22,Organic Search,/about-us,12,11,0.4824,142.5,2.61,0.0,0
13605,2026-04-14,Referral,/about-us,4,3,0.4858,162.5,2.67,0.0,0
14156,2026-04-25,Referral,/pricing,8,7,0.2864,217.3,3.34,0.0,0
16358,2026-06-08,Social,/checkout,4,4,0.4645,120.4,2.29,2.0,2
13048,2026-04-03,Paid Search,/about-us,10,9,0.6254,105.6,1.55,0.0,0
18037,2026-07-12,Referral,/blog/summer-sale-guide,12,10,0.6092,201.6,1.35,1.0,1
18765,2026-07-27,Organic Search,/about-us,21,19,0.5286,138.0,2.78,1.0,1
15500,2026-05-22,Referral,/about-us,5,5,0.4916,190.4,2.82,0.0,0
11598,2026-03-05,Organic Search,/contact,9,8,0.5757,143.7,3.14,1.0,1
14467,2026-05-01,Social,/checkout,3,3,0.3967,,2.5,0.0,0
10659,2026-02-14,Paid Search,/product/running-shoes,16,15,0.3736,177.0,2.58,0.0,0
10420,2026-02-09,Referral,/product/winter-jackets,2,2,0.2899,239.0,3.34,0.0,0
16101,2026-06-03,Referral,/checkout,2,2,0.2458,192.9,2.75,0.0,0
12019,2026-03-13,Social,/product/backpacks,7,6,0.5889,60.3,1.83,0.0,0
14572,2026-05-03,Direct,/blog/how-to-choose-running-shoes,10,9,0.4877,285.2,2.65,1.0,1
17621,2026-07-04,Organic Search,/pricing,15,13,0.4263,229.7,2.75,0.0,0
11725,2026-03-07,Social,/blog/summer-sale-guide,7,6,0.8039,137.3,1.1,0.0,0
18420,2026-07-20,Paid Search,/home,30,26,0.44,193.8,2.29,2.0,3
18711,2026-07-26,Organic Search,/product/winter-jackets,25,23,0.4459,254.7,2.76,0.0,0
12776,2026-03-28,Direct,/product/backpacks,5,5,0.4026,259.8,2.6,1.0,1
17482,2026-07-01,Paid Search,/checkout,4,4,,156.5,2.27,0.0,0
10598,2026-02-13,Organic Search,/home,43,41,0.297,196.3,3.34,2.0,2
18280,2026-07-17,Paid Search,/pricing,12,10,0.3706,178.6,3.95,0.0,0
18364,2026-07-19,Organic Search,/product/backpacks,14,12,0.4091,184.1,2.93,0.0,0
14694,2026-05-06,Paid Search,/about-us,8,8,0.6512,111.3,1.86,1.0,1
17308,2026-06-27,Direct,/blog/how-to-choose-running-shoes,6,6,0.6091,281.6,1.81,0.0,0
14825,2026-05-08,Direct,/pricing,7,6,0.2906,293.6,3.52,0.0,0
13156,2026-04-05,Referral,/blog/summer-sale-guide,5,5,0.5993,,1.99,0.0,0
16383,2026-06-09,Paid Search,/blog/how-to-choose-running-shoes,18,15,0.622,239.4,1.36,0.0,0
18846,2026-07-28,Social,/contact,7,7,0.8829,84.3,1.0,0.0,0
13471,2026-04-11,Direct,/product/running-shoes,14,13,0.3038,283.9,3.64,0.0,1
18318,2026-07-18,Organic Search,/about-us,13,12,0.4488,171.5,2.56,0.0,0
18837,2026-07-28,Referral,/pricing,9,9,0.3417,213.6,3.13,1.0,2
18609,2026-07-24,Organic Search,/home,67,63,0.3232,209.7,,4.0,4
12047,2026-03-14,Paid Search,/product/running-shoes,14,13,0.433,160.8,3.03,0.0,0
18353,2026-07-18,Direct,/product/winter-jackets,8,7,0.3522,223.0,3.57,0.0,0
17157,2026-06-24,Direct,/product/winter-jackets,8,7,0.4125,203.7,2.04,0.0,0
15954,2026-05-31,Social,/product/winter-jackets,7,6,0.5407,152.9,1.61,0.0,0
11548,2026-03-04,Organic Search,/contact,11,10,0.6785,179.1,1.3,0.0,0
10632,2026-02-13,Social,/blog/how-to-choose-running-shoes,15,13,0.8351,132.4,1.04,0.0,0
15462,2026-05-21,Social,/pricing,9,8,0.5838,93.7,3.24,0.0,0
16887,2026-06-19,Referral,/home,27,22,0.3295,186.9,2.44,0.0,0
11638,2026-03-05,Direct,/pricing,3,3,0.2193,274.6,2.99,0.0,1
14495,2026-05-02,Paid Search,/contact,6,5,0.6287,94.6,1.58,0.0,1
17032,2026-06-22,Paid Search,/about-us,9,8,0.6285,171.8,1.69,0.0,0
14862,2026-05-09,Social,/blog/summer-sale-guide,6,5,0.7684,155.6,1.23,0.0,0
14882,2026-05-10,Organic Search,/blog/summer-sale-guide,20,16,0.6615,238.6,2.16,0.0,0
14841,2026-05-09,Paid Search,/blog/how-to-choose-running-shoes,13,12,0.5949,163.5,1.6,0.0,1
11383,2026-02-28, direct ,/product/running-shoes,10,9,0.3626,229.9,2.8,0.0,0
11043,2026-02-22,Organic Search,/product/running-shoes,21,18,0.4988,173.6,2.44,1.0,2
16303,2026-06-07,Social,/product/backpacks,8,7,0.5633,105.9,1.61,1.0,1
15711,2026-05-26,Social,/contact,5,4,0.7022,17.5,1.35,,0
13040,2026-04-03,Organic Search,/pricing,20,18,0.3572,163.0,2.7,1.0,1
12156,2026-03-16,Referral,/product/running-shoes,11,10,0.4033,229.0,3.76,0.0,0
10847,2026-02-18,Organic Search,/product/backpacks,15,13,0.4471,189.5,2.43,1.0,2
15048,2026-05-13,Referral,/product/backpacks,6,5,0.3832,194.8,2.29,0.0,0
14499,2026-05-02,Referral,/product/running-shoes,6,5,0.3144,277.4,3.32,1.0,1
16897,2026-06-19,Social,/home,32,27,0.5338,112.1,2.05,1.0,1
17877,2026-07-09,Paid Search,/blog/how-to-choose-running-shoes,15,14,0.6128,270.5,1.87,1.0,2
16029,2026-06-02,Organic Search,/contact,9,7,0.6816,143.4,1.0,0.0,0
13292,2026-04-08,Paid Search,/product/winter-jackets,21,17,0.5394,138.1,1.88,1.0,1
11726,2026-03-07,Social,/about-us,4,4,0.6028,65.4,2.21,0.0,0
14036,2026-04-23,Organic Search,/contact,14,12,0.599,109.0,,,1
11245,2026-02-26,Organic Search,/product/backpacks,24,20,0.4678,260.8,2.93,0.0,1
14808,2026-05-08,Social,/product/running-shoes,19,18,0.6548,70.2,1.35,0.0,0
12420,2026-03-21,Social,/about-us,7,6,0.684,10.0,1.86,0.0,0
15141,2026-05-15,Paid Search,/about-us,10,9,0.5913,68.2,2.16,0.0,0
15187,2026-05-16,Paid Search,/product/winter-jackets,11,10,0.4626,186.9,2.46,0.0,0
13274,2026-04-07,Direct,/blog/how-to-choose-running-shoes,15,14,0.4462,291.5,2.75,0.0,0
13955,2026-04-21,Referral,/about-us,9,8,0.4645,149.9,2.93,0.0,0
12267,2026-03-18,Social,/product/winter-jackets,7,7,0.5918,108.1,1.91,0.0,0
11669,2026-03-06,Referral,/checkout,6,6,0.2857,294.8,,0.0,0
12221,2026-03-17,Social,/about-us,2,2,0.7301,43.2,1.17,0.0,0
18152,2026-07-14,Direct,/home,25,21,0.3426,228.0,2.55,0.0,0
13125,2026-04-04,Direct,/blog/how-to-choose-running-shoes,9,8,0.435,271.7,2.11,0.0,0
13185,2026-04-06,Organic Search,/blog/summer-sale-guide,23,22,0.6625,294.2,1.26,2.0,3
13562,2026-04-13,Social,/product/backpacks,18,16,0.6924,154.0,1.85,1.0,1
17204,2026-06-25,Social,/checkout,5,4,0.4348,164.0,3.35,0.0,0
14219,2026-04-26,Direct,/product/running-shoes,12,12,0.285,243.4,3.2,2.0,2
15293,2026-05-18,Paid Search,/checkout,7,6,0.3119,195.5,3.25,0.0,0
12394,2026-03-21,Paid Search,/home,18,16,0.481,153.2,2.03,0.0,0
12074,2026-03-14,Social,/checkout,6,5,0.4562,57.7,1.8,1.0,1
14980,2026-05-12,Organic Search,/blog/summer-sale-guide,18,16,0.5963,228.1,2.04,0.0,0
15483,2026-05-22,Organic Search,/checkout,9,8,0.1933,242.3,3.4,2.0,2
13106,2026-04-04,Referral,/blog/summer-sale-guide,3,3,0.624,260.4,1.55,0.0,0
13022,2026-04-02,Direct,/home,14,13,0.2846,203.5,3.85,1.0,1
13749,2026-04-17,Referral,/home,16,15,0.418,180.3,2.94,1.0,1
15331,2026-05-19,Organic Search,/contact,8,7,0.6524,161.5,1.74,0.0,0
12831,2026-03-29,Direct,/checkout,3,3,0.2096,224.3,3.39,0.0,1
15150,2026-05-15,Referral,/blog/summer-sale-guide,9,7,0.4864,235.5,2.87,0.0,0
16415,2026-06-09,Direct,/about-us,3,3,0.607,171.6,1.52,0.0,0
11212,2026-02-25,Referral,/home,16,14,0.3083,197.1,2.83,1.0,1
11084,2026-02-22,Direct,/product/winter-jackets,9,7,0.319,223.6,2.8,1.0,1
13844,"April 19, 2026",Paid Search,/blog/summer-sale-guide,25,24,0.6809,197.4,1.33,1.0,2
16118,2026-06-03,Direct,/about-us,5,4,0.4479,185.3,2.23,0.0,0
15788,2026-05-28,Paid Search,/blog/how-to-choose-running-shoes,15,14,0.6814,,1.75,0.0,1
18901,2026-07-29,Direct,/product/winter-jackets,9,9,0.3057,219.4,3.56,0.0,0
10872,2026-02-18,Referral,/pricing,4,4,0.3635,263.5,2.59,0.0,0
17608,2026-07-03,Direct,/blog/summer-sale-guide,8,7,0.5538,276.2,2.0,0.0,0
15297,2026-05-18,Referral,/product/backpacks,16,15,0.4458,131.8,2.94,0.0,1
12002,2026-03-13,Paid Search,/about-us,12,10,0.6452,140.3,1.53,0.0,0
14697,2026-05-06,Paid Search,/checkout,6,5,0.351,158.7,2.69,0.0,0
15249,2026-05-17,Referral,/blog/how-to-choose-running-shoes,10,9,0.4583,335.5,2.53,0.0,0
15222,2026-05-16,Direct,/contact,4,4,0.5814,169.6,2.42,0.0,0
13819,2026-04-18,Direct,/home,17,16,0.3686,232.7,3.22,0.0,0
11818,2026-03-09,Social,/home,18,17,0.5491,104.2,2.62,0.0,0
13903,2026-04-20,Referral,/blog/how-to-choose-running-shoes,12,11,0.5559,241.6,2.35,0.0,0
12818,2026-03-29,Social,/about-us,3,3,0.6741,74.6,1.21,0.0,0
15215,2026-05-16,Direct,/home,13,12,0.3502,249.9,2.51,2.0,3
18481,2026-07-21,Referral,/product/running-shoes,19,16,0.4313,224.2,3.41,1.0,1
12471,2026-03-22,Social,/contact,6,5,0.8363,109.7,1.0,0.0,0
15189,2026-05-16,Paid Search,/blog/how-to-choose-running-shoes,5,5,0.649,,1.17,0.0,0
13554,2026-04-13,Referral,/blog/summer-sale-guide,11,9,0.5936,256.7,1.66,0.0,1
13520,2026-04-12,Direct,/product/running-shoes,7,6,0.3524,260.3,2.39,1.0,1
13825,2026-04-18,Direct,/about-us,6,5,0.3844,184.9,3.02,0.0,0
12904,2026-03-31,Referral,/product/winter-jackets,11,10,0.3805,212.6,3.1,0.0,0
13965,2026-04-21,Social,/about-us,6,6,0.6264,35.3,1.99,0.0,0
15128,2026-05-15,Organic Search,/product/backpacks,18,15,0.5139,228.5,1.73,1.0,1
14410,2026-04-30,Social,/product/winter-jackets,8,7,0.6683,104.9,1.1,0.0,0
17765,2026-07-07,Organic Search,/product/winter-jackets,28,25,0.4759,125.9,2.53,1.0,1
18910,2026-07-30,Organic Search,/product/running-shoes,30,25,0.4595,202.3,2.72,2.0,4
11026,2026-02-21,Social,/blog/how-to-choose-running-shoes,6,6,0.7715,166.0,1.0,0.0,0
11290,2026-02-26,Direct,/pricing,3,3,0.2734,227.7,3.39,0.0,0
18264,2026-07-17,Organic Search,/product/winter-jackets,26,22,0.3816,160.8,2.67,1.0,1
16356,2026-06-08,Social,/contact,6,6,0.7319,99.3,2.26,,0
16063,2026-06-02,Direct,/product/running-shoes,12,11,0.3423,309.5,3.17,0.0,0
10463,2026-02-10,Paid Search,/blog/summer-sale-guide,19,16,0.557,259.3,2.37,0.0,1
12134,2026-03-15,Direct,/checkout,2,2,0.2024,220.0,3.03,0.0,0
10288,2026-02-06,Social,/contact,4,3,0.751,22.6,1.47,0.0,0
15917,2026-05-30,Direct,/blog/how-to-choose-running-shoes,12,12,0.4411,315.7,2.85,0.0,0
13025,2026-04-02,Direct,/product/backpacks,4,4,0.316,276.4,3.07,0.0,0
15117,2026-05-14,Direct,/product/winter-jackets,10,8,0.3366,200.8,4.02,1.0,1
12264,2026-03-18,Referral,/checkout,4,4,0.341,255.9,3.16,1.0,1
13138,2026-04-05,Organic Search,/contact,11,9,0.6582,76.9,1.13,1.0,1
10654,2026-02-14,Organic Search,/about-us,8,7,0.4786,185.0,1.98,0.0,0
15310,2026-05-18,Social,/about-us,7,6,0.7464,64.3,1.58,0.0,0
16899,2026-06-19,Social,/product/winter-jackets,13,11,0.6216,63.9,1.8,0.0,0
13363,2026-04-09,Social,/product/backpacks,10,9,0.5268,69.7,1.92,0.0,0
17452,2026-06-30,Social,/checkout,6,6,0.4097,106.1,2.22,1.0,1
13732,2026-04-17,Organic Search,/product/backpacks,27,24,0.4821,165.3,1.79,1.0,1
17239,2026-06-26,Referral,/blog/how-to-choose-running-shoes,15,14,,239.3,1.84,0.0,0
13481,2026-04-12,Organic Search,/product/winter-jackets,19,18,0.4153,144.5,3.01,0.0,1
11262,2026-02-26,Referral,/home,14,13,0.3365,210.5,2.47,0.0,0
14266,2026-04-27,Social,/pricing,5,4,0.5885,106.2,2.09,0.0,0
10092,2026-02-02,Direct,/product/running-shoes,17,16,0.3672,228.1,2.67,1.0,2
15024,2026-05-12,Direct,/checkout,4,3,0.2038,249.6,3.24,0.0,0
16091,2026-06-03,Paid Search,/checkout,8,7,0.2869,205.3,2.46,0.0,0
13110,2026-04-04,Referral,/checkout,4,4,0.1994,256.4,4.05,0.0,0
12487,2026-03-23,Organic Search,/product/backpacks,15,13,0.4434,151.5,2.43,0.0,0
12559,2026-03-24,Referral,/blog/summer-sale-guide,6,6,0.5683,232.7,2.19,0.0,0
16452,10/06/2026,Social,/blog/how-to-choose-running-shoes,17,15,0.7554,156.8,1.0,1.0,1
16510,2026-06-11,Direct,/product/winter-jackets,11,9,0.3808,272.0,2.17,1.0,2
17006,2026-06-21,Social,/checkout,1,1,0.3772,167.6,3.06,,0
17431,2026-06-30,Paid Search,/pricing,12,11,0.3566,215.6,2.48,1.0,2
14075,2026-04-23,Direct,/contact,4,4,0.5582,221.1,2.33,0.0,0
17433,2026-06-30,Referral,/home,18,15,0.3816,226.3,3.22,0.0,0
15851,2026-05-29,Referral,/contact,3,3,0.5707,168.2,2.07,1.0,1
13715,2026-04-16,Social,/about-us,13,11,0.6679,88.4,1.0,0.0,0
13320,2026-04-08,Direct,/home,21,19,0.2309,216.6,3.12,2.0,2
17699,2026-07-05,Social,/about-us,4,4,0.6999,54.7,1.49,0.0,0
18918,2026-07-30,Organic Search,/checkout,13,12,0.3254,217.9,2.95,3.0,3
14546,2026-05-03,Paid Search,/pricing,5,4,0.4551,118.2,2.59,0.0,0
17378,2026-06-29,Paid Search,/blog/summer-sale-guide,11,10,0.7351,209.6,1.0,1.0,1
15097,2026-05-14,Referral,/product/winter-jackets,6,5,0.3637,252.0,2.36,2.0,2
18666,2026-07-25,Organic Search,/contact,5,4,0.6021,125.9,2.16,0.0,0
10878,2026-02-18,Social,/blog/how-to-choose-running-shoes,15,14,0.7004,116.4,1.0,0.0,0
13503,2026-04-12,Referral,/blog/how-to-choose-running-shoes,8,7,0.5349,324.5,2.35,0.0,0
13396,2026-04-10,Paid Search,/about-us,14,13,0.6065,119.8,1.89,1.0,1
10829,2026-02-17,Social,/blog/summer-sale-guide,6,6,0.6614,165.6,1.85,0.0,0
17192,2026-06-25,Referral,/contact,7,7,0.6881,197.5,1.48,0.0,0
18221,2026-07-16,Organic Search,/checkout,8,7,0.2993,205.1,3.45,1.0,1
10481,2026-02-10,Social,/product/backpacks,4,3,0.5993,117.3,1.33,0.0,0
16166,2026-06-04,Direct,/blog/summer-sale-guide,14,12,0.5429,307.2,1.74,1.0,1
18761,2026-07-27,Organic Search,/product/winter-jackets,29,25,,208.5,2.9,3.0,4
11529,2026-03-03,Social,/pricing,6,5,0.5046,,2.16,1.0,1
12611,2026-03-25,Referral,/contact,4,3,0.5003,126.3,2.43,,0
10046,2026-02-01,Direct,/blog/summer-sale-guide,6,6,0.5115,273.1,2.9,0.0,0
14500,2026-05-02,Referral,/product/winter-jackets,6,5,0.3692,188.5,3.64,0.0,0
12369,2026-03-20,Social,/blog/summer-sale-guide,9,8,0.7566,194.5,1.45,0.0,0
18566,2026-07-23,Organic Search,/about-us,24,22,0.6094,150.0,1.53,0.0,0
17386,2026-06-29,Referral,/product/backpacks,13,12,0.348,174.1,3.02,2.0,4
18422,2026-07-20,Paid Search,/product/winter-jackets,14,12,0.4744,161.2,2.6,1.0,1
12169,2026-03-16,Social,/blog/how-to-choose-running-shoes,12,11,0.7828,122.3,1.28,0.0,0
13380,2026-04-10,Organic Search,/home,53,48,0.3674,214.2,2.62,1.0,4
10186,2026-02-04,Social,/blog/summer-sale-guide,8,7,0.724,196.6,1.0,0.0,0
12664,2026-03-26,Social,/home,20,17,0.6214,,1.89,2.0,2
16501,2026-06-11,Social,/product/backpacks,11,11,0.6377,133.7,1.67,1.0,1
17330,2026-06-28,Paid Search,/contact,5,4,0.6944,110.3,1.48,0.0,0
14720,2026-05-06,Direct,/product/winter-jackets,11,10,0.3857,235.1,2.68,0.0,0
18053,2026-07-12,Direct,/product/running-shoes,9,9,0.3363,223.9,2.21,0.0,2
12103,2026-03-15,Paid Search,/pricing,6,5,0.3778,174.4,2.84,1.0,2
14740,2026-05-07,Paid Search,/product/winter-jackets,7,6,0.4882,147.9,1.71,1.0,1
12119,2026-03-15,Social,/blog/how-to-choose-running-shoes,7,7,0.7745,108.0,1.35,0.0,0
14706,2026-05-06,Referral,/pricing,5,5,0.2906,154.3,,0.0,0
14327,2026-04-28,Direct,/checkout,5,4,0.1995,241.7,3.58,1.0,1
17966,2026-07-11,Organic Search,/blog/how-to-choose-running-shoes,21,19,0.6063,246.4,1.93,2.0,2
15587,2026-05-24,Paid Search,/product/backpacks,6,6,0.3846,212.8,2.9,1.0,1
15235,2026-05-17,Paid Search,/home,30,29,0.4151,171.8,2.82,1.0,1
10628,2026-02-13,Social,/home,16,14,0.5428,112.2,2.07,1.0,1
12821,2026-03-29,Social,/checkout,3,3,0.4602,112.0,2.05,0.0,0
17240,2026-06-26,Referral,/blog/summer-sale-guide,9,8,0.556,289.8,1.9,0.0,0
17645,2026-07-04,Social,/product/winter-jackets,8,7,0.5841,96.2,1.89,0.0,0
14762,2026-05-07,Social,/blog/how-to-choose-running-shoes,11,9,0.7082,193.8,1.92,0.0,0
12008,2026-03-13,Referral,/product/winter-jackets,10,9,0.3394,242.5,2.39,0.0,0
11528,2026-03-03,Social,/contact,5,4,0.7733,76.0,1.06,0.0,0
11559,2026-03-04,Paid Search,/pricing,9,8,0.4539,166.5,2.81,0.0,0
18136,2026-07-14,Referral,/blog/how-to-choose-running-shoes,6,5,0.6292,239.4,1.0,0.0,0
11533,2026-03-03,Direct,/product/winter-jackets,13,12,0.3856,214.8,3.01,1.0,1
10608,2026-02-13,Paid Search,/home,13,11,0.4252,161.6,1.92,1.0,1
16282,2026-06-07,Paid Search,/product/winter-jackets,6,5,0.5135,145.1,2.72,0.0,0
10790,2026-02-16,Direct,/about-us,6,5,0.4555,225.7,1.98,0.0,0
15292,2026-05-18,Paid Search,/pricing,12,11,0.3908,222.2,3.16,0.0,0
11036,2026-02-21,Direct,/blog/how-to-choose-running-shoes,12,10,0.5152,282.4,1.29,0.0,0
15276,2026-05-18,Organic Search,/product/winter-jackets,26,23,0.273,215.7,3.99,1.0,1
13615,2026-04-14,Social,/about-us,13,11,0.6454,96.9,1.34,0.0,0
13434,2026-04-11,Organic Search,/blog/how-to-choose-running-shoes,27,23,0.5413,253.8,2.27,0.0,0
15705,2026-05-26,Social,/product/running-shoes,21,18,0.5642,162.4,2.0,2.0,2
17562,2026-07-02,Direct,/checkout,6,6,0.0925,285.0,4.08,2.0,2
15720,2026-05-26,Direct,/about-us,6,6,0.4487,234.1,2.42,0.0,1
13338,2026-04-09,Organic Search,/pricing,14,13,0.4066,204.3,1.49,1.0,1
13852,2026-04-19,Referral,/product/backpacks,2,2,0.4523,199.6,2.51,0.0,0
18976,2026-07-31,Paid Search,/contact,7,6,0.6982,68.0,1.2,0.0,0
12779,2026-03-28,Direct,/contact,2,2,0.5855,156.0,2.03,0.0,0
12716,2026-03-27,Social,/product/winter-jackets,12,11,0.633,100.3,1.58,0.0,0
14847,2026-05-09,Referral,/home,15,13,0.3041,198.0,3.27,1.0,2
10500,2026-02-11,Organic Search,/product/winter-jackets,26,25,0.3271,188.1,2.89,3.0,4
15039,2026-05-13,Paid Search,/blog/how-to-choose-running-shoes,17,16,0.6255,238.7,1.24,1.0,1
17949,2026-07-10,Social,/contact,5,4,0.8252,37.8,1.38,0.0,0
12342,2026-03-20,Organic Search,/pricing,10,9,0.3788,260.4,3.17,0.0,0
13388,2026-04-10,Organic Search,/pricing,17,16,0.3757,217.4,2.81,0.0,1
10122,2026-02-03,Referral,/product/running-shoes,8,7,0.231,299.5,4.09,1.0,1
15296,2026-05-18,Referral,/product/winter-jackets,9,9,0.3571,207.2,2.72,0.0,0
11924,2026-03-11,Social,/pricing,5,5,0.4789,66.1,2.31,0.0,0
10445,2026-02-09,Direct,/contact,3,3,0.5844,176.8,1.12,0.0,0
14954,2026-05-11,Referral,/pricing,2,2,0.3294,256.9,3.58,,0
13864,2026-04-19,Social,/blog/summer-sale-guide,12,11,0.8104,184.6,1.0,0.0,0
14000,2026-04-22,Referral,/product/running-shoes,16,14,0.4417,253.8,2.92,2.0,2
11944,2026-03-12,Organic Search,/pricing,19,18,0.2978,175.5,3.21,2.0,3
13932,2026-04-21,Organic Search,/product/backpacks,15,14,0.4591,198.7,2.37,0.0,0
14131,2026-04-25,Organic Search,/product/backpacks,28,26,0.3968,198.1,2.56,0.0,2
13091,2026-04-04,Paid Search,/home,18,17,0.5738,230.1,1.51,0.0,2
18079,2026-07-13,Paid Search,/contact,5,5,0.7055,70.5,1.26,0.0,0
17022,2026-06-22,Organic Search,/about-us,13,12,0.4365,144.1,3.02,0.0,0
15795,2026-05-28,Referral,/product/running-shoes,14,13,0.2865,179.3,2.08,1.0,2
16143,2026-06-04,Referral,/product/running-shoes,12,10,0.4142,197.4,3.36,0.0,1
18342,2026-07-18,Social,/product/running-shoes,11,9,0.5469,106.9,1.63,0.0,0
10947,2026-02-20,Organic Search,/blog/how-to-choose-running-shoes,25,23,0.5986,237.3,1.82,0.0,0
10786,2026-02-16,Direct,/product/winter-jackets,9,8,0.3911,262.1,2.66,1.0,1
18668,2026-07-25,Organic Search,/checkout,11,10,0.2251,240.0,3.94,4.0,4
14158,2026-04-25,Social,/home,20,18,0.5354,128.5,2.93,0.0,0
16000,2026-06-01,Referral,/pricing,6,5,0.2975,226.4,3.23,0.0,0
16035,2026-06-02,Paid Search,/product/backpacks,17,15,0.5453,119.5,2.05,0.0,1
11217,2026-02-25,Referral,/blog/summer-sale-guide,10,10,0.539,305.0,1.0,0.0,0
10852,2026-02-18,Organic Search,/pricing,14,12,0.3002,211.3,2.95,2.0,3
17634,2026-07-04,Referral,/product/running-shoes,9,8,0.3844,250.9,2.62,1.0,1
11203,2026-02-25,Paid Search,/product/running-shoes,21,19,0.4623,139.4,2.76,2.0,3
10140,2026-02-03,Social,/checkout,5,4,0.4095,125.2,2.45,0.0,0
14280,2026-04-28,Organic Search,/product/winter-jackets,24,21,0.473,201.1,2.14,1.0,1
18440,2026-07-20,Social,/home,26,24,0.6263,86.0,1.45,1.0,1
17458,2026-06-30,Direct,/blog/summer-sale-guide,12,11,0.5671,241.6,2.93,1.0,1
15232,2026-05-17,Organic Search,/contact,8,7,0.6805,90.4,1.16,0.0,0
10615,2026-02-13,Paid Search,/contact,3,3,250.0,126.9,,0.0,0
16173,2026-06-05,Organic Search,/product/winter-jackets,20,17,0.4044,221.1,2.46,0.0,0
17651,2026-07-04,Social,/pricing,7,6,0.342,116.6,3.17,0.0,1
12589,2026-03-25,Organic Search,/blog/summer-sale-guide,18,16,0.5494,235.8,1.62,0.0,1
10428,2026-02-09,Social,/home,26,24,0.6176,93.3,1.68,1.0,2
11332,2026-02-27,Direct,/home,15,13,0.3308,199.6,2.92,2.0,2
11536,2026-03-03,Direct,/blog/summer-sale-guide,6,5,0.4532,225.0,2.49,0.0,0
14668,2026-05-05,Direct,/home,17,15,0.3347,224.1,3.01,0.0,0
13412,2026-04-10,Social,/product/winter-jackets,18,16,0.6426,89.3,1.77,0.0,0
12499,2026-03-23,Paid Search,/blog/summer-sale-guide,14,12,0.5947,154.7,2.08,0.0,0
13625,2026-04-14,Direct,/about-us,11,9,0.4683,177.0,2.31,0.0,0
14729,2026-05-07,Organic Search,/product/running-shoes,36,33,0.4174,226.7,2.47,1.0,2
15781,2026-05-28,Organic Search,/contact,11,11,0.6298,130.8,1.0,0.0,0
13953,2026-04-21,Referral,/blog/how-to-choose-running-shoes,7,6,0.582,307.7,1.48,0.0,0
11923,2026-03-11,Social,/contact,5,4,0.8062,42.1,1.0,0.0,0
11294,2026-02-27,Organic Search,/product/winter-jackets,27,26,0.415,220.4,2.89,0.0,0
13863,2026-04-19,Social,/blog/how-to-choose-running-shoes,17,14,0.79,150.8,1.0,0.0,0
11619,2026-03-05,Referral,/pricing,6,5,0.2756,287.4,3.74,1.0,1
14217,2026-04-26,Social,/checkout,2,2,0.4282,223.3,2.41,0.0,0
12574,2026-03-24,Direct,/home,19,18,0.3447,249.1,,1.0,1
18851,2026-07-28,Direct,/product/winter-jackets,11,10,0.2735,247.2,2.99,1.0,1
10182,2026-02-04,Social,/product/running-shoes,14,13,0.5443,66.3,1.48,0.0,0
16375,2026-06-09,Organic Search,/about-us,18,17,0.4551,155.0,1.88,0.0,0
18352,2026-07-18,Direct,/product/running-shoes,5,5,0.399,220.1,2.95,0.0,0
13102,2026-04-04,Referral,/product/running-shoes,9,8,0.4064,230.7,2.71,0.0,0
13738,2026-04-17,Organic Search,/checkout,9,8,0.255,243.6,3.32,1.0,2
15124,2026-05-14,Direct,/checkout,5,4,0.248,329.2,3.13,0.0,1
11557,2026-03-04,Paid Search,/about-us,6,6,0.6131,104.5,2.24,0.0,0
12318,2026-03-19,Social,/blog/how-to-choose-running-shoes,12,10,0.7117,179.6,1.42,0.0,0
13946,2026-04-21,Paid Search,/contact,8,7,0.6513,122.4,1.69,0.0,0
10554,2026-02-12,Organic Search,/about-us,10,10,0.5119,175.2,2.23,1.0,1
17743,2026-07-06,Social,/home,25,24,0.5243,68.7,2.3,0.0,0
10991,2026-02-20,Direct,/pricing,13,12,0.2286,243.9,2.97,0.0,0
14176,2026-04-25,Direct,/pricing,4,3,0.243,245.0,3.42,0.0,0
17255,2026-06-26,Direct,/product/running-shoes,17,15,0.4324,210.2,2.95,2.0,2
10348,2026-02-07,Direct,/pricing,4,4,0.3219,239.8,3.3,0.0,0
12000,2026-03-13,Paid Search,/blog/how-to-choose-running-shoes,22,19,0.6493,236.8,1.58,1.0,1
18842,2026-07-28,Social,/product/backpacks,11,10,0.5819,135.1,1.75,0.0,0
10294,2026-02-06,Direct,/product/backpacks,12,11,0.2997,192.2,3.02,1.0,2
18355,2026-07-18,Direct,/blog/how-to-choose-running-shoes,11,10,0.5047,275.5,2.65,1.0,1
16098,2026-06-03,Referral,/about-us,5,4,0.5299,167.7,2.11,0.0,0
16410,2026-06-09,Direct,/product/running-shoes,25,22,0.3133,267.9,3.6,2.0,6
11486,2026-03-02,Direct,/blog/summer-sale-guide,12,11,0.5893,272.7,1.32,0.0,0
16333,2026-06-08,Paid Search,/blog/how-to-choose-running-shoes,18,16,0.618,229.7,1.25,4.0,5
18137,2026-07-14,Referral,/blog/summer-sale-guide,10,10,0.4942,211.6,2.49,1.0,1
13915,2026-04-20,Social,/about-us,6,6,0.6072,37.1,1.53,1.0,1
13418,2026-04-10,Social,/pricing,13,12,0.5562,134.5,2.12,0.0,0
16886,2026-06-19,Paid Search,/checkout,10,9,0.395,173.5,2.9,0.0,1
13150,2026-04-05,Paid Search,/checkout,4,4,0.3545,217.9,2.21,2.0,3
15503,2026-05-22,Referral,/checkout,7,6,0.2032,271.8,3.94,0.0,0
11963,2026-03-12,Referral,/contact,1,1,0.6511,104.0,1.93,0.0,0
18932,2026-07-30,Referral,/product/backpacks,7,6,0.4734,187.2,2.42,1.0,1
18182,2026-07-15,Referral,/home,25,23,0.3734,172.2,3.24,0.0,0
18057,2026-07-12,Direct,/blog/summer-sale-guide,7,6,0.6129,211.6,1.58,0.0,0
15210,2026-05-16,Social,/blog/summer-sale-guide,7,6,0.7846,155.2,1.31,0.0,0
12449,2026-03-22,Paid Search,/blog/summer-sale-guide,7,7,0.6202,168.3,1.15,1.0,1
10151,2026-02-04,Organic Search,/home,37,34,0.4067,159.5,3.12,0.0,2
12096,2026-03-15,Paid Search,/product/running-shoes,20,19,0.4784,159.2,3.05,,2
18620,2026-07-24,Paid Search,/product/running-shoes,18,17,0.4782,194.8,1.99,3.0,3
11132,2026-02-23,Direct,/home,18,16,0.287,266.5,3.22,0.0,1
16829,2026-06-18,Paid Search,/product/winter-jackets,15,13,0.4092,147.5,2.5,0.0,0
17365,2026-06-29,Organic Search,/product/winter-jackets,40,33,0.4134,215.8,2.49,3.0,3
10299,2026-02-06,Direct,/pricing,5,5,0.2036,212.0,4.02,0.0,0
11938,2026-03-12,Organic Search,/product/winter-jackets,27,23,0.4494,173.6,2.27,0.0,0
18731,2026-07-26,Referral,/product/winter-jackets,15,14,0.3692,199.7,2.12,1.0,1
12053,2026-03-14,Paid Search,/contact,3,3,0.6159,111.4,1.2,0.0,1
12239,2026-03-18,Organic Search,/blog/how-to-choose-running-shoes,20,19,0.6708,259.7,1.42,1.0,2
18507,2026-07-21,Direct,/contact,9,7,0.5116,110.4,2.21,0.0,0
17142,2026-06-24,Referral,/about-us,7,6,0.4572,169.1,1.46,0.0,0
10169,2026-02-04,Paid Search,/pricing,4,3,0.4655,208.0,2.5,0.0,0
15065,2026-05-13,Direct,/home,14,13,0.2358,251.0,3.16,0.0,0
18140,2026-07-14,Referral,/pricing,5,5,0.3274,255.2,3.29,1.0,1
14318,2026-04-28,Direct,/home,24,22,0.2589,214.7,3.24,1.0,1
12213,2026-03-17,Referral,/pricing,5,4,0.2475,228.6,3.53,1.0,1
12225,2026-03-17,Direct,/home,16,15,0.3421,160.5,2.61,0.0,1
13659,2026-04-15,Social,/home,44,41,0.5366,79.2,2.39,1.0,1
15630,2026-05-25,Organic Search,/about-us,14,12,0.5298,149.8,1.92,0.0,0
18546,2026-07-22,Social,/about-us,9,8,0.5828,58.4,,0.0,0
10245,2026-02-05,Direct,/blog/how-to-choose-running-shoes,12,11,0.4349,311.6,2.75,0.0,0
16178,2026-06-05,Organic Search,/contact,13,11,0.6788,161.3,1.14,0.0,0
18125,2026-07-14,Paid Search,/product/backpacks,10,8,0.485,196.2,1.46,1.0,1
10357,2026-02-08,Organic Search,/contact,7,7,0.593,141.3,1.89,1.0,1
10694,2026-02-14,Direct,/contact,5,4,,212.8,1.79,0.0,0
13544,2026-04-13,Paid Search,/blog/summer-sale-guide,28,25,0.6446,209.3,1.49,0.0,0
13374,2026-04-09,Direct,/blog/how-to-choose-running-shoes,12,11,0.4773,,2.07,0.0,0
10512,2026-02-11,Paid Search,/blog/how-to-choose-running-shoes,16,13,0.6293,161.6,1.31,0.0,0
13580,2026-04-14,Organic Search,/product/running-shoes,42,36,0.3014,226.6,2.72,1.0,4
18525,2026-07-22,Paid Search,/blog/summer-sale-guide,22,20,0.635,188.1,1.74,1.0,1
12133,2026-03-15,Direct,/pricing,5,4,0.2269,227.2,3.29,0.0,1
15626,2026-05-25,Organic Search,/product/winter-jackets,23,19,0.4434,-53.39764733138095,2.74,0.0,2
10630,2026-02-13,Social,/product/winter-jackets,10,8,0.5075,147.6,2.24,0.0,0
15370,2026-05-19,Direct,/about-us,1,1,0.5046,207.2,2.53,0.0,0
17908,2026/07/09,Direct,/about-us,7,6,0.4746,172.1,2.45,0.0,0
14632,2026-05-05,Organic Search,/blog/how-to-choose-running-shoes,27,25,0.5357,237.6,1.92,1.0,1
10651,2026-02-14,Organic Search,/product/backpacks,16,14,0.4019,164.7,2.86,0.0,0
18319,2026-07-18,Organic Search,/contact,9,9,0.6661,90.9,1.39,0.0,1
13872,2026-04-19,Direct,/product/backpacks,4,4,0.2808,242.0,3.47,1.0,2
16325,2026-06-08,Organic Search,/about-us,15,13,0.4856,154.7,2.09,1.0,1
18640,2026-07-24,Social,/product/running-shoes,20,19,,66.0,1.72,2.0,2
12052,2026-03-14,Paid Search,/about-us,9,8,0.493,106.8,2.35,0.0,0
11422,2026-03-01,Social,/product/running-shoes,16,14,0.5565,77.0,1.61,0.0,0
18052,2026-07-12,Direct,/home,17,15,0.2403,300.7,3.04,0.0,1
15227,2026-05-17,Organic Search,/product/winter-jackets,14,12,0.3792,207.9,2.79,0.0,0
14127,2026-04-24,Direct,/checkout,7,6,0.1282,271.0,4.25,0.0,1
12777,2026-03-28,Direct,/blog/how-to-choose-running-shoes,8,7,0.5212,297.3,2.65,0.0,0
15589,2026-05-24,Paid Search,/blog/summer-sale-guide,13,11,0.6727,198.1,1.9,0.0,0
13926,2026-04-20,Direct,/contact,2,2,0.5421,166.1,1.67,,0
11238,2026-02-25,Direct,/about-us,5,5,0.4758,147.8,2.38,0.0,0
18131,2026-07-14,Paid Search,/checkout,4,3,0.2993,202.8,3.21,0.0,0
16037,2026-06-02,Paid Search,/blog/summer-sale-guide,14,12,0.7464,189.1,1.0,0.0,0
14155,2026-04-25,Referral,/contact,1,1,0.6205,148.5,1.65,0.0,0
11291,2026-02-26,Direct,/checkout,5,4,0.213,226.8,3.64,0.0,1
11267,2026-02-26,Referral,/blog/summer-sale-guide,3,3,0.551,315.3,1.53,0.0,0
16561,2026-06-12,Direct,/product/backpacks,5,5,0.2863,196.1,3.78,0.0,0
12240,2026-03-18,Organic Search,/blog/summer-sale-guide,21,17,,253.5,1.52,1.0,1
15619,2026-05-24,Direct,/blog/summer-sale-guide,5,4,0.5085,251.7,1.69,0.0,0
11085,2026-02-22,Direct,/product/backpacks,2,2,0.3611,231.8,2.29,,0
16594,2026-06-13,Referral,/about-us,3,3,0.5194,158.0,2.12,0.0,0
17351,2026-06-28,Social,/pricing,8,8,0.4735,143.8,2.25,0.0,0
18501,2026-07-21,Direct,/product/running-shoes,19,16,0.3132,203.4,3.96,1.0,1
18581,2026-07-23,Referral,/product/running-shoes,13,11,0.3488,191.8,2.56,1.0,1
11475,2026-03-02,Social,/blog/how-to-choose-running-shoes,9,8,0.7438,129.5,1.33,0.0,0
18288,2026-07-17,Referral,/about-us,4,4,0.4444,192.7,2.04,0.0,0
16197,2026-06-05,Referral,/about-us,4,4,0.4899,176.3,2.43,0.0,0
16148,2026-06-04,Referral,/about-us,5,5,0.4955,160.8,1.94,1.0,1
14100,2026-04-24,Referral,/product/winter-jackets,10,9,0.4028,200.5,2.84,1.0,1
15425,2026-05-21,Organic Search,/product/running-shoes,30,29,0.3822,195.8,2.67,0.0,0
15767,2026-05-27,Direct,/product/backpacks,9,8,0.3253,194.3,2.93,0.0,0
11011,2026-02-21,Paid Search,/checkout,3,3,0.2875,154.5,2.89,0.0,0
12271,2026-03-18,Social,/about-us,6,5,0.712,97.5,1.0,0.0,0
13539,2026-04-13,Paid Search,/home,41,38,0.4108,136.0,2.16,0.0,0
17667,2026-07-05,Organic Search,/blog/how-to-choose-running-shoes,28,26,0.5974,202.3,1.12,1.0,1
10887,2026-02-18,Direct,/product/backpacks,2,2,0.2999,213.1,3.45,0.0,0
11440,2026-03-01,Direct,/checkout,3,3,,289.2,3.41,0.0,0
15636,2026-05-25,Paid Search,/product/winter-jackets,20,19,0.4351,173.4,2.5,2.0,2
14307,2026-04-28,Referral,/checkout,2,2,0.2573,228.4,3.06,1.0,1
17911,2026-07-09,Direct,/checkout,5,5,0.1947,259.5,3.3,1.0,1
11670,2026-03-06,Social,/home,24,23,0.5715,117.6,2.01,0.0,1
10733,2026-02-15,Social,/checkout,3,3,0.4446,128.6,2.32,0.0,0
11616,2026-03-05,Referral,/blog/summer-sale-guide,14,13,0.5396,268.4,2.89,0.0,0
18758,2026-07-26,Direct,/checkout,3,3,0.2264,264.3,4.07,1.0,1
10547,2026-02-11,Direct,/checkout,6,5,0.2403,296.5,3.57,0.0,0
16232,2026-06-06,Paid Search,/product/running-shoes,19,17,0.4012,152.8,2.77,1.0,1
13146,2026-04-05,Paid Search,/blog/summer-sale-guide,20,18,0.6036,204.1,2.02,1.0,1
15897,2026-05-30,Referral,/product/backpacks,4,3,0.3621,188.0,3.61,0.0,0
13296,2026-04-08,Paid Search,/about-us,20,19,0.5673,113.1,1.25,0.0,0
14223,2026-04-26,Direct,/blog/summer-sale-guide,6,5,0.4791,281.1,2.17,0.0,0
11139,2026-02-23,Direct,/contact,12,10,0.5395,114.9,1.84,0.0,0
17773,2026-07-07,Paid Search,/home,31,29,0.2825,178.4,2.27,1.0,1
11512,2026-03-03,Referral,/product/running-shoes,13,12,0.4179,235.7,2.4,0.0,0
15622,2026-05-24,Direct,/pricing,7,6,0.2541,236.9,3.12,1.0,2
16978,2026-06-21,Paid Search,/product/running-shoes,15,13,0.4495,174.5,2.82,3.0,3
16057,2026-06-02,Social,/blog/summer-sale-guide,10,9,0.6796,134.7,1.25,0.0,0
18231,2026-07-16,Paid Search,/checkout,5,5,0.3728,171.0,2.55,0.0,0
17593,2026-07-03,Social,/home,21,17,0.5065,79.5,,0.0,0
18487,2026-07-21,Referral,/contact,3,3,0.5979,179.0,2.11,0.0,0
14964,2026-05-11,Social,/checkout,7,6,0.3787,182.6,2.51,0.0,0
12809,2026-03-29,Referral,/contact,2,2,0.6815,138.5,1.28,0.0,0
18930,2026-07-30,Referral,/product/running-shoes,8,7,0.3743,210.7,3.27,0.0,0
10467,2026-02-10,Paid Search,/checkout,5,4,0.332,127.9,3.04,0.0,1
12889,2026-03-31,Organic Search,/contact,11,10,0.6358,105.5,1.98,1.0,1
12004,2026-03-13,Paid Search,/pricing,11,10,0.4034,223.3,2.78,0.0,0
12504,2026-03-23,Referral,/home,17,16,0.333,209.1,2.93,0.0,0
10990,2026-02-20,Direct,/contact,5,4,0.637,96.1,2.51,0.0,0
17460,2026-06-30,Direct,/contact,5,4,0.4952,178.3,2.06,0.0,0
13588,2026-04-14,Organic Search,/checkout,14,12,0.307,275.4,2.94,0.0,0
11210,2026-02-25,Paid Search,/pricing,12,11,0.4268,172.7,2.27,0.0,0
11940,2026-03-12,Organic Search,/blog/how-to-choose-running-shoes,22,20,0.5626,276.6,2.28,0.0,0
17305,2026-06-27,Direct,/product/running-shoes,10,9,0.2288,195.4,3.62,0.0,0
16988,2026-06-21,Referral,/product/running-shoes,9,8,0.3447,252.5,3.16,0.0,0
10711,2026-02-15,Paid Search,/blog/how-to-choose-running-shoes,15,13,0.6091,242.9,2.78,0.0,1
10271,2026-02-06,Referral,/home,10,8,0.3013,181.9,2.56,0.0,0
12191,2026-03-17,Organic Search,/about-us,19,17,0.5078,122.1,1.85,1.0,1
13251,2026-04-07,Referral,/product/running-shoes,13,11,0.387,274.0,2.53,0.0,1
17150,2026-06-24,Social,/blog/summer-sale-guide,15,13,0.742,127.3,1.0,0.0,0
13137,2026-04-05,Organic Search,/about-us,7,6,0.5802,103.3,1.13,0.0,0
12545,2026-03-24,Paid Search,/product/running-shoes,15,14,0.4265,169.6,1.79,1.0,1
10198,2026-02-04,Direct,/contact,5,5,0.4971,180.4,2.43,0.0,0
17410,2026-06-29,Direct,/contact,6,5,0.5897,138.1,1.58,0.0,0
15741,2026-05-27,Paid Search,/contact,9,8,0.659,68.9,1.82,1.0,1
18013,2026-07-12,Organic Search,/product/running-shoes,25,21,0.4386,215.1,2.42,2.0,2
10594,2026-02-12,Direct,/about-us,5,5,0.4321,180.7,2.39,0.0,0
12817,2026-03-29,Social,/blog/summer-sale-guide,9,7,0.7967,160.3,1.0,0.0,0
13907,2026-04-20,Referral,/pricing,6,5,0.1869,202.8,3.4,0.0,0
13379,2026-04-09,Direct,/checkout,6,6,0.2053,253.3,2.59,1.0,1
11342,2026-02-28,Organic Search,/home,32,29,0.3708,238.2,2.64,1.0,1
13127,2026-04-04,Direct,/about-us,3,3,0.4555,191.7,1.82,0.0,0
17368,2026-06-29,Organic Search,/blog/summer-sale-guide,27,25,0.6267,172.5,1.0,0.0,0
16939,2026-06-20,Referral,/product/winter-jackets,7,6,0.3694,206.6,2.58,0.0,1
16184,2026-06-05,Paid Search,/product/backpacks,15,14,0.4672,178.5,3.44,1.0,2
13461,2026-04-11,Social,/product/running-shoes,19,16,0.478,144.5,2.35,1.0,1
14754,2026-05-07,Referral,/about-us,7,7,0.4692,90.2,2.22,0.0,0
12934,2026-04-01,Organic Search,/product/winter-jackets,24,20,0.5404,212.3,1.81,0.0,0
13039,2026-04-03,Organic Search,/contact,13,11,0.5715,137.8,1.69,1.0,1
15974,2026-06-01,Organic Search,/product/winter-jackets,17,16,,184.7,2.22,,2
14211,2026-04-26,Social,/product/backpacks,4,4,0.6535,81.0,1.81,1.0,1
16127,2026-06-04,Organic Search,/blog/summer-sale-guide,22,21,0.5486,240.6,2.06,0.0,0
17306,2026-06-27,Direct,/product/winter-jackets,5,4,0.2907,206.9,3.18,1.0,1
13452,2026-04-11,Referral,/product/winter-jackets,5,4,0.4137,194.2,2.63,1.0,1
14659,2026-05-05,Social,/product/running-shoes,13,11,0.5514,143.1,1.16,0.0,0
14363,2026-04-29,Social,/blog/summer-sale-guide,14,12,0.6362,179.7,1.39,0.0,0
14274,2026-04-27,Direct,/about-us,3,3,0.4662,177.1,2.34,0.0,0
10614,2026-02-13,Paid Search,/about-us,3,3,0.5739,103.0,1.6,0.0,0
11370,2026-02-28,Referral,/pricing,4,4,0.3461,197.7,3.17,0.0,0
15946,2026-05-31,Referral,/product/backpacks,8,7,0.3768,155.8,3.04,0.0,0
11691,2026-03-07,Organic Search,/product/running-shoes,26,25,0.3893,229.8,3.02,0.0,0
13438,2026-04-11,Organic Search,/pricing,15,13,0.3443,208.0,3.03,2.0,2
11848,2026-03-10,Paid Search,/product/running-shoes,21,20,0.4224,131.8,2.57,1.0,2
14173,2026-04-25,Direct,/blog/summer-sale-guide,3,3,0.5449,277.8,2.49,1.0,1
10180,2026-02-04,Referral,/checkout,2,2,0.3041,232.2,3.02,0.0,0
18600,2026-07-23,Direct,/product/running-shoes,19,17,0.2402,267.9,3.88,1.0,1
17055,2026-06-22,Social,/checkout,6,5,0.4139,149.6,2.96,0.0,0
14772,2026-05-07,Direct,/blog/how-to-choose-running-shoes,17,16,0.4776,311.9,2.43,3.0,4
12566,2026-03-24,Social,/product/winter-jackets,12,11,0.5451,127.8,1.21,0.0,0
11002,2026-02-21,Paid Search,/home,15,14,0.4211,163.5,2.78,0.0,0
10028,2026-02-01,Referral,/contact,3,3,0.603,156.6,,0.0,0
18028,2026-07-12,Paid Search,/about-us,4,4,0.5645,108.1,1.68,0.0,0
16483,2026-06-11,Paid Search,/blog/summer-sale-guide,12,11,0.6225,226.7,1.32,1.0,2
15343,2026-05-19,Paid Search,/checkout,3,3,0.315,162.5,3.26,1.0,1
17617,2026-07-04,Organic Search,/blog/how-to-choose-running-shoes,20,19,0.5443,242.6,2.29,0.0,0
11842,2026-03-10,Organic Search,/blog/summer-sale-guide,29,25,0.6106,231.6,1.54,,0
12703,2026-03-27,Paid Search,/checkout,3,3,0.3444,218.9,3.05,2.0,2
14986,2026-05-12,Paid Search,/product/running-shoes,26,24,0.4954,180.7,1.64,1.0,1
16087,2026-06-03,Paid Search,/blog/summer-sale-guide,12,10,0.7269,183.8,1.64,1.0,1
17432,2026-06-30,Paid Search,/checkout,4,4,0.2503,188.8,3.22,1.0,1
18680,2026-07-25,Referral,/product/running-shoes,11,10,0.3564,212.1,3.04,0.0,1
18741,2026-07-26,Social,/product/winter-jackets,14,12,0.5602,67.3,2.33,1.0,1
12094,2026-03-15,Organic Search,/checkout,9,8,0.3234,254.6,3.05,1.0,2
18841,2026-07-28,Social,/product/winter-jackets,13,11,0.5634,103.4,2.06,1.0,1
16723,2026-06-16,Organic Search,/blog/summer-sale-guide,23,21,0.6057,244.6,2.02,1.0,1
13792,2026-04-18,Paid Search,/product/backpacks,9,8,0.5648,159.5,2.4,0.0,0
12526,2026-03-23,Direct,/product/winter-jackets,8,7,0.2835,195.1,3.74,0.0,0
10098,2026-02-02,Direct,/contact,5,4,0.5413,184.8,1.52,1.0,1
13945,2026-04-21,Paid Search,/about-us,10,9,0.533,115.5,2.49,0.0,0
11496,2026-03-03,Organic Search,/blog/summer-sale-guide,23,21,0.6215,205.5,2.38,0.0,0
11053,2026-02-22,Paid Search,/product/running-shoes,17,15,0.5325,146.0,2.2,1.0,1
12360,2026-03-20,Referral,/about-us,4,3,0.4932,177.2,2.02,0.0,0
17427,2026-06-30,Paid Search,/blog/how-to-choose-running-shoes,13,12,0.6031,202.5,1.2,1.0,1
11435,2026-03-01,Direct,/blog/how-to-choose-running-shoes,1,1,0.4914,291.4,2.59,0.0,0
14402,2026-04-30,Referral,/blog/how-to-choose-running-shoes,9,8,0.5398,259.1,1.72,0.0,1
11707,2026-03-07,Paid Search,/contact,3,3,0.7073,35.8,1.48,0.0,0
12447,2026-03-22,Paid Search,/product/backpacks,5,4,0.4785,109.3,1.76,2.0,3
14319,2026-04-28,Direct,/product/running-shoes,17,15,0.3533,262.0,3.41,5.0,6
13057,2026-04-03,Referral,/blog/summer-sale-guide,4,3,0.5282,213.2,2.55,0.0,0
17973,2026-07-11,Paid Search,/product/running-shoes,14,12,0.4358,149.0,2.42,0.0,0
12637,2026-03-26,Organic Search,/product/backpacks,10,10,0.3998,156.3,2.47,1.0,3
16830,2026-06-18,Paid Search,/product/backpacks,15,12,0.588,212.2,2.37,3.0,3
18115,2026-07-14,Organic Search,/product/backpacks,22,21,0.3897,167.9,2.68,1.0,1
10333,2026-02-07,Social,/product/winter-jackets,5,4,0.4877,63.1,2.18,0.0,0
13407,2026-04-10,Referral,/contact,4,4,0.5911,182.3,1.92,0.0,0
12034,2026-03-13,Direct,/pricing,12,11,0.2926,258.1,3.8,0.0,0
16883,2026-06-19,Paid Search,/about-us,9,8,0.5664,148.4,2.12,0.0,0
12088,2026-03-15,Organic Search,/product/backpacks,15,14,0.3673,191.7,1.84,1.0,1
13306,2026-04-08,Referral,/about-us,3,3,0.548,192.8,1.38,0.0,0
13759,2026-04-17,Social,/home,37,33,0.5977,154.8,1.77,0.0,0
17203,2026-06-25,Social,/pricing,9,8,0.4695,112.6,2.71,0.0,1
11110,2026-02-23,Paid Search,/pricing,8,7,0.4209,198.7,2.23,,0
11376,2026-02-28,Social,/blog/how-to-choose-running-shoes,10,9,0.7647,166.3,1.26,0.0,0
18703,2026-07-25,Direct,/blog/how-to-choose-running-shoes,8,7,0.3592,274.1,3.43,0.0,0
18067,2026-07-13,Organic Search,/blog/summer-sale-guide,22,19,0.6136,221.7,1.75,0.0,0
12260,2026-03-18,Referral,/blog/summer-sale-guide,7,6,0.5947,276.7,1.85,1.0,1
13597,2026-04-14,Paid Search,/pricing,16,14,0.4077,113.4,2.96,0.0,0
11201,2026-02-25,Organic Search,/checkout,7,6,0.283,231.0,3.41,0.0,0
16771,2026-06-17,Organic Search,/product/backpacks,19,16,0.484,208.3,1.53,4.0,4
16293,2026-06-07,Referral,/product/backpacks,4,3,0.3725,202.5,2.79,0.0,0
17761,2026-07-06,Direct,/pricing,7,6,0.2851,247.4,3.24,0.0,0
13530,2026-04-13,Organic Search,/product/running-shoes,39,32,0.4384,222.7,2.25,2.0,5
11474,2026-03-02,Social,/product/backpacks,5,5,0.6774,101.1,1.08,0.0,0
12501,2026-03-23,Paid Search,/contact,11,10,0.5929,70.6,1.89,0.0,0
17402,2026-06-29,Social,/checkout,4,4,0.4542,144.3,2.74,1.0,1
11667,2026-03-06,Referral,/contact,5,4,0.5669,89.0,2.25,1.0,1
15973,2026-06-01,Organic Search,/product/running-shoes,39,34,0.4169,190.0,3.37,0.0,1
14362,2026-04-29,Social,/blog/how-to-choose-running-shoes,14,13,0.7591,141.4,1.0,0.0,0
15551,2026-05-23,Referral,/contact,3,3,0.6274,153.7,1.69,0.0,0
12677,2026-03-26,Direct,/product/backpacks,6,5,0.2859,259.2,3.48,0.0,0
13688,2026-04-16,Organic Search,/checkout,8,7,0.2715,216.6,,0.0,0
13230,2026-04-07,Organic Search,/home,57,49,0.2909,232.7,3.15,0.0,1
12107,2026-03-15,Referral,/product/winter-jackets,8,7,0.419,220.2,1.94,0.0,0
15562,2026-05-23,Social,/pricing,7,7,0.4255,146.0,2.59,0.0,0
17874,2026-07-09,Paid Search,/product/running-shoes,24,22,,139.3,3.35,1.0,1
16800,2026-06-17,Social,/product/backpacks,7,6,0.5921,154.3,1.0,1.0,1
11196,2026-02-25,Organic Search,/blog/how-to-choose-running-shoes,18,17,0.4925,214.4,1.93,0.0,1
18474,2026-07-21,Paid Search,/blog/how-to-choose-running-shoes,21,20,0.6953,172.8,1.0,2.0,4
18633,2026-07-24,Referral,/blog/how-to-choose-running-shoes,15,14,0.5718,203.4,1.66,0.0,1
18794,2026-07-27,Social,/blog/summer-sale-guide,14,13,0.7096,136.1,1.54,0.0,0
18894,2026-07-29,Social,/blog/summer-sale-guide,8,8,0.7486,121.2,1.0,0.0,0
15349,2026-05-19,Referral,/blog/summer-sale-guide,7,6,0.5345,238.4,2.56,0.0,1
14511,2026-05-02,Social,/product/backpacks,7,6,0.5944,175.0,2.09,0.0,0
14316,2026-04-28,Social,/pricing,6,5,0.4821,115.3,2.39,0.0,0
18974,2026-07-31,Paid Search,/blog/summer-sale-guide,7,6,0.6931,172.3,1.58,,0
11749,2026-03-08,Paid Search,/home,15,13,0.4761,196.1,2.68,1.0,1
10061,2026-02-02,Paid Search,/home,17,16,0.4245,150.6,2.56,0.0,0
14426,2026-04-30,Direct,/pricing,5,4,0.2142,247.1,3.64,0.0,0
10183,2026-02-04,Social,/product/winter-jackets,8,7,,67.7,2.44,0.0,0
11702,2026-03-07,Paid Search,/product/winter-jackets,12,10,0.3901,168.8,3.02,0.0,0
11979,2026-03-12,Direct,/product/backpacks,8,8,0.3223,173.5,2.99,2.0,2
12940,2026-04-01,Organic Search,/pricing,16,14,0.4011,188.4,2.8,1.0,1
15195,2026-05-16,Referral,/home,8,7,,166.6,3.06,0.0,0
10065,2026-02-02,Paid Search,/blog/how-to-choose-running-shoes,14,13,0.6153,190.0,1.95,3.0,3
14227,2026-04-26,Direct,/checkout,4,4,0.1623,234.6,3.58,2.0,2
17251,2026-06-26,Social,/contact,7,6,0.8397,51.9,1.17,0.0,0
17500,2026-07-01,Social,/contact,8,7,0.7249,10.0,1.0,0.0,0
10989,2026-02-20,Direct,/about-us,3,3,0.4312,184.7,2.57,0.0,0
18644,2026-07-24,Social,/blog/summer-sale-guide,12,11,0.8669,182.3,1.0,0.0,0
13632,2026-04-15,Organic Search,/product/backpacks,22,20,0.4743,187.4,3.13,0.0,0
17958,2026-07-10,Direct,/about-us,6,6,0.4314,184.3,,1.0,1
15158,2026-05-15,Social,/product/backpacks,8,7,0.7441,131.7,1.0,0.0,0
17343,2026-06-28,Social,/home,15,14,0.4717,99.2,2.57,0.0,0
13415,2026-04-10,Social,/blog/summer-sale-guide,34,30,0.7429,163.3,1.34,0.0,0
16271,2026-06-07,Organic Search,/product/running-shoes,31,28,0.4122,,3.38,2.0,3
14570,2026-05-03,Direct,/product/winter-jackets,5,5,0.3448,268.3,2.97,0.0,0
10209,2026-02-05,Organic Search,/pricing,19,16,0.2958,273.0,3.37,0.0,0
15262,2026-05-17,Social,/pricing,5,4,0.4975,100.9,1.95,0.0,0
14360,2026-04-29,Social,/product/winter-jackets,12,11,0.6376,155.4,1.04,0.0,0
14774,2026-05-07,Direct,/about-us,1,1,0.4531,194.7,2.83,0.0,0
11859,2026-03-10,Referral,/product/winter-jackets,10,10,0.4194,128.1,1.89,0.0,0
12839,2026-03-30,Organic Search,/contact,13,12,0.6203,116.5,1.91,0.0,0
11171,2026-02-24,Referral,/checkout,3,3,0.2372,220.7,2.87,0.0,0
12288,2026-03-19,Organic Search,/product/backpacks,13,12,0.4709,,2.69,1.0,1
11790,2026-03-09,Organic Search,/product/winter-jackets,26,23,0.3964,199.9,2.74,2.0,3
15752,2026-05-27,Referral,/pricing,8,7,0.307,274.9,3.54,3.0,3
12537,2026-03-24,Organic Search,/product/backpacks,18,16,0.4028,212.0,2.55,1.0,1
17563,2026-07-03,Organic Search,/home,50,43,0.4397,230.7,2.09,3.0,4
11558,2026-03-04,Paid Search,/contact,10,9,0.6751,34.6,1.39,0.0,0
11484,2026-03-02,Direct,/product/backpacks,9,8,0.25,281.6,2.66,0.0,0
13876,2026-04-19,Direct,/contact,4,3,0.5438,117.9,1.42,0.0,0
18021,2026-07-12,Organic Search,/checkout,8,7,0.333,229.1,3.56,0.0,0
14861,2026-05-09,Social,/blog/how-to-choose-running-shoes,10,9,0.7133,194.2,1.2,0.0,0
11854,2026-03-10,Paid Search,/contact,9,8,0.6266,123.2,1.97,0.0,0
11302,2026-02-27,Paid Search,/home,29,26,0.4143,112.8,3.29,0.0,1
14728,2026-05-07,Organic Search,/home,45,40,0.3501,154.4,2.85,3.0,4
15976,2026-06-01,Organic Search,/blog/how-to-choose-running-shoes,25,23,0.4918,292.1,2.86,1.0,2
12343,2026-03-20,Organic Search,/checkout,7,6,0.2626,188.4,3.28,2.0,2
13458,2026-04-11,Referral,/pricing,3,3,0.2451,241.8,3.47,0.0,0
15796,2026-05-28,Referral,/product/winter-jackets,5,5,0.3745,313.6,2.88,1.0,1
10690,2026-02-14,Direct,/product/backpacks,6,5,0.3111,260.2,2.97,0.0,0
16835,2026-06-18,Paid Search,/pricing,11,9,0.2875,176.1,3.05,1.0,1
14147,2026-04-25,Paid Search,/checkout,4,3,0.3676,193.7,2.76,0.0,0
13304,2026-04-08,Referral,/blog/how-to-choose-running-shoes,4,3,0.6275,260.0,1.11,0.0,0
11151,2026-02-24,Organic Search,/checkout,12,11,0.2953,205.0,3.38,0.0,1
14470,2026-05-01,Direct,/product/winter-jackets,12,11,0.4695,230.9,2.84,1.0,1
15682,2026-05-26,Organic Search,/pricing,19,18,0.351,209.2,2.58,0.0,0
14794,2026-05-08,Paid Search,/about-us,11,9,0.6109,135.3,2.37,0.0,0
12563,2026-03-24,Referral,/checkout,5,5,0.1733,221.8,,1.0,1
12078,2026-03-14,Direct,/product/backpacks,3,3,0.3196,194.3,3.74,1.0,1
16881,2026-06-19,Paid Search,/blog/how-to-choose-running-shoes,19,17,0.5989,217.3,1.87,0.0,0
16913,2026-06-19,Direct,/about-us,9,8,0.3916,177.0,3.67,0.0,0
14496,2026-05-02,Paid Search,/pricing,7,7,0.4437,212.3,2.8,1.0,2
16019,2026-06-01,Direct,/contact,7,6,0.557,154.0,2.2,0.0,0
11986,2026-03-13,Organic Search,/home,42,41,0.317,215.9,3.68,3.0,4
11233,2026-02-25,Direct,/product/running-shoes,17,15,0.3267,270.1,3.14,2.0,2
15403,2026-05-20,Referral,/checkout,5,4,0.239,242.4,3.69,0.0,0
19007,2026-07-31,Direct,/pricing,4,4,0.256,247.8,3.59,1.0,1
16006,2026-06-01,Social,/blog/how-to-choose-running-shoes,16,13,0.7108,158.3,1.31,0.0,0
17353,2026-06-28,Direct,/home,7,6,0.2926,213.1,2.79,0.0,0
14285,2026-04-28,Organic Search,/contact,13,13,0.5309,108.3,2.71,0.0,0
14790,2026-05-08,Paid Search,/product/winter-jackets,16,14,0.4003,193.1,2.68,0.0,0
18862,2026-07-29,Organic Search,/product/backpacks,25,21,0.4372,207.4,1.91,1.0,1
17690,2026-07-05,Referral,/contact,2,2,0.5499,97.4,1.69,0.0,0
12280,2026-03-18,Direct,/blog/summer-sale-guide,13,11,0.4077,222.7,3.23,0.0,0
13981,2026-04-22,Organic Search,/product/winter-jackets,25,22,0.4465,182.3,2.8,1.0,1
18301,2026-07-17,Social,/checkout,4,4,0.3843,113.0,2.55,1.0,1
17948,2026-07-10,Social,/about-us,7,6,0.6527,57.9,1.61,0.0,0
11098,2026-02-23,Organic Search,/about-us,10,10,0.5101,162.2,2.02,0.0,0
17323,2026-06-28,Paid Search,/home,24,22,0.5182,135.4,2.14,0.0,0
18494,2026-07-21,Social,/blog/how-to-choose-running-shoes,9,8,0.7036,124.7,1.4,0.0,0
13258,2026-04-07,Referral,/pricing,5,4,0.4333,225.8,3.57,1.0,1
12641,2026-03-26,Organic Search,/contact,12,11,0.6628,131.3,1.8,0.0,0
16331,2026-06-08,Paid Search,/product/winter-jackets,16,15,0.4378,164.9,2.29,0.0,0
12646,2026-03-26,Paid Search,/product/winter-jackets,9,8,,134.9,2.26,0.0,1
13962,2026-04-21,Social,/product/backpacks,10,10,0.5479,,2.0,0.0,0
10494,2026-02-10,Direct,/about-us,2,2,0.5161,159.1,2.9,0.0,0
14026,2026-04-22,Direct,/contact,4,4,0.5417,138.5,2.57,0.0,0
17054,2026-06-22,Social,/pricing,7,6,0.504,85.1,1.88,1.0,1
17021,2026-06-22,Organic Search,/blog/summer-sale-guide,19,18,0.5693,215.6,2.1,0.0,0
10730,2026-02-15,Social,/about-us,8,7,0.6769,56.0,1.39,0.0,0
15415,2026-05-20,Direct,/product/running-shoes,13,11,0.3238,235.4,3.4,0.0,1
14921,2026-05-10,Direct,/blog/summer-sale-guide,6,5,0.5088,281.3,2.0,0.0,0
18401,2026-07-19,Direct,/product/running-shoes,9,8,0.3621,295.6,1.87,1.0,1
11591,2026-03-05,Organic Search,/home,48,41,,202.1,2.94,1.0,1
11738,2026-03-07,Direct,/checkout,1,1,0.1907,236.6,3.33,0.0,0
14671,2026-05-05,Direct,/product/backpacks,5,5,0.3686,251.0,3.34,0.0,0
14811,2026-05-08,Social,/blog/how-to-choose-running-shoes,17,15,0.6994,189.1,2.31,0.0,0
14005,2026-04-22,Referral,/about-us,4,4,0.452,248.0,,0.0,0
12253,2026-03-18,Paid Search,/pricing,8,7,0.392,180.0,3.14,0.0,0
10307,2026-02-07,Organic Search,/about-us,11,9,0.4852,174.3,2.93,0.0,0
17505,2026-07-01,Direct,/product/winter-jackets,8,7,0.2744,247.8,2.83,1.0,1
10759,2026-02-16,Paid Search,/blog/summer-sale-guide,10,9,0.6925,198.8,1.72,0.0,0
10622,2026-02-13,Referral,/blog/how-to-choose-running-shoes,5,5,0.5033,306.0,2.61,0.0,0
13047,04-03-2026,Paid Search,/blog/summer-sale-guide,10,10,0.6145,152.2,1.0,0.0,0
10109,2026-02-03,Organic Search,/pricing,17,16,,258.3,2.3,1.0,1
11688,2026-03-06,Direct,/pricing,8,7,0.3018,218.5,3.25,1.0,1
15868,2026-05-29,Direct,/blog/how-to-choose-running-shoes,14,13,0.559,271.8,2.04,0.0,0
15192,2026-05-16,Paid Search,/contact,6,6,0.646,94.9,1.65,0.0,0
12462,2026-03-22,Referral,/pricing,3,3,0.3103,208.2,3.19,1.0,1
10495,2026-02-10,Direct,/contact,1,1,0.5588,221.6,1.42,0.0,0
16179,2026-06-05,Organic Search,/pricing,16,14,0.3805,159.0,3.11,2.0,2
14721,2026-05-06,Direct,/product/backpacks,9,8,0.3688,257.8,2.94,1.0,1
18313,2026-07-18,Organic Search,/product/running-shoes,28,26,0.4106,207.3,1.85,0.0,2
12323,2026-03-19,Social,/checkout,4,3,0.4173,114.6,2.85,0.0,0
18662,25/07/2026,Organic Search,/product/backpacks,14,12,0.4488,207.9,2.97,0.0,0
15427,2026-05-21,Organic Search,/product/backpacks,22,19,0.3318,211.9,3.13,2.0,2
18322,2026-07-18,Paid Search,/home,14,13,0.2947,152.6,3.36,2.0,2
10884,2026-02-18,Direct,/home,24,23,0.2809,251.4,3.21,2.0,3
16032,2026-06-02,Paid Search,/home,33,29,0.4411,138.0,2.51,1.0,1
17687,2026-07-05,Referral,/blog/how-to-choose-running-shoes,4,4,0.5403,,2.56,0.0,0
18839,2026-07-28,Social,/home,21,18,0.5106,112.7,2.36,0.0,0
10710,2026-02-15,Paid Search,/product/backpacks,5,4,0.5775,146.1,2.66,1.0,2
11540,2026-03-03,Direct,/checkout,4,4,0.2242,282.2,3.76,0.0,0
10177,2026-02-04,Referral,/about-us,10,9,0.4621,177.0,1.79,0.0,0
16054,2026-06-02,Social,/product/winter-jackets,18,17,0.444,117.3,2.33,0.0,0
16814,2026-06-17,Direct,/contact,5,5,0.4772,139.5,2.52,0.0,0
14585,2026-05-04,Organic Search,/contact,18,16,0.6599,121.6,,0.0,1
16596,2026-06-13,Referral,/pricing,7,6,0.2876,220.4,3.31,0.0,0
11106,2026-02-23,Paid Search,/blog/how-to-choose-running-shoes,14,12,0.5988,281.5,1.36,0.0,0
15934,2026-05-31,Paid Search,/product/running-shoes,15,13,0.4978,144.5,1.31,2.0,2
18799,2026-07-27,Direct,/home,25,21,0.342,244.0,3.2,0.0,1
11211,2026-02-25,Paid Search,/checkout,4,4,0.3164,165.7,3.21,0.0,0
17339,2026-06-28,Referral,/about-us,6,5,0.4805,132.2,2.39,0.0,0
16683,2026-06-15,Paid Search,/blog/summer-sale-guide,8,7,0.5882,215.9,2.25,0.0,0
17726,2026-07-06,Paid Search,/product/backpacks,13,11,0.4396,136.9,2.51,2.0,2
15993,2026-06-01,Referral,/product/running-shoes,13,12,0.3251,187.8,2.78,2.0,2
14602,2026-05-04,Referral,/blog/how-to-choose-running-shoes,7,6,0.5426,253.5,1.65,0.0,0
14324,2026-04-28,Direct,/about-us,7,6,0.5348,194.9,1.98,0.0,0
18384,2026-07-19,Referral,/product/backpacks,6,6,0.3689,231.6,3.44,0.0,0
18197,2026-07-15,Social,/blog/summer-sale-guide,7,6,0.7057,193.1,1.5,0.0,0
14727,2026-05-06,Direct,/checkout,3,3,0.1809,267.9,3.5,0.0,0
12635,2026-03-26,Organic Search,/product/running-shoes,38,33,0.392,205.9,2.94,6.0,9
14845,2026-05-09,Paid Search,/pricing,11,11,0.412,175.0,2.9,0.0,1
14711,2026-05-06,Social,/product/backpacks,14,13,0.5975,114.6,1.41,0.0,0
11326,2026-02-27,Social,/blog/how-to-choose-running-shoes,12,11,0.7518,120.2,1.61,0.0,0
12620,2026-03-25,Social,/about-us,6,5,0.583,10.4,1.85,0.0,0
17138,2026-06-24,Referral,/product/winter-jackets,7,6,0.3727,178.8,2.98,0.0,1
10865,2026-02-18,Referral,/product/running-shoes,13,12,0.4238,,2.72,4.0,4
18798,2026-07-27,Social,/checkout,5,5,0.4581,125.6,2.51,1.0,1
16540,2026-06-12,Referral,/product/winter-jackets,12,11,0.3685,174.9,3.04,0.0,0
13966,2026-04-21,Social,/contact,3,3,0.7912,10.0,1.0,0.0,0
14788,2026-05-08,Paid Search,/home,33,28,0.4105,,2.7,,0
11884,2026-03-10,Direct,/contact,4,4,0.5764,168.0,2.86,0.0,0
14880,2026-05-10,Organic Search,/product/backpacks,16,15,0.5057,217.5,2.1,0.0,0
17836,2026-07-08,Referral,/product/backpacks,8,7,0.3178,188.2,,0.0,0
13243,2026-04-07,Paid Search,/product/backpacks,14,12,0.5188,213.1,2.05,2.0,4
14582,2026-05-04,Organic Search,/blog/how-to-choose-running-shoes,21,19,0.6038,236.7,2.74,1.0,1
16517,2026-06-11,Direct,/checkout,4,4,0.2062,305.9,3.09,1.0,1
14328,2026-04-29,Organic Search,/home,32,29,0.3576,149.2,3.14,1.0,1
18673,2026-07-25,Paid Search,/blog/how-to-choose-running-shoes,16,15,0.6274,174.6,2.32,3.0,3
12492,2026-03-23,Organic Search,/pricing,21,20,0.4179,202.3,2.05,0.0,0
13469,2026-04-11,Social,/checkout,7,7,0.4238,140.9,2.88,0.0,0
16436,2026-06-10,Paid Search,/contact,7,7,0.6588,110.5,1.84,0.0,0
18549,2026-07-22,Social,/checkout,6,5,0.461,111.6,1.9,0.0,0
10976,2026-02-20,Social,/product/backpacks,9,8,0.5892,48.4,2.18,0.0,0
16651,2026-06-14,Social,/product/backpacks,4,4,0.4582,113.7,2.07,0.0,0
18380,2026-07-19,Paid Search,/checkout,2,2,0.3048,166.9,3.32,0.0,0
16891,2026-06-19,Referral,/blog/how-to-choose-running-shoes,12,10,0.4624,268.2,2.12,0.0,1
13898,2026-04-20,Paid Search,/checkout,15,13,0.3571,197.3,2.85,2.0,2
14482,2026-05-02,Organic Search,/blog/how-to-choose-running-shoes,23,19,0.527,226.5,1.7,1.0,2
10560,2026-02-12,Paid Search,/product/winter-jackets,10,9,0.454,203.3,2.18,0.0,0
16813,2026-06-17,Direct,/about-us,7,6,0.4439,212.5,2.41,0.0,0
10321,2026-02-07,Referral,/home,15,14,0.4226,204.0,2.21,0.0,1
14007,2026-04-22,Referral,/pricing,6,5,0.3098,231.1,3.44,0.0,0
14263,2026-04-27,Social,/blog/summer-sale-guide,15,12,0.744,78.2,1.0,0.0,0
18160,2026-07-14,Direct,/pricing,8,8,0.2334,212.7,3.28,0.0,0
10219,2026-02-05,Paid Search,/pricing,5,5,0.3445,181.5,2.96,0.0,0
14267,2026-04-27,Social,/checkout,6,5,0.4064,130.0,2.63,1.0,1
11575,2026-03-04,Social,/blog/how-to-choose-running-shoes,8,8,0.6637,167.4,1.14,0.0,0
17234,2026-06-26,Paid Search,/checkout,5,4,0.3499,193.6,3.03,0.0,1
14603,2026-05-04,Referral,/blog/summer-sale-guide,3,3,0.4659,283.1,2.56,1.0,1
11363,2026-02-28,Referral,/product/running-shoes,7,7,0.4028,213.2,2.74,0.0,0
10006,2026-02-01,Organic Search,/blog/summer-sale-guide,15,14,0.7,252.9,1.0,0.0,0
16454,2026-06-10,Social,/about-us,5,4,0.6116,86.4,2.18,0.0,0
14429,2026-05-01,Organic Search,/product/running-shoes,31,28,0.4165,239.3,3.15,1.0,2
18598,2026-07-23,Social,/checkout,5,5,0.4104,133.9,2.39,0.0,0
12046,2026-03-14,Paid Search,/home,19,16,0.4181,190.3,1.85,0.0,0
12385,2026-03-21,Organic Search,/product/running-shoes,26,24,0.3499,226.2,3.64,3.0,3
16268,2026-06-06,Direct,/pricing,4,4,0.1347,236.3,3.99,0.0,0
13487,2026-04-12,Organic Search,/pricing,21,17,0.3769,208.5,3.43,1.0,2
11493,2026-03-03,Organic Search,/product/winter-jackets,26,24,0.4132,220.3,2.82,1.0,1
14717,2026-05-06,Social,/checkout,2,2,0.4404,122.9,2.68,,0
13244,2026-04-07,Paid Search,/blog/how-to-choose-running-shoes,24,21,0.6489,212.5,1.84,0.0,1
13751,2026-04-17,Referral,/product/winter-jackets,9,8,0.2917,197.2,2.52,0.0,0
16850,2026-06-18,Social,/product/backpacks,6,5,0.5537,99.8,,0.0,0
13034,2026-04-03,Organic Search,/product/winter-jackets,26,23,0.3904,,2.49,1.0,1
11606,2026-03-05,Paid Search,/blog/summer-sale-guide,9,8,,197.5,1.53,0.0,0
13153,2026-04-05,Referral,/product/winter-jackets,7,7,0.3807,211.3,3.23,1.0,1
12459,2026-03-22,Referral,/blog/summer-sale-guide,3,3,0.564,278.5,1.68,0.0,0
11027,2026-02-21,Social,/blog/summer-sale-guide,4,4,0.6574,106.7,1.0,0.0,0
13657,2026-04-15,Referral,/pricing,7,7,0.2271,275.2,3.11,0.0,0
12912,2026-03-31,Social,/home,24,20,0.6017,126.6,1.69,1.0,1
16753,2026-06-16,Social,/blog/summer-sale-guide,12,11,0.8022,159.7,1.0,0.0,0
15056,2026-05-13,Social,/product/running-shoes,20,19,0.6072,125.4,2.62,1.0,1
12514,2026-03-23,Social,/home,19,18,,79.4,1.9,0.0,0
10137,2026-02-03,Social,/about-us,5,5,0.6518,,1.83,0.0,0
17823,2026-07-08,Paid Search,/home,29,24,0.4181,151.0,2.99,0.0,0
15435,2026-05-21,Paid Search,/product/running-shoes,21,18,0.4918,207.9,2.56,7.0,7
18624,2026-07-24,Paid Search,/blog/summer-sale-guide,20,19,0.713,174.4,1.84,0.0,0
16798,2026-06-17,Social,/product/running-shoes,20,17,0.5735,105.1,2.51,0.0,1
10613,2026-02-13,Paid Search,/blog/summer-sale-guide,11,10,0.6555,173.2,1.68,0.0,0
11957,2026-03-12,Referral,/product/running-shoes,13,11,0.3541,200.6,3.12,0.0,0
15864,2026-05-29,Direct,/home,13,11,0.2099,274.0,3.62,0.0,3
16620,2026-06-14,Organic Search,/product/winter-jackets,29,25,0.411,210.9,2.66,1.0,1
11642,2026-03-06,Organic Search,/product/winter-jackets,24,21,0.4915,191.7,2.12,4.0,4
18340,2026-07-18,Referral,/checkout,1,1,0.2605,311.4,3.13,0.0,0
15495,2026-05-22,Referral,/product/running-shoes,8,7,0.3279,215.5,3.07,0.0,0
11875,2026-03-10, social ,/pricing,9,8,0.3819,143.3,3.07,1.0,1
15000,2026-05-12,Referral,/blog/summer-sale-guide,8,7,0.5444,233.5,1.55,0.0,0
13432,2026-04-11,Organic Search,/product/winter-jackets,17,16,0.3509,200.2,3.23,1.0,1
11369,2026-02-28,Referral,/contact,4,4,0.608,111.6,1.0,0.0,0
12150,2026-03-16,Paid Search,/blog/summer-sale-guide,9,9,0.6539,161.6,1.42,0.0,0
17675,2026-07-05,Paid Search,/product/winter-jackets,10,9,0.5042,140.6,2.13,0.0,0
16438,2026-06-10,Paid Search,/checkout,9,9,0.3543,160.6,3.19,1.0,2
15505,2026-05-22,Social,/product/running-shoes,16,15,0.4887,100.6,2.48,0.0,1
18101,2026-07-13,Social,/checkout,7,6,0.4561,111.2,2.95,2.0,2
16419,2026-06-10,Organic Search,/home,38,35,0.2821,164.5,3.31,2.0,3
12062,2026-03-14,Referral,/contact,3,3,0.7211,121.2,2.05,0.0,0
15362,2026-05-19,Social,/pricing,10,9,0.4461,95.9,1.87,0.0,0
17036,2026-06-22,Referral,/home,10,9,0.2654,198.0,2.49,0.0,1
12931,2026-03-31,Direct,/checkout,3,3,0.1754,261.6,3.41,0.0,0
14058,2026-04-23,Social,/home,9,7,0.4786,109.3,2.89,0.0,0
11708,2026-03-07,Paid Search,/pricing,6,6,0.5379,180.3,2.79,0.0,0
14368,2026-04-29,Direct,/home,19,16,0.288,179.9,3.06,2.0,3
18029,2026-07-12,Paid Search,/contact,8,7,0.7355,44.1,1.58,0.0,1
16688,2026-06-15,Referral,/home,28,26,0.3578,235.1,2.98,0.0,1
15013,2026-05-12,Social,/pricing,7,6,0.4779,93.8,1.92,0.0,0
17909,2026-07-09,Direct,/contact,3,3,0.532,140.4,1.77,0.0,0
12180,2026-03-16,Direct,/blog/summer-sale-guide,17,16,0.5632,305.4,2.11,0.0,0
13594,2026-04-14,Paid Search,/blog/summer-sale-guide,22,18,0.6587,187.9,2.23,,0
18105,2026-07-13,Direct,/product/backpacks,9,8,0.334,226.5,2.66,0.0,0
13834,2026-04-19,Organic Search,/blog/summer-sale-guide,25,21,0.5997,270.8,2.29,1.0,1
16926,2026-06-20,Organic Search,/checkout,10,9,,231.0,3.36,3.0,3
16042,2026-06-02,Referral,/home,12,11,0.4054,218.8,2.09,1.0,1
13042,2026-04-03,Paid Search,/home,29,25,0.4472,118.8,2.89,1.0,2
18315,2026-07-18,Organic Search,/product/backpacks,15,14,0.3584,220.0,2.88,4.0,4
14188,2026-04-26,Paid Search,/home,21,19,0.4971,230.5,2.09,2.0,2
18722,2026-07-26,Paid Search,/product/backpacks,9,9,0.4982,174.4,2.44,1.0,1
11164,2026-02-24,Referral,/product/winter-jackets,9,8,0.2924,213.0,4.05,0.0,0
18183,2026-07-15,Referral,/product/running-shoes,14,12,0.2458,223.7,3.33,0.0,0
10913,2026-02-19,Paid Search,/checkout,6,5,0.2752,228.6,3.86,0.0,0
17077,2026-06-23,Paid Search,/product/running-shoes,14,13,0.4763,188.9,2.17,1.0,1
18210,2026-07-15,Direct,/pricing,6,5,0.2835,202.2,3.42,0.0,1
11910,2026-03-11,Referral,/product/backpacks,5,4,0.3308,164.4,2.32,0.0,0
11661,2026-03-06,Referral,/product/running-shoes,17,15,0.319,286.2,2.92,0.0,0
12506,2026-03-23,Referral,/product/winter-jackets,13,11,0.4008,252.5,2.53,1.0,1
11927,2026-03-11,Direct,/product/running-shoes,12,11,0.3479,268.6,3.68,1.0,2
11121,2026-02-23,Referral,/checkout,2,2,0.2528,230.0,3.19,1.0,2
12991,2026-04-02,Organic Search,/checkout,12,11,0.2696,214.1,3.63,2.0,4
14416,2026-04-30,Social,/pricing,5,4,0.5582,144.4,2.5,0.0,0
11224,2026-02-25,Social,/product/winter-jackets,13,13,0.5085,106.2,1.64,0.0,0
17713,2026-07-06,Organic Search,/home,59,50,0.4335,212.9,2.06,3.0,3
10125,2026-02-03,Referral,/blog/how-to-choose-running-shoes,2,2,0.4972,232.8,1.86,0.0,0
17889,2026-07-09,Referral,/about-us,8,7,0.5451,143.8,1.97,0.0,0
12995,2026-04-02,Paid Search,/product/backpacks,9,8,0.4871,156.0,1.57,1.0,1
10893,2026-02-18,Direct,/checkout,2,2,0.1182,304.4,3.28,0.0,0
17490,2026-07-01,Referral,/contact,3,3,0.5296,170.3,2.17,0.0,0
16017,2026-06-01,Direct,/blog/summer-sale-guide,9,8,0.5723,285.5,2.39,0.0,0
16031,2026-06-02,Organic Search,/checkout,10,10,0.3799,237.5,2.42,0.0,1
13441,2026-04-11,Paid Search,/product/running-shoes,25,21,0.4552,160.7,3.0,1.0,1
18900,2026-07-29,Direct,/product/running-shoes,11,9,0.3317,235.9,3.71,1.0,1
10086,2026-02-02,Social,/blog/summer-sale-guide,10,9,0.8016,138.7,1.59,0.0,0
17075,2026-06-23,Organic Search,/checkout,17,15,0.2868,269.7,2.82,3.0,3
12422,2026-03-21,Social,/pricing,3,3,0.5415,137.0,1.22,0.0,0
11381,2026-02-28,Social,/checkout,1,1,0.421,134.2,2.31,0.0,0
14778,2026-05-08,Organic Search,/home,49,42,0.3831,178.8,2.59,4.0,4
12654,2026-03-26,Referral,/home,13,12,0.3464,177.2,2.9,0.0,1
12759,2026-03-28,Referral,/about-us,4,3,0.478,,1.47,0.0,0
15139,2026-05-15,Paid Search,/blog/how-to-choose-running-shoes,15,12,0.6919,214.5,1.71,0.0,0
13180,2026-04-06,Organic Search,/home,34,29,0.4507,153.0,2.45,0.0,0
16958,2026-06-20,Direct,/product/running-shoes,7,6,0.4183,232.8,2.55,2.0,2
12576,2026-03-24,Direct,/product/winter-jackets,11,10,0.3399,324.2,3.2,1.0,1
10079,2026-02-02,Referral,/pricing,6,5,0.4235,200.2,2.92,1.0,1
13063,2026-04-03,Social,/product/running-shoes,11,10,0.487,135.9,2.91,0.0,0
10253,2026-02-06,Organic Search,/product/winter-jackets,23,20,0.5179,188.9,3.0,1.0,3
12736,2026-03-28,Organic Search,/product/backpacks,5,5,0.3481,206.4,1.92,1.0,1
12649,2026-03-26,Paid Search,/blog/summer-sale-guide,15,14,0.6328,158.1,1.8,0.0,0
15152,2026-05-15,Referral,/contact,5,4,0.5824,90.0,1.45,0.0,0
14436,2026-05-01,Organic Search,/pricing,18,16,0.2129,197.2,3.57,1.0,1
11799,2026-03-09,Paid Search,/product/running-shoes,17,16,0.4176,186.9,2.74,0.0,0
12341,2026-03-20,Organic Search,/contact,9,8,0.6385,110.4,1.34,0.0,0
14864,2026-05-09,Social,/contact,3,3,0.773,40.6,1.0,0.0,0
11335,2026-02-27,Direct,/product/backpacks,6,6,0.3887,219.2,2.26,0.0,0
18428,2026-07-20,Paid Search,/pricing,15,13,0.3644,172.7,3.42,0.0,1
11955,2026-03-12,Paid Search,/checkout,11,10,0.1667,173.0,3.3,1.0,1
17701,2026-07-05,Social,/pricing,5,4,0.4221,120.1,3.04,0.0,0
10004,2026-02-01,Organic Search,/product/backpacks,12,10,0.4273,165.6,2.25,0.0,0
10502,2026-02-11,Organic Search,/blog/how-to-choose-running-shoes,18,15,0.5895,281.2,1.44,0.0,0
10311,2026-02-07,Paid Search,/home,13,12,0.4457,166.9,1.94,0.0,0
15324,2026-05-19,Organic Search,/home,51,45,0.3263,167.1,3.34,0.0,0
15968,2026-05-31,Direct,/about-us,4,3,0.4527,209.4,1.76,1.0,1
13559,2026-04-13,Social,/home,33,30,0.4998,86.2,2.33,1.0,1
17177,2026-06-25,Paid Search,/product/winter-jackets,22,19,0.4756,122.9,2.06,3.0,3
18208,2026-07-15,Direct,/about-us,13,12,0.4269,213.3,2.59,1.0,2
10609,2026-02-13,Paid Search,/product/running-shoes,14,12,0.521,154.9,1.63,2.0,2
17620,2026-07-04,Organic Search,/contact,15,13,0.5676,165.3,2.02,1.0,1
12111,2026-03-15,Referral,/about-us,3,3,0.4651,178.4,3.41,0.0,0
18218,2026-07-16,Organic Search,/about-us,17,16,0.4838,161.5,2.55,1.0,1
13473,2026-04-11,Direct,/product/backpacks,5,5,0.3181,211.2,3.51,0.0,0
15689,2026-05-26,Paid Search,/blog/summer-sale-guide,13,11,0.6586,150.2,1.0,0.0,0
13529,2026-04-13,Organic Search,/home,38,33,,184.8,2.8,0.0,1
16320,2026-06-08,Organic Search,/product/running-shoes,31,27,0.3745,223.7,3.1,2.0,2
13817,2026-04-18,Social,/pricing,11,9,0.5063,180.1,2.33,0.0,0
18602,2026-07-23,Direct,/product/backpacks,7,6,0.301,213.9,3.69,0.0,0
11050,2026-02-22,Organic Search,/pricing,8,7,0.3241,224.6,3.32,0.0,0
16706,2026-06-15,Social,/pricing,11,10,0.5724,116.5,3.0,0.0,0
14444,2026-05-01,Paid Search,/about-us,7,6,0.6107,176.9,1.1,0.0,0
11997,2026-03-13,Paid Search,/product/running-shoes,21,18,0.4997,180.3,2.06,0.0,0
10104,2026-02-03,Organic Search,/product/backpacks,11,10,0.3633,255.8,2.68,1.0,1
18396,2026-07-19,Social,/blog/summer-sale-guide,6,6,0.7248,131.7,2.02,0.0,0
11280,2026-02-26,Social,/pricing,7,6,0.5203,50.9,2.8,0.0,0
15281,2026-05-18,Organic Search,/contact,15,14,0.6803,185.8,1.96,0.0,0
17866,2026-07-09,Organic Search,/product/backpacks,21,19,0.3953,185.5,2.35,1.0,1
12983,2026-04-02,Organic Search,/product/running-shoes,27,25,0.3734,223.0,2.71,0.0,0
10498,2026-02-11,Organic Search,/home,42,35,0.3862,199.5,2.96,0.0,2
11259,2026-02-26,Paid Search,/contact,6,6,0.638,76.8,1.22,1.0,1
17718,2026-07-06,Organic Search,/blog/summer-sale-guide,28,26,0.6534,258.1,,0.0,0
10450,2026-02-10,Organic Search,/product/winter-jackets,19,16,0.3517,188.5,2.68,1.0,2
10300,2026-02-06,Direct,/checkout,1,1,0.224,239.9,3.7,0.0,0
12154,2026-03-16,Paid Search,/checkout,3,3,0.307,182.6,3.18,0.0,0
16021,2026-06-01,Direct,/checkout,4,3,0.1116,270.2,4.64,1.0,1
15871,2026-05-29,Direct,/contact,8,7,0.6188,,2.02,0.0,0
10816,2026-02-17,Referral,/product/winter-jackets,8,7,0.3307,176.9,2.69,1.0,1
10118,2026-02-03,Paid Search,/contact,7,6,0.6778,126.3,1.14,2.0,2
13182,2026-04-06, organic search ,/product/winter-jackets,15,14,0.4675,224.6,1.38,0.0,0
16009,2026-06-01,Social,/contact,4,4,0.7231,61.7,1.64,0.0,0
16547,2026-06-12,Referral,/checkout,8,7,0.2348,220.2,3.84,0.0,0
12445,2026-03-22,Paid Search,/product/running-shoes,13,12,0.3381,168.0,2.68,2.0,2
13095,2026-04-04,Paid Search,/blog/how-to-choose-running-shoes,10,9,0.6207,191.9,1.95,0.0,0
18942,2026-07-30,Social,/product/backpacks,10,8,,79.8,1.36,0.0,0
16840,2026-06-18,Referral,/product/backpacks,5,5,0.3275,172.1,3.17,0.0,0
18419,2026-07-20,Organic Search,/checkout,6,6,0.2134,242.0,3.69,1.0,1
15041,2026-05-13,Paid Search,/about-us,6,5,0.6138,88.3,1.96,,1
18479,2026-07-21,Paid Search,/checkout,6,5,0.3618,267.7,2.59,1.0,1
16799,2026-06-17,Social,/product/winter-jackets,15,13,0.7074,85.6,1.33,1.0,2
14681,2026-05-06,Organic Search,/product/backpacks,13,11,0.2999,167.4,3.17,0.0,0
16211,2026-06-05,Direct,/home,22,19,0.3407,158.5,3.31,1.0,1
13249,2026-04-07,Paid Search,/checkout,15,14,0.3804,187.7,3.21,1.0,4
12540,2026-03-24,Organic Search,/about-us,12,10,0.5543,133.4,1.75,,0
16716,2026-06-15,Direct,/pricing,6,5,0.3377,265.0,2.71,1.0,1
12966,2026-04-01,Social,/blog/how-to-choose-running-shoes,12,10,0.6378,140.5,1.52,0.0,0
12278,2026-03-18,Direct,/product/backpacks,6,5,0.3893,281.1,2.25,0.0,0
14543,2026-05-03,Paid Search,/blog/summer-sale-guide,9,7,0.7192,157.2,1.0,0.0,0
12113,2026-03-15,Referral,/pricing,3,3,0.2757,208.1,3.12,0.0,0
13775,2026-04-17,Direct,/about-us,7,7,0.4324,156.7,2.79,0.0,0
12597,2026-03-25,Paid Search,/product/backpacks,2,2,,136.9,1.82,0.0,0
16621,2026-06-14,Organic Search,/product/backpacks,13,11,0.4752,182.4,2.21,1.0,1
16045,2026-06-02,Referral,/product/backpacks,5,4,0.3664,203.7,2.53,2.0,2
11199,2026-02-25,Organic Search,/contact,7,6,0.6411,153.0,1.0,0.0,0
14349,2026-04-29,Referral,/product/running-shoes,12,11,0.377,226.4,2.45,0.0,0
14210,2026-04-26,Social,/product/winter-jackets,10,9,0.5861,57.9,1.27,0.0,0
17941,2026-07-10,Referral,/checkout,8,7,0.1775,215.0,4.64,2.0,2
16817,2026-06-18,Organic Search,/home,60,57,0.2641,162.1,3.7,0.0,0
15597,2026-05-24,Referral,/product/backpacks,4,3,0.2188,203.8,3.87,1.0,1
14353,2026-04-29,Referral,/blog/summer-sale-guide,8,7,0.5796,232.5,1.58,0.0,0
16330,2026-06-08,Paid Search,/product/running-shoes,20,18,0.4032,170.8,2.48,4.0,4
16281,2026-06-07,Paid Search,/product/running-shoes,18,17,0.4256,195.9,3.25,1.0,3
15902,2026-05-30,Referral,/pricing,2,2,0.3191,203.2,2.51,0.0,0
12468,2026-03-22,Social,/blog/how-to-choose-running-shoes,8,7,0.6955,137.8,1.65,0.0,0
16237,2026-06-06,Paid Search,/about-us,3,3,0.5939,58.5,2.58,0.0,0
16154,2026-06-04,Social,/product/backpacks,10,8,0.59,65.3,2.33,0.0,0
18055,2026-07-12,Direct,/product/backpacks,5,4,0.4498,217.4,2.49,0.0,0
14648,2026-05-05,Referral,/home,14,12,0.388,215.6,2.88,,2
18445,2026-07-20,Social,/blog/summer-sale-guide,11,10,0.7663,101.9,1.15,0.0,0
15204,2026-05-16,Referral,/checkout,3,3,0.2401,269.0,3.27,1.0,1
10400,2026-02-09,Organic Search,/product/winter-jackets,17,16,0.3861,264.2,2.66,0.0,0
11588,2026-03-04,Direct,/contact,6,5,0.5607,152.4,2.09,0.0,0
13593,2026-04-14,Paid Search,/blog/how-to-choose-running-shoes,30,28,0.6111,155.0,1.46,0.0,0
12172,2026-03-16,Social,/contact,5,4,0.8165,10.0,1.93,0.0,0
16236,2026-06-06,Paid Search,/blog/summer-sale-guide,10,10,0.6623,229.2,1.78,0.0,0
14599,2026-05-04,Referral,/product/running-shoes,10,9,0.2682,201.5,3.29,1.0,1
13992,2026-04-22,Paid Search,/product/backpacks,10,9,0.4863,196.4,2.49,0.0,0
10111,2026-02-03,Paid Search,/home,15,13,0.419,111.4,2.97,0.0,0
12427,2026-03-21,Direct,/product/backpacks,9,8,0.3454,241.2,,0.0,0
13803,2026-04-18,Referral,/blog/how-to-choose-running-shoes,6,5,0.4985,248.5,2.25,0.0,0
11265,2026-02-26,Referral,/product/backpacks,8,7,0.3829,204.4,2.06,1.0,1
18212,2026-07-16,Organic Search,/home,61,55,0.3709,219.5,2.82,1.0,6
13001,2026-04-02,Paid Search,/checkout,5,4,0.3672,202.1,2.31,1.0,1
13999,2026-04-22,Referral,/home,19,16,0.4122,175.1,3.42,2.0,2
17159,2026-06-24,Direct,/blog/how-to-choose-running-shoes,13,12,0.4571,241.8,2.35,0.0,0
15912,2026-05-30,Social,/pricing,6,5,0.4741,97.2,2.83,0.0,0
14393,2026-04-30,Paid Search,/blog/summer-sale-guide,11,10,0.6155,176.0,1.72,1.0,1
17586,2026-07-03,Referral,/product/backpacks,3,3,0.4105,200.1,2.41,0.0,0
11569,2026-03-04,Referral,/pricing,5,4,0.2795,178.0,3.47,0.0,0
12521,2026-03-23,Social,/contact,8,8,0.8569,57.2,1.2,0.0,0
11223,2026-02-25,Social,/product/running-shoes,11,10,0.6282,103.9,1.38,1.0,1
15948,2026-05-31,Referral,/blog/summer-sale-guide,2,2,0.5608,222.3,1.73,0.0,0
10857,2026-02-18,Paid Search,/product/backpacks,11,10,0.3944,142.7,4.17,1.0,1
15806,2026-05-28,Social,/product/winter-jackets,16,14,0.4741,171.4,2.39,1.0,1
16559,2026-06-12,Direct,/product/running-shoes,17,15,0.4267,242.7,2.85,1.0,1
11731,2026-03-07,Direct,/product/running-shoes,6,5,0.3101,259.2,2.95,0.0,0
12643,2026-03-26,Organic Search,/checkout,14,13,0.1312,237.2,3.9,0.0,0
12461,2026-03-22,Referral,/contact,1,1,0.5771,137.5,1.86,0.0,0
15329,2026-05-19,Organic Search,/blog/summer-sale-guide,30,29,0.6058,225.2,1.2,1.0,2
11653,2026-03-06,Paid Search,/product/backpacks,10,10,,148.2,2.55,2.0,3
16815,2026-06-17,Direct,/pricing,2,2,0.3128,234.3,2.82,0.0,0
14271,2026-04-27,Direct,/product/backpacks,6,5,0.3525,200.5,2.62,0.0,0
15247,2026-05-17,Referral,/product/winter-jackets,1,1,0.4199,180.4,3.32,0.0,0
14934,2026-05-11,Organic Search,/pricing,20,19,0.3241,159.7,2.66,2.0,3
14989,2026-05-12,Paid Search,/blog/how-to-choose-running-shoes,20,19,0.6088,206.8,1.53,,0
14627,2026-05-04,Direct,/checkout,5,4,0.1547,237.6,4.53,0.0,0
17034,2026-06-22,Paid Search,/pricing,8,8,0.4031,,2.21,0.0,0
16379,2026-06-09,Paid Search,/home,30,27,0.4668,203.9,2.43,0.0,0
17630,2026-07-04,Paid Search,/contact,6,6,0.7225,,1.0,0.0,0
13938,2026-04-21,Organic Search,/checkout,13,11,0.2286,205.5,3.62,0.0,0
10342,2026-02-07,Direct,/product/running-shoes,9,9,0.3515,260.2,3.65,1.0,2
18510,2026-07-22,Organic Search,/home,45,39,0.4126,236.8,2.14,1.0,2
17612,2026-07-03,Direct,/checkout,3,3,0.104,266.2,4.27,0.0,0
17197,2026-06-25,Social,/product/winter-jackets,16,14,0.6183,89.9,1.38,0.0,0
11655,2026-03-06,Paid Search,/blog/summer-sale-guide,10,9,0.7533,204.0,1.0,0.0,1
12359,2026-03-20,Referral,/blog/summer-sale-guide,8,8,0.562,247.3,1.64,0.0,0
15641,2026-05-25,Paid Search,/contact,6,6,0.8484,92.9,1.0,2.0,2
15668,2026-05-25,Direct,/blog/how-to-choose-running-shoes,17,15,0.4618,299.9,2.85,0.0,0
17380,2026-06-29,Paid Search,/contact,7,7,0.6488,114.0,1.0,0.0,1
10541,2026-02-11,Direct,/product/backpacks,10,9,0.3127,256.4,2.98,1.0,1
12195,2026-03-17,Paid Search,/home,28,26,0.4424,159.2,2.6,1.0,1
11337,2026-02-27,Direct,/blog/summer-sale-guide,14,12,0.491,257.5,2.42,0.0,0
10889,2026-02-18,Direct,/blog/summer-sale-guide,6,5,0.6051,258.8,2.34,0.0,0
13801,2026-04-18,Referral,/product/winter-jackets,7,6,0.351,176.8,2.04,1.0,1
12030,2026-03-13,Direct,/blog/how-to-choose-running-shoes,7,6,0.5068,341.0,1.62,0.0,0
14556,2026-05-03,Referral,/pricing,4,3,0.4049,259.5,3.17,0.0,0
12215,2026-03-17,Social,/home,21,18,0.5157,80.9,2.44,0.0,0
18526,2026-07-22,Paid Search,/about-us,11,10,0.5326,103.7,1.31,0.0,0
14758,2026-05-07,Social,/home,28,26,0.5156,20.7,1.78,1.0,1
12399,2026-03-21,Paid Search,/blog/summer-sale-guide,16,15,0.6348,256.0,1.31,1.0,1
13813,2026-04-18,Social,/blog/how-to-choose-running-shoes,22,21,,205.4,1.33,0.0,0
15559,2026-05-23,Social,/blog/summer-sale-guide,13,11,0.717,195.0,1.21,0.0,0
12114,2026-03-15,Referral,/checkout,3,3,0.1462,222.2,3.92,0.0,1
12994,2026-04-02,Paid Search,/product/winter-jackets,13,11,0.5188,171.1,2.38,0.0,1
16247,2026-06-06,Referral,/about-us,4,4,0.4826,177.3,2.13,0.0,0
13216,2026-04-06,Social,/about-us,13,12,0.6854,169.2,1.69,0.0,0
17023,2026-06-22,Organic Search,/contact,7,6,0.5652,169.2,1.29,0.0,0
10701,2026-02-15,Organic Search,/blog/how-to-choose-running-shoes,24,23,0.5392,205.3,1.12,1.0,1
15445,2026-05-21,Referral,/product/running-shoes,13,11,0.3995,229.5,2.92,1.0,2
12553,2026-03-24,Paid Search,/checkout,7,6,0.3425,178.5,2.49,0.0,0
18812,2026-07-28,Organic Search,/product/backpacks,32,30,0.437,160.1,2.42,1.0,2
16646,2026-06-14,Referral,/pricing,4,4,0.2247,224.0,3.5,0.0,0
17813,2026-07-08,Organic Search,/home,60,52,0.3875,169.4,2.34,2.0,2
14911,2026-05-10,Social,/blog/summer-sale-guide,17,16,0.7624,111.8,1.39,0.0,0
14919,2026-05-10,Direct,/product/backpacks,8,7,0.3168,256.1,3.16,2.0,2
14810,2026-05-08,Social,/product/backpacks,6,6,0.5595,111.6,2.23,0.0,0
12178,2026-03-16,Direct,/product/backpacks,9,7,0.3964,215.4,2.76,0.0,0
15629,2026-05-25,Organic Search,/blog/summer-sale-guide,34,31,0.5635,200.1,1.74,0.0,0
16500,2026-06-11,Social,/product/winter-jackets,14,14,0.5878,96.3,1.37,0.0,0
16493,2026-06-11,Referral,/blog/summer-sale-guide,8,7,0.5132,300.9,1.98,0.0,0
17854,2026-07-08,Direct,/product/running-shoes,12,10,0.3687,248.5,2.56,0.0,1
16275,2026-06-07,Organic Search,/blog/summer-sale-guide,22,20,0.56,193.5,2.51,0.0,1
17053,2026-06-22,Social,/contact,8,7,0.8217,10.0,1.04,0.0,0
16977,2026-06-21,Paid Search,/home,22,21,0.4048,119.3,2.59,1.0,1
17139,2026-06-24,Referral,/product/backpacks,4,3,0.3835,199.3,3.1,0.0,0
16323,2026-06-08,Organic Search,/blog/how-to-choose-running-shoes,37,33,0.5105,237.4,2.71,3.0,4
18833,2026-07-28,Referral,/blog/how-to-choose-running-shoes,8,7,0.6111,276.8,1.68,0.0,0
11792,2026-03-09,Organic Search,/blog/how-to-choose-running-shoes,39,35,0.6212,254.4,1.74,0.0,0
15312,2026-05-18,Social,/pricing,6,5,0.5081,132.1,2.45,0.0,0
17328,2026-06-28,Paid Search,/blog/summer-sale-guide,11,11,0.6831,201.5,1.34,0.0,1
17574,2026-07-03,Paid Search,/product/running-shoes,25,23,0.4516,149.4,2.08,1.0,3
13430,2026-04-11,Organic Search,/home,33,32,0.3193,154.2,2.68,0.0,0
15157,2026-05-15,Social,/product/winter-jackets,7,6,0.5654,159.0,,,0
11829,2026-03-09,Direct,/product/winter-jackets,6,5,0.3746,272.8,2.49,0.0,0
15140,2026-05-15,Paid Search,/blog/summer-sale-guide,21,19,0.6076,195.7,1.73,1.0,2
12888,2026-03-31,Organic Search,/about-us,11,10,0.46,207.8,2.15,0.0,0
17173,2026-06-25,Organic Search,/pricing,20,18,0.3538,252.0,2.46,4.0,4
13368,2026-04-09,Social,/pricing,13,12,0.4649,98.2,2.13,0.0,0
13880,2026-04-20,Organic Search,/product/running-shoes,47,39,0.4117,229.3,2.81,4.0,5
18139,2026-07-14,Referral,/contact,3,3,0.5134,113.8,1.98,0.0,0
17494,2026-07-01,Social,/product/running-shoes,22,19,0.6049,72.9,1.45,0.0,0
16258,2026-06-06,Social,/pricing,4,4,0.4673,162.7,2.36,0.0,0
15322,2026-05-18,Direct,/pricing,8,7,0.1771,317.8,4.21,2.0,2
14942,2026-05-11,Paid Search,/about-us,12,11,0.5731,147.1,2.12,1.0,1
13797,2026-04-18,Paid Search,/pricing,9,8,0.3742,165.9,2.66,2.0,2
14831,2026-05-09,Organic Search,/blog/how-to-choose-running-shoes,18,16,0.5636,221.7,,0.0,0
11142,2026-02-24,Organic Search,/home,52,49,0.2981,191.2,2.66,3.0,3
14276,2026-04-27,Direct,/pricing,5,5,0.2123,241.9,3.78,0.0,0
14081,2026-04-24,Organic Search,/product/backpacks,17,15,0.4522,123.2,2.31,0.0,0
10665,2026-02-14,Paid Search,/contact,3,3,0.6458,92.3,1.2,0.0,1
13957,2026-04-21,Referral,/pricing,9,9,0.3561,215.1,2.67,1.0,2
16421,2026-06-10,Organic Search,/product/winter-jackets,30,27,0.3575,167.0,1.84,0.0,1
13097,2026-04-04,Paid Search,/about-us,5,4,0.6354,64.7,1.0,1.0,2
12400,2026-03-21,Paid Search,/about-us,7,6,0.5468,97.7,1.89,1.0,1
12095,2026-03-15,Paid Search,/home,14,13,0.4617,121.9,2.87,2.0,2
11942,2026-03-12,Organic Search,/about-us,9,8,0.4784,190.4,2.14,0.0,0
11911,2026-03-11,Referral,/blog/how-to-choose-running-shoes,8,7,0.5229,268.0,,0.0,0
13308,2026-04-08,Referral,/pricing,5,4,0.2483,,3.06,0.0,0
14332,2026-04-29,Organic Search,/blog/how-to-choose-running-shoes,31,26,0.6186,190.5,1.92,0.0,0
12729,2026-03-27,Direct,/blog/summer-sale-guide,9,7,0.4911,289.8,2.72,0.0,0
17993,2026-07-11,Social,/product/running-shoes,20,19,0.5302,82.7,2.09,0.0,0
12629,2026-03-25,Direct,/blog/summer-sale-guide,7,6,0.5582,265.5,2.75,1.0,1
16965,2026-06-20,Direct,/pricing,5,5,0.2675,225.8,2.94,0.0,0
17407,2026-06-29,Direct,/blog/how-to-choose-running-shoes,9,9,0.4871,265.8,2.16,0.0,0
14701,2026-05-06,Referral,/product/backpacks,5,4,0.3868,192.8,2.61,0.0,0
10066,2026-02-02,Paid Search,/blog/summer-sale-guide,14,13,0.6756,242.6,1.38,1.0,2
10670,2026-02-14,Referral,/product/winter-jackets,9,8,0.4016,246.5,2.23,1.0,1
14033,2026-04-23,Organic Search,/blog/how-to-choose-running-shoes,27,25,0.6024,200.4,1.66,0.0,0
12130,2026-03-15,Direct,/blog/summer-sale-guide,9,8,0.6178,308.1,1.85,0.0,0
13545,2026-04-13,Paid Search,/about-us,8,7,0.6776,134.8,1.37,0.0,0
12313,2026-03-19,Referral,/pricing,6,5,0.3431,,3.08,0.0,0
11516,2026-03-03,Referral,/blog/summer-sale-guide,10,9,0.5496,248.8,1.88,0.0,0
14102,2026-04-24,Referral,/blog/how-to-choose-running-shoes,12,11,0.5242,238.8,1.74,0.0,0
14523,2026-05-02,Direct,/blog/summer-sale-guide,5,5,0.5228,267.1,2.33,0.0,0
17664,2026-07-05,Organic Search,/product/running-shoes,18,16,0.3923,192.2,2.77,0.0,0
15631,2026-05-25,Organic Search,/contact,10,9,0.6568,92.5,1.0,0.0,0
17704,2026-07-05,Direct,/product/running-shoes,16,14,0.3107,185.4,2.66,1.0,2
18904,2026-07-29,Direct,/blog/summer-sale-guide,11,10,0.5681,331.6,1.41,0.0,0
10156,2026-02-04,Organic Search,/blog/summer-sale-guide,28,25,0.5361,208.6,1.96,1.0,1
10429,2026-02-09,Social,/product/running-shoes,15,14,0.4819,99.0,,0.0,1
16538,2026-06-12,Referral,/home,21,18,0.2925,134.7,3.31,1.0,1
10417,2026-02-09,Paid Search,/checkout,11,9,,211.2,3.02,2.0,2
14569,2026-05-03,Direct,/product/running-shoes,12,10,0.4444,211.1,2.9,1.0,1
18130,2026-07-14,Paid Search,/pricing,11,10,0.3546,238.2,3.03,0.0,1
14458,2026-05-01,Social,/home,20,18,0.5547,126.1,1.8,0.0,0
12747,2026-03-28,Paid Search,/blog/how-to-choose-running-shoes,13,12,0.6981,188.4,1.72,1.0,1
14550,2026-05-03,Referral,/product/winter-jackets,6,5,0.4079,277.1,2.54,0.0,0
17152,2026-06-24,Social,/contact,4,4,0.7994,51.3,1.0,0.0,0
13114,2026-04-04,Social,/product/backpacks,9,8,0.5406,94.4,2.16,0.0,0
16385,2026-06-09,Paid Search,/about-us,8,7,0.5083,85.8,2.55,,1
17891,2026-07-09,Referral,/pricing,5,4,0.3164,205.4,3.69,0.0,0
10268,2026-02-06,Paid Search,/contact,5,4,0.693,28.6,1.39,0.0,0
14533,2026-05-03,Organic Search,/blog/summer-sale-guide,22,20,0.4536,211.0,2.43,1.0,1
17148,2026-06-24,Social,/product/backpacks,11,10,0.5981,57.8,1.6,0.0,0
10302,2026-02-07,Organic Search,/product/running-shoes,29,27,0.3689,177.9,3.42,1.0,2
15521,2026-05-22,Direct,/contact,6,6,0.5911,126.3,1.5,0.0,0
17742,2026-07-06,Referral,/checkout,2,2,0.2573,209.4,3.41,0.0,0
12565,2026-03-24,Social,/product/running-shoes,11,9,0.6021,116.6,1.95,0.0,0
11178,2026-02-24,Social,/about-us,5,5,0.6726,94.8,2.04,0.0,0
17791,2026-07-07,Referral,/pricing,5,5,0.393,209.2,2.89,0.0,0
12731,2026-03-27,Direct,/pricing,6,5,0.3266,254.2,,2.0,2
13742,2026-04-17,Paid Search,/product/backpacks,17,16,0.5008,175.7,1.45,2.0,2
15577,2026-05-24,Organic Search,/product/backpacks,14,12,0.4805,192.7,2.54,,0
10157,2026-02-04,Organic Search,/about-us,18,17,0.4689,154.4,2.28,0.0,0
13015,2026-04-02,Social,/product/backpacks,13,11,0.4675,70.1,1.45,0.0,0
13479,2026-04-12,Organic Search,/home,29,26,0.4395,215.0,2.48,0.0,0
16645,2026-06-14,Referral,/contact,4,3,0.6285,134.9,1.81,0.0,0
16269,2026-06-06,Direct,/checkout,4,3,0.1416,279.4,4.33,0.0,0
14621,2026-05-04,Direct,/product/backpacks,7,6,0.3216,223.2,3.63,0.0,0
14770,2026-05-07,Direct,/product/winter-jackets,8,7,0.3425,241.3,2.81,0.0,1
10411,2026-02-09,Paid Search,/product/backpacks,11,10,0.5476,157.5,2.75,0.0,0
15071,2026-05-13,Direct,/about-us,7,7,0.4862,206.1,2.57,0.0,0
10981,2026-02-20,Social,/pricing,6,6,0.5374,150.2,2.15,0.0,0
16873,2026-06-19,Organic Search,/about-us,21,19,0.5862,203.0,1.52,1.0,1
12508,2026-03-23,Referral,/blog/how-to-choose-running-shoes,10,9,0.6335,236.9,1.92,1.0,2
11608,2026-03-05,Paid Search,/contact,5,4,0.7071,89.9,1.62,0.0,0
16079,2026-06-03,Organic Search,/contact,16,15,0.5765,72.0,1.81,0.0,0
16762,2026-06-16,Direct,/blog/how-to-choose-running-shoes,10,9,0.5458,258.9,2.06,0.0,0
10951,2026-02-20,Organic Search,/pricing,10,9,0.3189,181.3,3.6,2.0,2
13653,2026-04-15,Referral,/blog/how-to-choose-running-shoes,8,8,0.4459,271.7,2.66,0.0,0
13068,2026-04-03,Social,/about-us,9,7,0.6467,78.8,2.08,0.0,0
17471,2026-07-01,Organic Search,/pricing,16,15,0.3518,220.2,3.34,1.0,2
14061,2026-04-23,Social,/product/backpacks,6,5,0.5015,148.1,2.06,0.0,1
18059,2026-07-12,Direct,/contact,3,3,0.4059,158.2,2.4,0.0,0
10413,2026-02-09,Paid Search,/blog/summer-sale-guide,17,16,0.708,196.9,1.56,1.0,1
14749,2026-05-07,Referral,/product/running-shoes,9,8,0.3717,230.4,2.05,,0
17257,2026-06-26,Direct,/product/backpacks,12,11,0.3198,264.2,2.57,0.0,0
10341,2026-02-07,Direct,/home,8,7,0.3353,236.5,3.62,0.0,0
15784,2026-05-28,Paid Search,/home,28,27,0.4223,186.9,3.37,2.0,2
16353,2026-06-08,Social,/blog/how-to-choose-running-shoes,10,9,0.7,128.8,1.45,2.0,2
13104,2026-04-04,Referral,/product/backpacks,8,8,0.3474,144.7,2.17,0.0,0
17246,2026-06-26,Social,/product/winter-jackets,9,8,0.5557,105.3,2.83,0.0,0
14311,2026-04-28,Social,/product/backpacks,11,11,0.5878,54.6,2.11,2.0,2
12990,2026-04-02,Organic Search,/pricing,14,12,0.3622,245.0,3.25,0.0,0
14636,2026-05-05,Organic Search,/pricing,13,11,0.3614,222.9,2.86,0.0,0
14262,2026-04-27,Social,/blog/how-to-choose-running-shoes,13,12,0.8038,167.9,1.0,0.0,0
13457,2026-04-11,Referral,/contact,2,2,0.6026,156.4,1.73,0.0,0
13924,2026-04-20,Direct,/blog/summer-sale-guide,13,12,0.5266,267.6,2.45,0.0,0
14522,2026-05-02,Direct,/blog/how-to-choose-running-shoes,6,6,0.6059,307.8,1.0,1.0,1
13378,2026-04-09,Direct,/pricing,9,7,0.3408,222.4,2.45,1.0,1
10017,2026-02-01,Paid Search,/about-us,3,3,0.5794,145.2,1.24,0.0,0
16374,2026-06-09,Organic Search,/blog/summer-sale-guide,28,24,0.4468,257.8,2.74,0.0,2
11194,2026-02-25,Organic Search,/product/winter-jackets,24,21,0.3785,177.7,2.81,1.0,1
10444,2026-02-09,Direct,/about-us,11,10,0.3733,137.9,2.93,0.0,0
15937,2026-05-31,Paid Search,/blog/how-to-choose-running-shoes,8,7,0.6214,242.4,1.7,0.0,0
11306,2026-02-27,Paid Search,/blog/how-to-choose-running-shoes,11,10,0.6345,165.1,1.94,0.0,0
18154,2026-07-14,Direct,/product/winter-jackets,17,15,0.3979,226.6,2.8,0.0,0
10754,2026-02-16,Paid Search,/home,24,20,0.4118,162.7,2.63,1.0,1
17302,2026-06-27,Social,/pricing,8,8,0.5167,140.3,2.21,0.0,0
17194,2026-06-25,Referral,/checkout,5,5,0.2315,254.0,3.3,0.0,0
17374,2026-06-29,Paid Search,/product/running-shoes,18,17,0.4267,213.1,1.66,,0
15907,2026-05-30,Social,/product/backpacks,3,3,0.5262,162.1,2.43,0.0,0
18855,2026-07-28,Direct,/about-us,8,7,0.4416,200.9,2.4,0.0,0
15932,2026-05-31,Organic Search,/checkout,6,5,0.3101,231.5,2.85,0.0,0
13204,2026-04-06,Referral,/blog/how-to-choose-running-shoes,16,15,0.4356,357.2,2.41,0.0,1
17800,07/07/2026,Social,/contact,4,4,0.7198,10.0,1.02,0.0,0
17569,2026-07-03,Organic Search,/about-us,13,12,0.5567,134.0,2.32,0.0,0
15769,2026-05-27,Direct,/blog/summer-sale-guide,3,3,0.4911,233.9,2.79,,0
14042,2026-04-23,Paid Search,/product/backpacks,13,11,0.5233,184.5,2.57,1.0,1
14683,2026-05-06,Organic Search,/blog/summer-sale-guide,21,17,0.5887,261.7,2.63,1.0,1
14459,2026-05-01,Social,/product/running-shoes,18,15,0.5678,128.1,,1.0,1
14939,2026-05-11,Paid Search,/product/backpacks,5,5,0.4584,195.3,1.9,0.0,0
12223,2026-03-17,Social,/pricing,6,6,0.5297,118.2,2.35,2.0,2
12443,2026-03-22,Organic Search,/checkout,8,7,0.2112,183.4,3.91,0.0,0
18922,2026-07-30,Paid Search,/product/backpacks,10,9,0.4784,118.7,2.46,0.0,0
15496,2026-05-22,Referral,/product/winter-jackets,9,8,0.3649,241.9,2.71,0.0,0
16220,2026-06-05,Direct,/checkout,3,2,0.1157,255.9,4.33,0.0,0
15685,2026-05-26,Paid Search,/product/running-shoes,21,18,0.3462,196.0,2.87,1.0,3
11001,2026-02-21,Organic Search,/checkout,8,7,0.2682,246.7,2.91,2.0,2
11321,2026-02-27,Referral,/checkout,4,3,0.2314,245.5,3.72,0.0,1
12282,2026-03-18,Direct,/contact,2,2,0.5489,137.6,1.72,0.0,0
15172,2026-05-15,Direct,/contact,5,5,0.4712,163.6,2.28,0.0,0
16786,2026-06-17,Paid Search,/pricing,10,9,0.3554,154.8,,0.0,0
11412,2026-03-01,Referral,/home,13,12,0.2791,221.0,3.63,1.0,2
14309,2026-04-28,Social,/product/running-shoes,11,10,0.6211,90.5,1.42,0.0,0
10132,2026-02-03,Social,/product/running-shoes,12,10,0.5355,137.4,2.35,0.0,0
12391,2026-03-21,Organic Search,/contact,5,4,0.6873,111.4,1.45,0.0,0
11780,2026-03-08,Direct,/product/winter-jackets,5,4,0.3057,229.9,3.32,1.0,1
18198,2026-07-15,Social,/about-us,4,3,0.6976,68.6,1.29,0.0,0
11786,2026-03-08,Direct,/pricing,7,7,0.2551,247.7,3.43,0.0,0
11563,2026-03-04,Referral,/product/winter-jackets,7,7,0.3947,224.4,,1.0,1
11157,2026-02-24,Paid Search,/blog/summer-sale-guide,13,11,0.6659,256.1,1.0,2.0,2
17774,2026-07-07,Paid Search,/product/running-shoes,26,24,0.4625,218.1,2.45,1.0,2
14971,2026-05-11,Direct,/about-us,6,6,0.3475,184.2,2.54,2.0,2
10192,2026-02-04,Direct,/product/running-shoes,16,15,0.3191,215.9,2.91,0.0,0
17971,2026-07-11,Organic Search,/checkout,11,10,0.3056,266.8,2.63,2.0,3
11489,2026-03-02,Direct,/pricing,10,9,0.2022,212.5,,0.0,1
10080,2026-02-02,Referral,/checkout,2,2,0.2768,237.9,3.44,0.0,0
15856,2026-05-29,Social,/product/winter-jackets,12,11,0.6479,109.9,1.61,1.0,1
10559,2026-02-12,Paid Search,/product/running-shoes,23,21,0.5707,184.2,1.43,4.0,4
13336,2026-04-09,Organic Search,/about-us,16,14,0.5685,145.1,1.93,0.0,0
18548,2026-07-22,Social,/pricing,12,11,0.5593,123.0,1.83,0.0,1
16373,2026-06-09,Organic Search,/blog/how-to-choose-running-shoes,26,22,0.5913,251.6,1.63,0.0,0
18535,2026-07-22,Referral,/blog/summer-sale-guide,13,11,0.5175,156.5,1.89,0.0,0
11318,2026-02-27,Referral,/about-us,4,4,0.5032,120.5,2.47,0.0,0
15205,2026-05-16,Social,/home,14,13,0.5327,130.8,1.96,3.0,4
17232,2026-06-26,Paid Search,/contact,10,9,0.7197,64.2,1.0,0.0,0
12230,2026-03-17,Direct,/blog/summer-sale-guide,6,5,0.549,300.7,2.69,0.0,0
18574,2026-07-23,Paid Search,/blog/how-to-choose-running-shoes,19,17,0.5705,146.1,2.33,1.0,1
11904,2026-03-11,Paid Search,/contact,5,4,0.6266,28.9,1.38,0.0,0
18580,2026-07-23,Referral,/home,20,18,,242.1,3.09,0.0,0
11779,2026-03-08,Direct,/product/running-shoes,6,5,0.2879,240.4,2.09,1.0,1
14965,2026-05-11,Direct,/home,15,13,0.2413,223.8,3.05,0.0,0
16599,2026-06-13,Social,/product/running-shoes,14,12,0.5421,109.2,2.48,0.0,0
12352,2026-03-20,Paid Search,/pricing,15,14,0.4108,217.5,2.4,1.0,1
12067,2026-03-14,Social,/product/winter-jackets,10,9,0.5743,114.7,1.65,0.0,0
18886,2026-07-29,Referral,/contact,6,6,0.6659,162.3,1.96,1.0,1
16422,2026-06-10,Organic Search,/product/backpacks,27,26,0.438,223.9,2.81,1.0,2
16327,2026-06-08,Organic Search,/pricing,11,10,0.3878,214.0,2.54,0.0,0
13286,2026-04-08,Organic Search,/about-us,13,12,0.4966,117.5,2.01,0.0,0
16083,2026-06-03,Paid Search,/product/running-shoes,20,18,0.4338,163.8,2.03,3.0,3
18321,2026-07-18,Organic Search,/checkout,10,9,0.2776,252.7,2.64,1.0,1
14488,2026-05-02,Paid Search,/home,14,12,0.2998,156.2,3.13,2.0,2
10973,2026-02-20,Social,/home,18,17,0.5408,,2.5,2.0,2
10657,2026-02-14,Organic Search,/checkout,6,5,0.3077,225.9,3.56,2.0,2
10084,2026-02-02,Social,/product/backpacks,10,8,0.4691,116.2,2.1,0.0,0
15671,2026-05-25,Direct,/contact,6,5,0.5714,175.7,2.19,1.0,1
11386,2026-02-28,Direct,/blog/how-to-choose-running-shoes,5,5,0.4636,332.1,1.51,0.0,0
18847,2026-07-28,Social,/pricing,12,11,0.5947,120.8,1.33,0.0,1
17015,2026-06-21,Direct,/pricing,7,6,0.2324,247.1,2.59,1.0,1
10074,2026-02-02,Referral,/product/backpacks,3,3,0.4339,181.0,2.45,0.0,0
11995,2026-03-13,Organic Search,/checkout,10,10,0.3681,249.2,2.99,1.0,2
12063,2026-03-14,Referral,/pricing,1,1,0.3597,263.1,2.61,0.0,0
13466,2026-04-11,Social,/about-us,8,8,0.6977,28.5,1.36,0.0,0
10083,2026-02-02,Social,/product/winter-jackets,4,4,0.55,123.9,1.69,0.0,0
18836,2026-07-28,Referral,/contact,4,4,0.6201,129.4,1.81,0.0,0
15072,2026/05/13,Direct,/contact,7,6,0.5343,148.8,1.99,0.0,0
12201,2026-03-17,Paid Search,/about-us,5,4,,126.7,1.58,0.0,0
17258,2026-06-26,Direct,/blog/how-to-choose-running-shoes,13,11,0.5771,259.7,1.94,1.0,1
18211,2026-07-15,Direct,/checkout,1,1,0.2032,277.5,3.18,0.0,0
11716,2026-03-07,Referral,/about-us,4,4,0.4495,143.0,2.4,0.0,0
18308,2026-07-17,Direct,/about-us,6,5,0.454,174.4,2.03,0.0,0
15607,2026-05-24,Social,/product/backpacks,7,6,0.5581,112.7,2.47,0.0,0
16760,2026-06-16,Direct,/product/winter-jackets,12,10,0.3262,226.1,2.59,2.0,2
15060,2026-05-13,Social,/blog/summer-sale-guide,14,13,0.7976,117.1,1.0,0.0,1
12112,2026-03-15,Referral,/contact,3,3,0.5584,141.6,1.38,0.0,0
18166,2026-07-15,Organic Search,/blog/how-to-choose-running-shoes,43,41,0.54,273.7,2.47,0.0,0
10574,2026-02-12,Referral,/about-us,6,5,0.5417,125.1,1.73,0.0,0
18556,2026-07-22,Direct,/about-us,8,7,0.4054,198.4,1.16,1.0,2
10447,2026-02-09,Direct,/checkout,6,5,0.2308,238.6,3.95,0.0,0
12947,2026-04-01,Paid Search,/blog/summer-sale-guide,13,12,0.6577,232.9,1.81,0.0,1
17925,2026-07-10,Paid Search,/product/backpacks,9,8,0.4343,208.3,2.27,1.0,1
16902,2026-06-19,Social,/blog/summer-sale-guide,9,9,0.7853,132.2,1.0,,0
16640,2026-06-14,Referral,/product/winter-jackets,6,5,0.3581,229.9,3.01,0.0,1
11041,2026-02-21,Direct,/checkout,3,2,0.2405,278.3,3.79,0.0,1
17137,2026-06-24,Referral,/product/running-shoes,17,15,0.3826,288.5,3.22,1.0,1
17188,2026-06-25,Referral,/product/backpacks,2,2,0.4422,195.7,2.78,0.0,0
12933,2026-04-01,Organic Search,/product/running-shoes,41,35,0.3747,201.3,3.0,0.0,1
14513,2026-05-02,Social,/blog/summer-sale-guide,6,5,0.847,160.4,1.0,0.0,0
12115,2026-03-15,Social,/home,17,15,0.5021,84.1,2.09,0.0,0
18096,2026-07-13,Social,/blog/how-to-choose-running-shoes,16,13,0.7362,136.1,1.0,0.0,0
13841,2026-04-19,Paid Search,/product/winter-jackets,22,19,0.5596,153.7,1.96,1.0,4
12762,2026-03-28,Referral,/checkout,2,2,0.1558,243.4,3.62,0.0,0
13986,2026-04-22,Organic Search,/contact,4,4,0.49,132.0,2.98,0.0,0
11631,2026-03-05,Direct,/product/running-shoes,15,13,0.3536,262.9,3.26,0.0,0
10891,2026-02-18,Direct,/contact,5,4,0.5181,122.7,2.58,1.0,1
10888,2026-02-18,Direct,/blog/how-to-choose-running-shoes,8,7,0.4239,296.5,,0.0,0
15609,2026-05-24,Social,/blog/summer-sale-guide,15,13,0.6756,167.2,1.57,0.0,0
10283,2026-02-06,Social,/product/winter-jackets,10,9,0.5519,110.2,1.86,0.0,0
17884,2026-07-09,Referral,/product/running-shoes,21,19,0.3535,203.0,2.11,3.0,4
14640,2026-05-05,Paid Search,/product/winter-jackets,15,14,,121.0,2.19,1.0,1
18997,2026-07-31,Social,/pricing,8,7,0.4788,150.1,2.44,1.0,2
17282,2026-06-27,Paid Search,/pricing,10,8,0.4425,200.3,2.11,1.0,1
17843,2026-07-08,Social,/home,20,18,0.6071,103.8,1.71,0.0,0
16677,2026-06-15,Organic Search,/checkout,12,10,0.3138,237.2,2.94,0.0,0
15569,2026-05-23,Direct,/blog/summer-sale-guide,8,7,0.4744,329.2,2.09,0.0,0
16473,2026-06-11,Organic Search,/blog/summer-sale-guide,26,24,0.5013,218.4,2.13,2.0,2
18604,2026-07-23,Direct,/blog/summer-sale-guide,10,9,0.5226,275.5,1.85,0.0,0
11480,2026-03-02,Social,/checkout,7,6,0.3934,148.1,3.25,0.0,0
13277,2026-04-07,Direct,/contact,2,2,,198.4,1.7,0.0,0
18188,2026-07-15,Referral,/about-us,11,10,0.4583,165.6,2.71,0.0,0
18325,2026-07-18,Paid Search,/product/backpacks,9,8,0.6099,146.1,1.61,0.0,1
11518,2026-03-03,Referral,/contact,4,3,0.5904,146.4,1.88,0.0,0
16556,2026-06-12,Social,/pricing,9,8,0.4902,77.2,2.51,0.0,0
18809,2026-07-28,Organic Search,/home,49,47,0.4508,213.8,2.25,4.0,6
14380,2026-04-30,Organic Search,/product/winter-jackets,20,18,0.437,228.4,2.57,0.0,0
15381,2026-05-20,Organic Search,/contact,10,9,0.6283,127.4,2.12,0.0,0
16191,2026-06-05,Referral,/home,15,13,0.344,198.8,2.37,0.0,0
13767,2026-04-17,Social,/pricing,11,9,0.4664,141.6,2.15,0.0,0
18694,2026-07-25,Social,/blog/summer-sale-guide,12,12,0.7436,137.8,1.7,0.0,0
11886,2026-03-10,Direct,/checkout,3,3,0.1797,283.1,4.1,0.0,0
17510,2026-07-01,Direct,/contact,4,4,0.5634,139.5,1.6,0.0,0
16039,2026-06-02,Paid Search,/contact,8,8,0.6494,67.1,1.69,0.0,0
10441,2026-02-09,Direct,/product/backpacks,7,6,0.3374,216.5,3.21,1.0,1
16402,2026-06-09,Social,/product/backpacks,10,10,0.5201,118.6,1.93,1.0,1
14814,2026-05-08,Social,/contact,4,4,0.7044,28.5,1.0,0.0,0
12058,2026-03-14,Referral,/product/winter-jackets,3,3,0.314,195.5,3.37,0.0,0
13411,2026-04-10,Social,/product/running-shoes,35,32,0.5255,143.2,2.83,,6
17942,2026-07-10,Social,/home,21,18,0.491,48.8,2.26,0.0,1
16229,2026-06-06,Organic Search,/pricing,10,10,0.3421,222.2,3.02,1.0,1
12799,2026-03-29,Paid Search,/contact,4,4,0.6424,98.3,1.63,1.0,1
18031,2026-07-12,Paid Search,/checkout,7,6,0.3773,152.8,3.04,0.0,0
15528,2026-05-23,Organic Search,/blog/how-to-choose-running-shoes,15,14,0.574,213.5,2.18,0.0,0
11781,2026-03-08,Direct,/product/backpacks,7,6,0.3916,,2.18,0.0,0
15677,2026-05-26,Organic Search,/product/backpacks,13,12,0.3755,240.8,2.99,0.0,0
17928,2026-07-10,Paid Search,/about-us,13,12,0.5575,145.5,1.74,0.0,0
18135,2026-07-14,Referral,/product/backpacks,5,5,0.4159,235.9,2.56,3.0,3
13409,2026-04-10,Referral,/checkout,1,1,0.2065,163.6,3.8,0.0,0
17622,2026-07-04,Organic Search,/checkout,5,4,0.27,247.7,2.69,0.0,0
15480,2026-05-22,Organic Search,/about-us,17,15,0.575,127.5,1.95,0.0,0
18735,2026-07-26,Referral,/about-us,4,3,0.3933,143.5,3.05,0.0,0
17684,2026-07-05,Referral,/product/running-shoes,20,17,0.421,190.1,2.58,2.0,2
16283,2026-06-07,Paid Search,/product/backpacks,7,6,0.3742,105.9,2.2,2.0,3
14860,2026-05-09,Social,/product/backpacks,4,4,0.5993,87.6,2.0,0.0,0
10336,2026-02-07,Social,/blog/summer-sale-guide,4,3,0.7765,160.2,1.0,0.0,0
14702,2026-05-06,Referral,/blog/how-to-choose-running-shoes,12,11,0.5633,295.5,2.42,1.0,1
15675,2026-05-26,Organic Search,/product/running-shoes,48,40,0.4377,201.4,2.26,4.0,5
12704,2026-03-27,Referral,/home,18,17,0.3281,212.4,3.57,1.0,1
15406,2026-05-20,Social,/product/winter-jackets,11,10,0.5852,122.3,1.33,0.0,0
13952,2026-04-21,Referral,/product/backpacks,6,5,0.4505,196.2,2.43,0.0,0
12688,2026-03-27,Organic Search,/blog/how-to-choose-running-shoes,21,20,0.5136,225.8,1.83,0.0,0
14689,2026-05-06,Paid Search,/product/running-shoes,21,18,0.5306,196.0,2.18,1.0,1
11801,2026-03-09,Paid Search,/product/backpacks,11,10,0.4831,107.4,3.2,0.0,0
15532,2026-05-23,Organic Search,/pricing,18,16,0.3327,112.4,3.44,0.0,0
18811,2026-07-28,Organic Search,/product/winter-jackets,38,34,0.3827,223.3,2.39,3.0,4
13822,2026-04-18,Direct,/product/backpacks,3,3,0.3226,232.7,2.85,0.0,0
16998,2026-06-21,Social,/product/running-shoes,10,9,0.5912,101.5,1.77,0.0,0
13350,2026-04-09,Referral,/home,20,18,0.3644,210.3,3.05,1.0,1
10370,2026-02-08,Referral,/home,11,10,0.2842,145.0,3.62,0.0,0
10312,2026-02-07,Paid Search,/product/running-shoes,21,17,0.4393,136.3,2.7,0.0,0
15792,2026-05-28,Paid Search,/pricing,10,9,0.4464,160.2,2.71,0.0,0
18767,2026-07-27,Organic Search,/pricing,21,17,0.4257,160.4,2.61,2.0,2
16390,2026-06-09,Referral,/product/running-shoes,15,12,0.3416,208.6,3.06,0.0,0
11640,2026-03-06,Organic Search,/home,41,35,0.2894,201.3,3.94,4.0,4
14956,2026-05-11,Social,/product/running-shoes,18,17,0.601,98.6,1.81,0.0,1
18372,2026-07-19,Paid Search,/product/running-shoes,16,15,0.4043,181.7,2.56,,2
15599,2026-05-24,Referral,/blog/summer-sale-guide,7,6,0.5492,284.2,2.0,0.0,0
11672,2026-03-06,Social,/product/winter-jackets,15,12,0.5996,127.3,1.95,0.0,1
11176,2026-02-24,Social,/blog/how-to-choose-running-shoes,7,6,0.6863,153.1,1.26,0.0,0
15745,2026-05-27,Referral,/product/running-shoes,10,10,0.3641,242.4,2.78,1.0,1
14442,2026-05-01,Paid Search,/blog/how-to-choose-running-shoes,22,19,0.6186,174.1,2.17,0.0,1
14745,2026-05-07,Paid Search,/contact,3,3,0.7164,104.7,1.0,1.0,1
16628,06-14-2026,Paid Search,/home,15,14,0.4077,129.0,2.88,1.0,1
18224,2026-07-16,Paid Search,/product/winter-jackets,22,20,0.4374,134.7,2.68,0.0,1
14920,2026-05-10,Direct,/blog/how-to-choose-running-shoes,3,3,0.4726,247.6,2.31,1.0,1
13681,2026-04-16,Organic Search,/product/winter-jackets,30,28,0.469,,1.43,0.0,2
13121,2026-04-04,Direct,/home,21,18,0.2707,210.2,3.26,1.0,2
17730,2026-07-06,Paid Search,/contact,4,4,0.6984,60.3,1.0,0.0,0
16378,2026-06-09,Organic Search,/checkout,11,10,0.2052,262.8,2.86,0.0,0
10194,2026-02-04,Direct,/product/backpacks,7,6,0.3731,254.8,2.92,1.0,1
12619,2026-03-25,Social,/blog/summer-sale-guide,9,8,0.7306,,1.34,0.0,0
17751,2026-07-06,Social,/pricing,8,8,0.5269,149.4,2.01,1.0,1
18916,2026-07-30,Organic Search,/contact,9,7,0.6638,129.0,1.72,0.0,0
13329,2026-04-08,Direct,/checkout,1,1,0.259,286.4,3.53,0.0,0
13556,2026-04-13,Referral,/contact,8,7,0.5042,149.2,1.62,0.0,0
12973,2026-04-01,Direct,/product/running-shoes,14,12,0.304,216.2,3.06,0.0,0
18665,2026-07-25,Organic Search,/about-us,17,16,0.5402,167.6,2.2,0.0,0
16122,2026-06-04,Organic Search,/home,43,38,0.3875,246.9,2.9,2.0,2
13971,2026-04-21,Direct,/product/winter-jackets,10,9,0.3258,290.8,3.6,0.0,0
10320,2026-02-07,Paid Search,/checkout,3,3,0.3785,232.4,3.1,0.0,0
12564,2026-03-24,Social,/home,15,13,0.5665,92.3,1.51,0.0,0
10505,2026-02-11,Organic Search,/contact,10,9,0.6723,114.4,1.44,0.0,0
17464,2026-07-01,Organic Search,/product/running-shoes,35,34,0.4266,197.8,2.58,4.0,4
14172,2026-04-25,Direct,/blog/how-to-choose-running-shoes,9,8,0.6474,248.4,1.38,0.0,0
17275,2026-06-27,Paid Search,/product/running-shoes,15,14,0.4567,192.7,1.81,2.0,2
14232,2026-04-27,Organic Search,/blog/how-to-choose-running-shoes,23,19,0.6195,220.6,1.34,1.0,1
14258,2026-04-27,Social,/home,20,17,0.4764,93.4,2.37,3.0,3
15747,2026-05-27,Referral,/product/backpacks,8,7,0.2893,221.4,2.66,,0
18919,2026-07-30,Paid Search,/home,-5,38,0.4586,146.9,2.38,3.0,3
17780,2026-07-07,Paid Search,/contact,3,3,0.6822,84.5,1.17,0.0,0
18792,2026-07-27,Social,/product/backpacks,15,14,0.6582,150.5,1.28,0.0,1
10356,2026-02-08,Organic Search,/about-us,5,4,0.4298,153.4,2.32,0.0,0
18816,2026-07-28,Organic Search,/contact,12,11,0.5793,139.5,1.3,0.0,0
13830,2026-04-19,Organic Search,/product/running-shoes,30,27,0.3792,245.0,3.75,0.0,2
11077,2026-02-22,Social,/blog/summer-sale-guide,6,6,0.7402,120.6,1.18,0.0,0
18217,2026-07-16,Organic Search,/blog/summer-sale-guide,28,23,0.5279,224.1,1.78,1.0,2
16207,2026-06-05,Social,/about-us,6,6,0.6736,43.8,1.58,0.0,0
16206,2026-06-05,Social,/blog/summer-sale-guide,9,9,0.8493,140.7,1.0,0.0,0
17260,2026-06-26,Direct,/about-us,4,4,0.4789,148.0,2.63,0.0,0
17489,2026-07-01,Referral,/about-us,3,3,0.4824,159.3,1.22,0.0,0
17081,2026-06-23,Paid Search,/blog/summer-sale-guide,15,13,0.6287,170.3,1.44,0.0,0
11222,2026-02-25,Social,/home,11,10,0.4932,116.1,1.94,0.0,0
17430,2026-06-30,Paid Search,/contact,10,10,0.6859,42.0,1.0,1.0,2
15994,2026-06-01,Referral,/product/winter-jackets,11,11,0.4185,190.3,2.42,1.0,2
16046,2026-06-02,Referral,/blog/how-to-choose-running-shoes,11,9,0.6364,222.2,1.67,0.0,0
10488,2026-02-10,Direct,/home,17,16,0.2985,236.4,2.42,2.0,3
17453,2026-06-30,Direct,/home,26,22,0.3604,237.8,2.94,0.0,0
13194,2026-04-06,Paid Search,/blog/how-to-choose-running-shoes,32,30,0.565,201.6,2.07,3.0,3
18287,2026-07-17,Referral,/blog/summer-sale-guide,7,6,0.667,263.8,1.83,0.0,0
17623,2026-07-04,Paid Search,/home,21,20,0.4634,103.7,2.27,0.0,0
16791,2026-06-17,Referral,/product/backpacks,8,8,0.3007,211.5,3.72,0.0,0
10330,2026-02-07,Referral,/checkout,1,1,0.232,215.6,2.93,0.0,0
10824,2026-02-17,Social,/home,21,20,0.5769,125.8,1.7,0.0,0
11909,2026-03-11,Referral,/product/winter-jackets,9,9,0.3477,255.4,2.0,1.0,2
18040,2026-07-12,Referral,/pricing,3,3,0.3402,190.9,2.45,0.0,0
10773,2026-02-16,Referral,/checkout,1,1,0.1621,220.1,3.82,0.0,0
16875,2026-06-19,Organic Search,/pricing,20,19,0.3057,278.0,2.32,1.0,1
18856,2026-07-28,Direct,/contact,4,3,0.5777,187.0,2.73,0.0,0
10617,2026-02-13,Paid Search,/checkout,6,5,0.2817,210.2,2.5,0.0,0
11108,2026-02-23,Paid Search,/about-us,10,10,0.5281,99.8,2.21,0.0,0
13241,2026-04-07,Paid Search,/product/running-shoes,30,26,0.4731,141.7,2.32,3.0,3
10354,2026-02-08,Organic Search,/blog/how-to-choose-running-shoes,10,8,0.5233,253.2,2.87,,0
10679,2026-02-14,Social,/product/winter-jackets,4,4,0.6055,123.6,1.98,0.0,0
17117,2026-06-24,Organic Search,/product/running-shoes,39,36,0.3719,195.4,2.85,0.0,0
10876,2026-02-18,Social,/product/winter-jackets,10,9,0.5752,110.5,2.79,1.0,1
16392,2026-06-09,Referral,/product/backpacks,9,8,0.4155,169.1,2.33,0.0,0
14766,2026-05-07,Social,/pricing,10,9,0.4769,142.0,2.78,1.0,1
16663,2026-06-14,Direct,/blog/summer-sale-guide,7,6,0.4815,266.2,1.94,0.0,0
16113,2026-06-03,Direct,/product/running-shoes,14,12,0.2543,182.6,3.25,0.0,0
11956,2026-03-12,Referral,/home,20,17,0.2875,157.0,3.77,0.0,1
14077,2026-04-23,Direct,/checkout,2,2,0.289,239.6,3.25,0.0,0
15646,2026-05-25,Referral,/product/winter-jackets,12,10,0.3393,195.4,3.07,1.0,1
14497,2026-05-02,Paid Search,/checkout,6,6,0.4482,229.1,3.13,0.0,0
17362,2026-06-28,Direct,/checkout,8,7,0.2152,260.3,3.97,2.0,3
14710,2026-05-06,Social,/product/winter-jackets,16,14,0.668,104.1,2.81,0.0,0
11814,2026-03-09,Referral,/about-us,4,4,0.3966,134.2,,0.0,0
17744,2026-07-06,Social,/product/running-shoes,18,16,0.6225,87.6,1.36,1.0,1
14498,2026-05-02,Referral,/home,10,9,0.3497,207.6,2.47,1.0,1
14401,2026-04-30,Referral,/product/backpacks,3,3,0.3771,228.4,3.12,0.0,0
15914,"May 30, 2026",Direct,/product/running-shoes,16,14,0.3246,212.5,3.55,0.0,0
14601,2026-05-04,Referral,/product/backpacks,7,7,0.3533,181.9,3.0,0.0,1
10228,2026-02-05,Referral,/contact,6,5,0.5124,104.9,2.0,0.0,0
15852,2026-05-29,Referral,/pricing,8,8,0.3743,236.7,2.45,0.0,0
14342,2026-04-29,Paid Search,/blog/how-to-choose-running-shoes,19,17,0.6916,199.3,2.22,0.0,1
13295,2026-04-08,Paid Search,/blog/summer-sale-guide,23,20,0.6118,217.6,1.86,4.0,4
11636,2026-03-05,Direct,/about-us,4,3,0.461,167.4,2.59,0.0,0
13724,2026-04-16,Direct,/blog/summer-sale-guide,7,6,0.5802,232.9,1.93,0.0,1
16509,2026-06-11,Direct,/product/running-shoes,13,12,0.3407,264.2,3.04,0.0,0
16099,2026-06-03,Referral,/contact,2,2,0.5873,,2.07,0.0,0
10375,2026-02-08,Referral,/blog/summer-sale-guide,1,1,0.5489,238.4,1.12,0.0,0
14216,2026-04-26,Social,/pricing,2,2,0.543,127.4,2.42,0.0,0
10041,2026-02-01,Direct,/home,15,12,0.2565,173.2,3.19,1.0,1
17078,2026-06-23,Paid Search,/product/winter-jackets,13,12,0.4251,162.0,1.76,1.0,2
10664,2026-02-14,Paid Search,/about-us,7,6,0.5742,104.8,,0.0,0
14203,2026-04-26,Referral,/blog/summer-sale-guide,8,7,0.5436,250.3,2.13,1.0,1
10647,2026-02-13,Direct,/checkout,3,3,0.1731,250.7,3.38,0.0,0
12579,2026-03-24,Direct,/blog/summer-sale-guide,3,3,0.4518,270.7,2.44,0.0,0
11436,2026-03-01,Direct,/blog/summer-sale-guide,7,6,0.5781,271.9,2.08,0.0,0
16478,2026-06-11,Paid Search,/home,23,21,0.3939,116.0,2.81,0.0,1
13796,2026-04-18,Paid Search,/contact,9,8,0.6645,87.7,1.72,1.0,1
15693,2026-05-26,Paid Search,/checkout,6,6,0.2864,167.0,2.89,1.0,1
12795,2026-03-29,Paid Search,/product/backpacks,8,7,,171.0,1.97,0.0,1
12066,2026-03-14,Social,/product/running-shoes,11,9,0.5689,77.8,1.65,0.0,1
14852,2026-05-09,Referral,/blog/summer-sale-guide,3,3,0.5171,262.2,2.53,0.0,0
13370,2026-04-09,Direct,/home,21,20,0.2771,237.4,2.81,0.0,0
14651,2026-05-05,Referral,/product/backpacks,9,7,0.3616,214.2,2.92,0.0,0
12951,2026-04-01,Paid Search,/checkout,4,4,0.3504,115.9,3.38,0.0,0
16439,2026-06-10,Referral,/home,14,12,0.2746,234.9,2.65,0.0,0
17554,2026-07-02,Direct,/product/running-shoes,16,15,0.3412,243.2,2.5,0.0,1
12028,2026-03-13,Direct,/product/winter-jackets,14,13,0.396,221.4,1.93,0.0,0
15418,2026-05-20,Direct,/blog/how-to-choose-running-shoes,11,10,0.5281,295.9,2.45,0.0,1
15861,2026-05-29,Social,/contact,8,7,0.7073,64.1,1.37,0.0,0
10803,2026-02-17,Organic Search,/checkout,3,3,0.2764,225.9,3.38,1.0,2
18958,2026-07-30,Direct,/checkout,4,4,0.2323,276.5,3.59,0.0,0
11388,2026-02-28,Direct,/about-us,5,5,0.4824,203.4,2.93,0.0,1
16569,2026-06-13,Organic Search,/product/running-shoes,29,27,0.4602,191.0,2.92,2.0,2
16133,2026-06-04,Paid Search,/product/running-shoes,24,20,0.4762,127.7,2.19,3.0,3
10395,2026-02-08,Direct,/contact,1,1,0.61,175.9,2.18,0.0,0
18493,2026-07-21,Social,/product/backpacks,9,8,0.5432,151.3,2.14,0.0,0
15915,2026-05-30,Direct,/product/winter-jackets,10,9,0.3697,227.6,2.58,0.0,1
10379,2026-02-08,Social,/product/running-shoes,6,5,0.5285,92.8,2.09,0.0,0
13270,2026-04-07,Direct,/home,23,19,0.328,207.4,2.78,1.0,1
18783,2026-07-27,Referral,/blog/how-to-choose-running-shoes,13,11,0.5224,280.5,1.57,0.0,1
10606,2026-02-13,Organic Search,/pricing,15,14,,178.6,2.77,1.0,4
16055,2026-06-02,Social,/product/backpacks,7,6,0.5852,109.5,1.48,0.0,1
11515,2026-03-03,Referral,/blog/how-to-choose-running-shoes,14,13,0.5814,263.2,1.43,1.0,2
10290,2026-02-06,Social,/checkout,9,8,,161.8,3.32,0.0,0
11272,2026-02-26,Social,/home,18,15,0.5176,101.3,1.83,0.0,0
12615,2026-03-25,Social,/product/running-shoes,13,12,0.5434,184.5,1.5,0.0,1
13028,2026-04-02,Direct,/about-us,7,6,0.5282,238.1,1.76,0.0,0
17689,2026-07-05,Referral,/about-us,4,4,0.5674,136.7,1.81,0.0,0
10276,2026-02-06,Referral,/blog/summer-sale-guide,1,1,0.5198,220.1,1.74,0.0,0
14143,2026-04-25,Paid Search,/blog/summer-sale-guide,14,13,0.7175,240.3,1.62,0.0,1
18890,2026-07-29,Social,/product/running-shoes,16,15,0.5838,125.9,2.28,1.0,1
10298,2026-02-06,Direct,/contact,3,3,0.5071,187.2,1.21,0.0,0
11918,2026-03-11,Social,/product/winter-jackets,13,11,0.5422,86.3,2.43,0.0,1
11520,2026-03-03,Referral,/checkout,2,2,0.21,283.6,4.0,0.0,0
12974,2026-04-01,Direct,/product/winter-jackets,10,9,0.2975,148.2,2.6,1.0,1
15416,2026-05-20,Direct,/product/winter-jackets,7,6,0.4886,232.8,2.54,1.0,1
17119,2026-06-24,Organic Search,/product/backpacks,24,23,0.3977,196.3,2.9,0.0,1
11382,2026-02-28,Direct,/home,14,13,0.2954,249.8,2.79,1.0,1
18972,2026-07-31,Paid Search,/product/backpacks,9,8,0.4687,191.2,2.13,0.0,0
14800,2026-05-08,Referral,/product/winter-jackets,8,7,0.35,238.6,2.44,0.0,0
15731,2026-05-27,Organic Search,/contact,12,11,0.6556,138.0,1.23,0.0,0
12535,2026-03-24,Organic Search,/product/running-shoes,37,34,0.3865,221.1,,2.0,2
17759,2026-07-06,Direct,/about-us,13,12,0.414,190.1,2.19,2.0,3
11550,2026-03-04,Organic Search,/checkout,9,9,0.3049,236.8,3.21,0.0,0
12678,2026-03-26,Direct,/blog/how-to-choose-running-shoes,12,10,0.4909,262.8,2.14,0.0,0
17646,2026-07-04,Social,/product/backpacks,5,4,0.6222,115.1,1.52,0.0,0
12773,2026-03-28,Direct,/home,19,18,0.3618,203.9,2.51,2.0,3
10483,2026-02-10,Social,/blog/summer-sale-guide,5,4,0.7488,149.3,1.61,0.0,0
15464,2026-05-21,Direct,/home,19,17,0.328,225.3,1.48,3.0,3
13010,2026-04-02,Referral,/pricing,6,6,0.3141,246.1,3.31,0.0,0
13687,2026-04-16,Organic Search,/pricing,19,16,0.3258,254.9,2.24,1.0,1
18797,2026-07-27,Social,/pricing,10,8,0.4486,147.8,3.08,0.0,0
14821,2026-05-08,Direct,/blog/how-to-choose-running-shoes,11,10,0.4986,271.0,3.22,0.0,0
14373,2026-04-29,Direct,/blog/summer-sale-guide,4,3,0.5718,291.9,2.21,0.0,0
17523,2026-07-02,Paid Search,/home,28,26,0.3848,133.5,2.46,4.0,5
11008,2026-02-21,Paid Search,/about-us,4,3,0.5516,86.3,1.7,0.0,0
12603,2026-03-25,Paid Search,/checkout,6,5,0.3838,188.5,3.07,1.0,2
15007,2026-05-12,Social,/product/winter-jackets,11,9,0.5984,146.6,1.6,1.0,1
17219,2026-06-26,Organic Search,/blog/how-to-choose-running-shoes,29,25,,248.9,1.15,1.0,2
12686,2026-03-27,Organic Search,/product/winter-jackets,21,20,0.4045,249.9,2.66,3.0,4
18341,2026-07-18,Social,/home,14,13,0.5503,114.2,2.29,1.0,1
16146,2026-06-04,Referral,/blog/how-to-choose-running-shoes,9,8,0.5257,212.4,1.76,1.0,1
17541,2026-07-02,Referral,/pricing,6,5,0.3994,183.8,2.61,0.0,1
15352,2026-05-19,Referral,/pricing,4,3,0.367,198.7,1.76,0.0,0
18613,2026-07-24,Organic Search,/blog/how-to-choose-running-shoes,23,20,0.6688,227.5,1.32,2.0,2
11798,2026-03-09,Paid Search,/home,24,21,0.3175,142.4,3.37,2.0,3
14321,2026-04-28,Direct,/product/backpacks,8,7,0.3546,258.5,3.0,1.0,1
11368,2026-02-28,Referral,/about-us,1,1,0.4517,161.7,2.4,0.0,0
12921,2026-03-31,Social,/checkout,5,4,0.3057,188.8,2.9,0.0,1
17566,2026-07-03,Organic Search,/product/backpacks,22,19,0.3162,177.6,2.97,2.0,2
17169,2026-06-25,Organic Search,/blog/how-to-choose-running-shoes,33,30,0.5126,280.3,2.33,1.0,1
15950,2026-05-31,Referral,/pricing,3,3,0.3279,217.7,2.7,0.0,0
11284,2026-02-26,Direct,/product/winter-jackets,11,10,0.2571,223.2,2.84,3.0,5
16027,2026-06-02,Organic Search,/blog/summer-sale-guide,25,23,0.6284,195.1,2.04,1.0,1
18715,2026-07-26,Organic Search,/about-us,12,11,0.5607,144.5,1.44,0.0,0
12880,2026-03-30,Direct,/pricing,3,3,0.2882,243.7,2.83,0.0,0
13754,2026-04-17,Referral,/blog/summer-sale-guide,10,9,0.5141,255.2,1.81,0.0,0
15780,2026-05-28,Organic Search,/about-us,16,15,0.4639,176.9,2.82,0.0,0
14178,2026-04-26,Organic Search,/home,35,30,0.4114,212.2,2.7,2.0,3
12899,2026-03-31,Paid Search,/contact,7,7,0.7307,124.4,1.0,0.0,0
12605,2026-03-25,Referral,/product/running-shoes,6,5,0.309,224.7,2.75,0.0,0
17369,2026-06-29,Organic Search,/about-us,17,15,0.563,146.6,2.36,1.0,1
17731,2026-07-06,Paid Search,/pricing,9,8,0.42,155.9,2.7,0.0,0
15770,2026-05-27,Direct,/about-us,6,6,0.3839,242.7,2.5,0.0,0
11150,2026-02-24,Organic Search,/pricing,16,15,0.3389,214.4,2.14,0.0,1
17417,2026-06-30,Organic Search,/blog/how-to-choose-running-shoes,48,47,0.6564,256.3,1.12,2.0,2
10107,2026-02-03,Organic Search,/about-us,10,8,0.5409,186.8,2.67,0.0,0
10599,2026-02-13,Organic Search,/product/running-shoes,24,20,0.3988,163.6,,1.0,1
17359,2026-06-28,Direct,/about-us,4,4,0.4102,226.2,2.29,0.0,0
14163,2026-04-25,Social,/blog/summer-sale-guide,5,4,0.711,108.9,1.51,,0
17480,2026-07-01,Paid Search,/contact,2,2,0.6343,162.4,1.46,0.0,0
12474,2026-03-22,Direct,/home,13,12,0.2906,246.0,3.24,1.0,1
15027,2026-05-13,Organic Search,/product/winter-jackets,18,17,0.4813,233.6,1.47,1.0,2
16346,2026-06-08,Referral,/contact,5,4,0.5247,157.7,1.5,1.0,1
10360,2026-02-08,Paid Search,/home,16,14,0.4411,129.6,2.72,1.0,1
12444,2026-03-22,Paid Search,/home,21,20,0.4894,155.7,2.25,0.0,1
13645,2026-04-15,Paid Search,/about-us,16,14,0.5458,109.8,,0.0,0
10170,2026-02-04,Paid Search,/checkout,2,2,0.3205,190.0,3.23,0.0,0
17989,2026-07-11,Referral,/contact,2,2,0.5656,123.1,1.84,0.0,0
18651,2026-07-24,Direct,/product/winter-jackets,10,10,0.3613,258.0,2.5,1.0,1
15320,2026-05-18,Direct,/about-us,3,3,0.4711,192.5,2.07,0.0,0
15911,2026-05-30,Social,/contact,3,3,0.7499,14.4,1.56,0.0,0
11870,2026-03-10,Social,/product/backpacks,8,7,0.5848,107.1,2.2,1.0,1
12266,2026-03-18,Social,/product/running-shoes,16,14,,133.3,2.26,0.0,0
15956,2026-05-31,Social,/blog/how-to-choose-running-shoes,13,12,0.7491,166.3,1.0,0.0,0
15289,2026-05-18,Paid Search,/blog/summer-sale-guide,10,9,0.6308,182.4,1.43,1.0,1
13131,2026-04-05,Organic Search,/home,24,23,0.3963,172.6,3.31,0.0,1
12512,2026-03-23,Referral,/pricing,3,3,0.313,255.4,3.07,0.0,0
19006,2026-07-31,Direct,/contact,4,3,0.531,171.4,1.91,0.0,0
10795,2026-02-17,Organic Search,/product/running-shoes,32,26,0.3518,249.0,2.72,2.0,3
10867,2026-02-18,Referral,/product/backpacks,9,8,0.3678,207.0,3.9,1.0,1
13925,2026-04-20,Direct,/about-us,6,5,0.4247,214.2,3.23,0.0,0
15869,2026-05-29,Direct,/blog/summer-sale-guide,9,8,0.5876,265.1,1.62,1.0,1
16775,2026-06-17,Organic Search,/contact,11,10,0.6153,96.2,1.45,0.0,0
14438,2026-05-01,Paid Search,/home,26,25,0.3401,140.5,3.48,1.0,2
15240,2026-05-17,Paid Search,/blog/summer-sale-guide,6,5,0.7168,186.5,1.72,0.0,0
17493,2026-07-01,Social,/home,29,27,0.5656,100.2,1.9,0.0,0
12244,2026-03-18,Organic Search,/checkout,6,5,0.2044,219.6,4.12,0.0,0
17585,2026-07-03,Referral,/product/winter-jackets,10,10,0.3274,257.4,2.97,0.0,0
14387,2026-04-30,Organic Search,/checkout,14,12,0.345,196.4,3.18,0.0,1
14160,2026-04-25,Social,/product/winter-jackets,7,6,0.6392,74.2,1.45,0.0,0
18048,2026-07-12,Social,/about-us,3,3,0.6533,81.7,1.61,1.0,1
13790,2026-04-18,Paid Search,/product/running-shoes,26,23,0.3741,147.4,2.48,5.0,6
13364,2026-04-09,Social,/blog/how-to-choose-running-shoes,25,23,0.729,198.2,1.69,0.0,1
17700,2026-07-05,Social,/contact,1,1,0.8435,15.4,1.0,0.0,0
12981,2026-04-01,Direct,/checkout,4,4,0.1366,277.6,4.08,0.0,0
17814,2026-07-08,Organic Search,/product/running-shoes,29,27,0.4041,159.4,1.41,2.0,2
12077,2026-03-14,Direct,/product/winter-jackets,5,4,0.3143,226.6,2.8,0.0,0
18503,2026-07-21,Direct,/product/backpacks,5,5,0.3515,213.9,2.72,0.0,0
16630,2026-06-14,Paid Search,/product/winter-jackets,19,16,0.5053,143.8,1.72,2.0,2
10601,2026-02-13,Organic Search,/product/backpacks,16,14,0.396,222.4,2.27,3.0,3
17579,2026-07-03,Paid Search,/about-us,7,7,0.5738,95.6,1.61,0.0,0
17360,2026-06-28,Direct,/contact,3,3,0.584,161.6,1.57,0.0,0
12623,2026-03-25,Social,/checkout,1,1,0.5068,105.3,1.85,0.0,0
15428,2026-05-21,Organic Search,/blog/how-to-choose-running-shoes,41,34,0.5212,219.9,1.46,0.0,0
18331,2026-07-18,Paid Search,/checkout,9,8,0.2668,186.4,3.66,1.0,1
10394,2026-02-08,Direct,/about-us,3,3,0.4405,173.9,2.52,0.0,0
17663,2026-07-05,Organic Search,/home,32,27,0.3286,184.3,3.13,1.0,3
13782,2026-04-18,Organic Search,/product/backpacks,10,9,0.5144,172.1,2.53,0.0,0
10766,2026-02-16,Referral,/product/winter-jackets,9,8,0.3509,231.5,3.07,0.0,0
18912,2026-07-30,Organic Search,/product/backpacks,19,17,0.3953,200.6,1.82,3.0,3
12680,2026-03-26,Direct,/about-us,4,4,0.3948,195.6,2.71,1.0,1
14391,2026-04-30,Paid Search,/product/backpacks,11,10,0.4485,155.9,2.25,1.0,1
10689,2026-02-14,Direct,/product/winter-jackets,7,7,0.3781,234.9,2.75,0.0,0
16827,2026-06-18,Paid Search,/home,34,32,0.4283,142.8,3.36,2.0,2
16254,2026-06-06,Social,/blog/how-to-choose-running-shoes,11,9,0.6444,153.1,1.67,0.0,0
15499,05-22-2026,Referral,/blog/summer-sale-guide,9,8,0.5511,256.5,2.07,1.0,1
11551,2026-03-04,Paid Search,/home,25,23,0.4653,145.3,2.54,2.0,2
12161,2026-03-16,Referral,/about-us,6,5,0.44,178.5,1.98,0.0,0
17168,2026-06-25,Organic Search,/product/backpacks,23,19,0.3839,219.8,3.32,2.0,2
13272,2026-04-07,Direct,/product/winter-jackets,14,13,0.2673,197.7,3.29,0.0,0
18699,2026-07-25,Direct,/home,16,14,0.2736,234.9,3.87,2.0,2
13905,2026-04-20,Referral,/about-us,6,6,0.5932,172.2,1.56,0.0,0
14301,2026-04-28,Referral,/product/backpacks,1,1,0.4326,151.7,2.71,0.0,0
18978,2026-07-31,Paid Search,/checkout,9,8,0.3628,173.1,3.22,1.0,2
12349,2026-03-20,Paid Search,/blog/summer-sale-guide,9,9,0.6693,228.1,2.0,0.0,0
12721,2026-03-27,Social,/contact,10,8,0.7649,43.2,1.58,0.0,0
18399,2026-07-19,Social,/pricing,9,9,0.4416,85.5,2.11,1.0,1
10349,2026-02-07,Direct,/checkout,4,4,0.1562,291.3,4.02,0.0,1
10700,2026-02-15,Organic Search,/product/backpacks,13,11,0.4193,199.6,3.21,1.0,1
17463,2026-07-01,Organic Search,/home,47,42,0.3252,209.3,2.69,0.0,0
18060,2026-07-12,Direct,/pricing,2,2,0.2794,266.6,3.06,0.0,0
15970,2026-05-31,Direct,/pricing,6,5,0.2859,221.3,2.54,0.0,0
15819,2026-05-28,Direct,/blog/summer-sale-guide,12,10,0.4882,279.6,2.37,0.0,1
18191,2026-07-15,Referral,/checkout,3,3,0.14,185.6,3.29,1.0,1
12556,2026-03-24,Referral,/product/winter-jackets,8,7,0.3614,202.6,2.8,0.0,1
17666,2026-07-05,Organic Search,/product/backpacks,17,16,0.3876,231.6,3.42,0.0,0
16048,2026-06-02,Referral,/about-us,5,4,0.4875,200.1,1.82,0.0,0
11338,2026-02-27,Direct,/about-us,6,5,0.4963,167.9,1.9,0.0,0
13721,2026-04-16,Direct,/product/winter-jackets,12,11,0.3463,257.7,2.9,0.0,0
11330,2026-02-27,Social,/pricing,4,4,0.4993,63.6,2.61,0.0,1
11612,2026-03-05,Referral,/product/running-shoes,12,10,0.3443,280.6,3.57,0.0,0
11481,2026-03-02,Direct,/home,16,15,,239.0,2.57,1.0,1
15116,2026-05-14,Direct,/product/running-shoes,22,19,0.3352,246.4,3.28,1.0,2
17521,2026-07-02,Organic Search,/pricing,8,7,0.2906,173.7,3.39,0.0,0
10458,2026-02-10,Paid Search,/home,26,22,0.3963,116.6,2.94,2.0,2
13930,2026-04-21,Organic Search,/product/running-shoes,38,35,,192.9,2.07,0.0,0
10013,2026-02-01,Paid Search,/product/winter-jackets,12,11,0.4704,153.7,2.26,0.0,0
18296,2026-07-17,Social,/blog/how-to-choose-running-shoes,12,11,0.7036,185.8,1.38,0.0,0
16001,2026-06-01,Referral,/checkout,4,4,,254.5,3.34,0.0,0
13288,2026-04-08,Organic Search,/pricing,13,11,0.2266,243.2,3.54,0.0,0
18541,2026-07-22,Social,/product/running-shoes,21,19,0.5888,136.5,1.3,0.0,0
16273,2026-06-07,Organic Search,/product/backpacks,11,9,0.4092,198.7,2.55,0.0,0
13100,2026-04-04,Paid Search,/checkout,1,1,0.2594,177.6,3.39,0.0,0
11553,2026-03-04,Paid Search,/product/winter-jackets,12,11,0.4638,169.9,2.47,1.0,1
16710,2026-06-15,Direct,/product/winter-jackets,9,8,0.3967,224.0,3.5,0.0,0
16919,2026-06-20,Organic Search,/product/winter-jackets,25,24,0.4288,136.1,2.89,1.0,1
14948,2026-05-11,Referral,/product/winter-jackets,9,9,0.356,,2.73,1.0,3
13569,2026-04-13,Direct,/home,19,16,0.2992,250.4,2.88,3.0,3
10793,2026-02-16,Direct,/checkout,1,1,0.1833,276.9,3.33,0.0,0
11184,2026-02-24,Direct,/product/winter-jackets,11,10,0.2731,277.0,4.06,1.0,1
17369,2026-06-29,Organic Search,/about-us,17,15,0.563,146.6,2.36,1.0,1
18151,2026-07-14,Social,/checkout,6,6,0.4665,117.4,1.7,1.0,1
10907,2026-02-19,Paid Search,/product/backpacks,6,6,0.4255,220.6,3.05,1.0,1
12431,2026-03-21,Direct,/contact,7,6,0.5065,157.4,2.73,0.0,1
14665,2026-05-05,Social,/contact,5,5,0.7757,48.9,1.23,0.0,0
18204,2026-07-15,Direct,/product/winter-jackets,7,7,0.3617,221.4,3.45,0.0,0
16308,2026-06-07,Social,/pricing,4,4,0.4169,108.6,1.71,0.0,0
16587,2026-06-13,Paid Search,/checkout,3,3,0.2711,223.2,3.29,0.0,0
12786,2026-03-29,Organic Search,/blog/how-to-choose-running-shoes,25,21,0.5573,237.9,2.13,0.0,0
17089,2026-06-23,Referral,/product/backpacks,11,9,0.4073,230.6,3.22,0.0,0
16795,2026-06-17,Referral,/pricing,7,6,0.3106,203.6,3.91,0.0,0
16366,2026-06-08,Direct,/contact,2,2,0.5042,158.5,2.38,0.0,0
11894,2026-03-11,Organic Search,/contact,12,12,0.5916,164.1,1.25,0.0,0
17028,2026-06-22,Paid Search,/product/winter-jackets,14,12,0.4156,148.5,2.47,1.0,1
17703,2026-07-05,Direct,/home,13,11,0.3038,174.4,2.4,0.0,0
17450,2026-06-30,Social,/contact,9,8,,30.5,1.22,0.0,0
16605,2026-06-13,Social,/contact,4,4,,11.2,1.14,0.0,0
10489,2026-02-10,Direct,/product/running-shoes,12,10,0.3536,242.5,2.72,1.0,2
14354,2026-04-29,Referral,/about-us,7,6,,158.0,3.32,2.0,2
10745,2026-02-16,Organic Search,/product/running-shoes,28,24,0.3295,270.9,2.82,3.0,3
10433,2026-02-09,Social,/blog/summer-sale-guide,18,17,0.7856,140.4,1.19,0.0,1
14784,2026-05-08,Organic Search,/about-us,18,17,0.5182,,2.49,0.0,0
17673,2026-07-05,Paid Search,/home,17,16,0.3871,203.2,3.22,3.0,4
18234,2026-07-16,Referral,/product/winter-jackets,9,8,0.4764,186.5,2.32,1.0,1
11580,2026-03-04,Social,/checkout,4,4,0.4802,115.3,2.08,0.0,0
16294,2026-06-07,Referral,/blog/how-to-choose-running-shoes,3,3,0.5421,245.7,2.96,0.0,0
16776,2026-06-17,Organic Search,/pricing,25,24,0.3878,216.4,2.07,3.0,4
16238,2026-06-06,Paid Search,/contact,6,5,0.6714,,2.14,0.0,1
12757,2026-03-28,Referral,/blog/how-to-choose-running-shoes,8,7,0.5646,226.4,2.25,0.0,0
16631,2026-06-14,Paid Search,/product/backpacks,6,6,0.4693,153.8,2.05,0.0,0
11665,2026-03-06,Referral,/blog/summer-sale-guide,3,3,0.6812,220.9,1.28,0.0,0
12347,2026-03-20,Paid Search,/product/backpacks,10,8,0.4984,150.0,2.25,1.0,1
11775,2026-03-08,Social,/contact,3,3,0.7307,26.1,1.32,0.0,0
17806,2026-07-07,Direct,/product/backpacks,12,10,0.294,242.9,3.14,1.0,1
14750,2026-05-07,Referral,/product/winter-jackets,7,6,0.3985,193.5,,0.0,0
15494,2026-05-22,Referral,/home,9,8,0.3486,208.8,2.19,0.0,0
16242,2026-06-06,Referral,/product/running-shoes,3,3,0.4346,206.9,2.35,1.0,2
16615,2026-06-13,Direct,/contact,9,8,0.5746,241.5,2.48,0.0,0
15595,2026-05-24,Referral,/product/running-shoes,12,11,0.4382,212.4,2.5,1.0,1
10508,2026-02-11,Paid Search,/home,21,18,0.4725,145.6,1.69,0.0,0
10765,2026-02-16,Referral,/product/running-shoes,8,7,0.4036,203.5,2.54,0.0,0
17172,2026-06-25,Organic Search,/contact,9,9,0.5792,103.9,1.62,0.0,0
19003,2026-07-31,Direct,/blog/how-to-choose-running-shoes,16,14,0.5636,280.4,1.31,0.0,0
12875,2026-03-30,Direct,/product/backpacks,7,6,0.3596,194.3,2.72,1.0,1
11771,2026-03-08,Social,/product/backpacks,4,3,0.5823,84.8,1.12,0.0,0
15763,2026-05-27,Social,/checkout,6,6,0.4867,109.5,2.31,2.0,2
12735,2026-03-28,Organic Search,/product/winter-jackets,21,19,0.3856,194.0,2.56,2.0,2
14675,2026-05-05,Direct,/contact,5,4,0.5292,148.5,2.34,0.0,0
15706,2026-05-26,Social,/product/winter-jackets,14,14,0.5719,112.8,1.62,0.0,0
17517,2026-07-02,Organic Search,/blog/how-to-choose-running-shoes,31,29,0.507,213.4,1.32,0.0,2
16176,2026-06-05,Organic Search,/blog/summer-sale-guide,34,32,0.5755,245.9,1.32,1.0,3
18267,2026-07-17,Organic Search,/blog/summer-sale-guide,30,28,0.6521,237.4,1.16,0.0,1
10422,2026-02-09,Referral,/blog/how-to-choose-running-shoes,12,10,,219.7,2.77,0.0,0
17389,2026-06-29,Referral,/about-us,5,4,0.5141,184.1,1.26,0.0,0
15895,2026-05-30,Referral,/product/running-shoes,8,7,0.3911,161.7,2.75,0.0,0
10691,2026-02-14,Direct,/blog/how-to-choose-running-shoes,5,4,0.4583,283.9,2.46,0.0,0
18726,2026-07-26,Paid Search,/contact,10,9,0.6407,65.1,1.43,0.0,1
11289,2026-02-26,Direct,/contact,3,3,0.5467,112.9,1.84,1.0,1
14336,2026-04-29,Organic Search,/pricing,18,16,0.3094,203.7,2.85,1.0,1
14817,2026-05-08,Direct,/home,16,14,0.314,195.5,2.7,2.0,2
15842,2026-05-29,Paid Search,/pricing,11,10,0.3543,,2.91,2.0,4
18994,2026-07-31,Social,/blog/summer-sale-guide,15,14,0.7947,54.5,1.0,0.0,0
15696,2026-05-26,Referral,/product/winter-jackets,4,4,0.2884,241.4,3.54,0.0,1
17839,2026-07-08,Referral,/about-us,7,7,0.4507,160.6,2.66,0.0,0
16624,2026-06-14,Organic Search,/about-us,14,12,0.486,109.6,2.37,1.0,1
16997,2026-06-21,Social,/home,11,9,0.5124,,2.5,0.0,0
15875,2026-05-30,Organic Search,/product/running-shoes,32,27,0.4401,221.8,2.4,1.0,1
13650,2026-04-15,Referral,/product/running-shoes,15,14,0.3088,201.7,3.31,1.0,1
12573,2026-03-24,Social,/checkout,4,4,0.4582,108.4,3.15,0.0,0
10904,2026-02-19,Paid Search,/home,16,14,0.4499,139.4,3.07,1.0,1
15545,2026-05-23,Referral,/product/running-shoes,2,2,0.341,177.2,3.3,0.0,0
15966,2026-05-31,Direct,/blog/how-to-choose-running-shoes,6,5,0.5044,311.6,2.61,1.0,1
15656,2026-05-25,Social,/product/winter-jackets,11,9,0.5943,121.0,1.87,0.0,0
18619,2026-07-24,Paid Search,/home,16,15,0.442,172.6,2.38,0.0,0
11312,2026-02-27,Referral,/home,13,11,0.4091,274.9,2.23,0.0,0
14297,2026-04-28,Paid Search,/checkout,7,6,0.3053,228.1,3.17,2.0,2
13119,2026-04-04,Social,/pricing,6,5,0.5122,121.1,2.32,1.0,2
10804,2026-02-17,Paid Search,/home,21,20,0.4846,147.8,2.62,1.0,1
12827,2026-03-29,Direct,/blog/summer-sale-guide,8,7,0.4872,262.0,2.74,0.0,0
18368,2026-07-19,Organic Search,/contact,13,11,0.6866,146.9,1.04,0.0,1
14748,2026-05-07,Referral,/home,11,10,0.4741,239.9,2.43,0.0,0
16637,2026-06-14,Paid Search,/checkout,3,3,0.1909,149.9,3.48,1.0,1
13394,2026-04-10,Paid Search,/blog/how-to-choose-running-shoes,28,26,0.5894,216.3,1.4,,0
12527,2026-03-23,Direct,/product/backpacks,6,6,0.3776,220.9,3.06,0.0,0
10344,2026-02-07,Direct,/product/backpacks,3,3,0.3301,231.5,2.45,0.0,1
11331,2026-02-27,Social,/checkout,6,5,0.3801,131.4,3.13,0.0,0
13993,2026-04-22,Paid Search,/blog/how-to-choose-running-shoes,16,15,0.6692,239.3,1.99,0.0,1
17140,2026-06-24,Referral,/blog/how-to-choose-running-shoes,10,10,0.5438,191.8,2.06,0.0,1
18017,2026-07-12,Organic Search,/blog/summer-sale-guide,18,16,0.5936,258.1,1.1,0.0,0
16768,2026-06-17,Organic Search,/home,42,41,0.4043,145.3,2.66,3.0,3
15151,2026-05-15,Referral,/about-us,4,3,0.3793,192.0,3.03,0.0,0
14383,2026-04-30,Organic Search,/blog/summer-sale-guide,27,24,0.6244,190.4,1.5,0.0,0
18945,2026-07-30,Social,/about-us,8,7,0.6661,26.4,1.71,0.0,0
17443,2026-06-30,Social,/home,24,20,0.5747,59.4,2.6,1.0,1
11941,2026-03-12,Organic Search,/blog/summer-sale-guide,23,19,0.7062,268.2,2.27,1.0,1
13174,2026-04-05,Direct,/blog/how-to-choose-running-shoes,7,7,0.4656,279.5,2.69,0.0,0
17682,2026-07-05,Paid Search,/checkout,2,2,0.3395,147.5,3.67,0.0,0
17506,2026-07-01,Direct,/product/backpacks,7,6,0.3344,158.1,2.99,0.0,0
18496,2026-07-21,Social,/about-us,9,9,0.6951,43.2,1.45,0.0,0
11577,2026-03-04,Social,/about-us,7,6,0.6513,,1.93,0.0,0
16502,2026-06-11,Social,/blog/how-to-choose-running-shoes,10,9,0.8078,157.9,1.0,0.0,0
12192,2026-03-17,Organic Search,/contact,8,7,0.6825,83.4,1.03,0.0,0
15738,2026-05-27,Paid Search,/blog/how-to-choose-running-shoes,22,19,0.6299,193.6,1.68,2.0,2
12102,2026-03-15,Paid Search,/contact,4,3,0.6906,129.0,1.0,0.0,0
16680,2026-06-15,Paid Search,/product/winter-jackets,13,12,0.4434,127.1,2.74,0.0,0
15637,2026-05-25,Paid Search,/product/backpacks,9,9,0.4176,106.4,2.42,2.0,2
11086,2026-02-22,Direct,/blog/how-to-choose-running-shoes,5,4,0.5015,292.4,2.48,0.0,0
12470,2026-03-22,Social,/about-us,9,8,0.6997,34.4,2.52,0.0,0
18249,2026-07-16,Social,/contact,7,6,0.8115,15.5,1.11,0.0,0
13328,2026-04-08,Direct,/pricing,4,4,0.2413,263.3,2.71,0.0,0
18141,2026-07-14,Referral,/checkout,3,3,0.1303,206.5,4.24,0.0,1
14064,2026-04-23,Social,/about-us,7,6,0.6691,93.1,1.8,0.0,0
13426,2026-04-10,Direct,/about-us,3,3,0.4346,208.1,2.79,0.0,0
11123,2026-02-23,Social,/product/running-shoes,22,19,0.5547,172.0,1.25,1.0,1
14264,2026-04-27,Social,/about-us,3,3,0.7399,56.9,1.0,0.0,0
13490,2026-04-12,Paid Search,/product/running-shoes,27,25,0.4266,157.2,2.53,2.0,3
17803,2026-07-07,Direct,/home,18,15,0.2317,196.7,3.25,0.0,0
11805,2026-03-09,Paid Search,/contact,8,7,0.6928,44.5,1.28,0.0,0
15137,2026-05-15,Paid Search,/product/winter-jackets,13,12,0.3791,183.3,2.78,0.0,0
10012,2026-02-01,Paid Search,/product/running-shoes,13,11,0.3832,207.5,3.35,1.0,2
15539,2026-05-23,Paid Search,/blog/summer-sale-guide,9,8,0.713,186.0,1.8,0.0,0
17527,2026-07-02,Paid Search,/blog/how-to-choose-running-shoes,23,20,0.5736,204.9,2.03,1.0,1
17888,2026-07-09,Referral,/blog/summer-sale-guide,8,7,0.6437,246.4,2.47,0.0,0
15463,2026-05-21,Social,/checkout,4,4,0.5075,164.3,2.74,0.0,0
13805,2026-04-18,Referral,/about-us,5,5,0.4764,136.5,2.64,1.0,1
13616,2026-04-14,Social,/contact,7,6,0.8337,10.0,1.0,0.0,0
12281,2026-03-18,Direct,/about-us,9,8,0.3554,163.9,3.27,0.0,0
17816,2026-07-08,Organic Search,/product/backpacks,20,19,0.4265,246.9,2.5,1.0,1
10146,2026-02-03,Direct,/blog/summer-sale-guide,5,5,0.6201,279.6,1.22,0.0,0
14408,2026-04-30,Social,/home,22,20,0.5641,66.2,1.51,1.0,1
11044,2026-02-22,Organic Search,/product/winter-jackets,21,17,0.4153,222.4,2.22,0.0,0
14065,2026-04-23,Social,/contact,8,7,0.7426,43.5,1.06,0.0,0
13586,2026-04-14,Organic Search,/contact,11,10,0.592,111.0,1.17,0.0,0
15547,2026-05-23,Referral,/product/backpacks,1,1,0.3656,183.2,2.77,0.0,0
14584,2026-05-04,Organic Search,/about-us,22,21,,139.6,2.77,0.0,0
15632,2026-05-25,Organic Search,/pricing,18,15,0.3624,195.3,3.54,0.0,0
12412,2026-03-21,Referral,/pricing,2,2,0.3411,201.1,3.09,0.0,0
18092,2026-07-13,Social,/home,26,22,0.5372,61.5,2.24,2.0,2
16812,2026-06-17,Direct,/blog/summer-sale-guide,12,11,0.5239,188.8,1.38,0.0,0
13719,2026-04-16,Direct,/home,19,17,0.275,237.9,3.37,0.0,0
12428,2026-03-21,Direct,/blog/how-to-choose-running-shoes,13,11,0.4543,250.5,1.97,1.0,2
12738,2026-03-28,Organic Search,/blog/summer-sale-guide,12,12,0.5217,225.5,2.51,1.0,1
15318,2026-05-18,Direct,/blog/how-to-choose-running-shoes,9,8,0.5236,324.1,1.0,0.0,0
10774,2026-02-16,Social,/home,17,15,0.5571,104.9,2.12,0.0,0
15334,2026-05-19,Paid Search,/home,32,28,0.4052,162.2,3.29,0.0,0
11912,2026-03-11,Referral,/blog/summer-sale-guide,8,7,0.6396,256.5,1.41,0.0,0
17399,2026-06-29,Social,/about-us,6,5,0.6583,11.5,1.6,0.0,0
17469,2026-07-01,Organic Search,/about-us,10,8,0.4779,128.2,2.3,0.0,0
11288,2026-02-26,Direct,/about-us,7,6,0.4418,248.7,2.96,0.0,0
13232,2026-04-07,Organic Search,/product/winter-jackets,36,33,0.4488,203.5,2.18,1.0,2
12712,2026-03-27,Referral,/pricing,4,3,0.2922,223.5,3.11,0.0,0
13291,2026-04-08,Paid Search,/product/running-shoes,28,25,0.5226,123.7,2.02,1.0,2
12978,2026-04-01,Direct,/about-us,6,5,0.4584,229.4,2.45,0.0,0
10950,2026-02-20,Organic Search,/contact,10,9,0.5991,125.8,2.18,0.0,0
12998,2026-04-02,Paid Search,/about-us,7,6,0.559,129.8,1.82,1.0,1
17274,2026-06-27,Paid Search,/home,24,23,,108.8,2.32,4.0,4
14610,2026-05-04,Social,/product/winter-jackets,17,14,0.6384,54.4,2.24,1.0,2
17181,2026-06-25,Paid Search,/about-us,11,10,0.582,111.0,2.1,0.0,0
10634,2026-02-13,Social,/about-us,2,2,0.7222,67.4,1.29,0.0,0
18911,2026-07-30,Organic Search,/product/winter-jackets,26,22,0.4966,224.8,2.73,0.0,0
13089,2026-04-04,Organic Search,/pricing,11,10,0.2605,258.8,,2.0,2
15635,2026-05-25,Paid Search,/product/running-shoes,22,19,0.4141,210.4,3.12,0.0,0
13209,2026-04-06,Referral,/checkout,1,1,0.2345,293.2,3.75,0.0,0
14843,2026-05-09,Paid Search,/about-us,7,6,0.6188,100.2,1.94,0.0,0
15014,2026-05-12,Social,/checkout,3,3,0.441,159.7,2.99,0.0,1
18908,2026-07-29,Direct,/checkout,4,3,0.2291,275.3,2.82,0.0,0
10714,2026-02-15,Paid Search,/contact,4,3,0.587,53.1,1.61,0.0,0
13760,2026-04-17,Social,/product/running-shoes,34,29,0.5976,120.1,1.71,2.0,3
16940,2026-06-20,Referral,/product/backpacks,7,6,0.4782,198.4,2.38,1.0,1
14487,2026-05-02,Organic Search,/checkout,5,5,0.3482,251.0,2.74,0.0,1
18018,2026-07-12,Organic Search,/about-us,12,11,0.5215,164.6,1.98,0.0,0
11590,2026-03-04,Direct,/checkout,3,3,0.2252,323.6,4.17,1.0,1
16270,2026-06-07,Organic Search,/home,41,37,0.353,191.1,3.42,1.0,3
13998,2026-04-22,Paid Search,/checkout,3,3,0.3238,137.7,3.22,0.0,0
13087,2026-04-04,Organic Search,/about-us,11,9,0.5212,134.0,2.21,0.0,1
12340,2026-03-20,Organic Search,/about-us,12,10,0.5282,157.9,2.74,1.0,1
10908,2026-02-19,Paid Search,/blog/how-to-choose-running-shoes,6,5,0.5725,200.9,2.53,0.0,0
16171,2026-06-05,Organic Search,/home,45,41,0.2622,199.8,3.47,0.0,1
10572,2026-02-12,Referral,/blog/how-to-choose-running-shoes,8,7,0.573,238.1,1.85,0.0,0
12363,2026-03-20,Referral,/checkout,1,1,,159.6,3.05,0.0,0
15527,2026-05-23,Organic Search,/product/backpacks,15,13,0.3805,183.3,3.2,1.0,2
15291,2026-05-18,Paid Search,/contact,4,4,0.7189,79.3,1.43,0.0,0
12532,2026-03-23,Direct,/pricing,9,9,0.2769,315.4,3.25,0.0,0
11834,2026-03-09,Direct,/contact,8,7,0.6228,152.5,1.67,1.0,1
15894,2026-05-30,Referral,/home,9,7,0.3515,255.5,2.95,0.0,0
16684,2026-06-15,Paid Search,/about-us,8,7,0.5251,187.5,2.14,0.0,0
18937,2026-07-30,Referral,/pricing,7,6,0.3197,,3.92,1.0,1
14054,2026-04-23,Referral,/blog/summer-sale-guide,5,5,0.5966,211.6,2.08,0.0,0
10477,2026-02-10,Referral,/checkout,4,4,0.2711,218.1,3.49,0.0,0
18679,2026-07-25,Referral,/home,16,15,0.3611,233.4,3.94,0.0,0
17248,2026-06-26,Social,/blog/how-to-choose-running-shoes,13,12,,165.0,1.21,0.0,0
16759,2026-06-16,Direct,/product/running-shoes,13,13,0.4321,201.2,2.44,0.0,0
18432,2026-07-20,Referral,/product/winter-jackets,10,9,0.337,192.3,3.38,1.0,1
18869,2026-07-29,Paid Search,/home,34,32,0.4271,146.8,3.18,0.0,0
14873,2026-05-09,Direct,/about-us,4,4,0.4465,255.9,1.93,0.0,0
18805,2026-07-27,Direct,/about-us,6,5,0.3864,131.7,2.85,0.0,0
11841,2026-03-10,Organic Search,/blog/how-to-choose-running-shoes,21,20,0.6255,273.5,1.36,0.0,0
10163,2026-02-04,Paid Search,/product/winter-jackets,16,14,0.5048,168.0,2.16,0.0,0
11751,2026-03-08,Paid Search,/product/winter-jackets,7,7,0.4921,186.2,3.22,0.0,0
11644,2026-03-06,Organic Search,/blog/how-to-choose-running-shoes,24,21,0.5978,236.8,1.29,0.0,0
17691,2026-07-05,Referral,/pricing,6,5,0.3154,229.5,3.1,2.0,4
10101,2026-02-03,Organic Search,/home,41,39,0.3362,184.9,3.1,4.0,5
12269,2026-03-18,Social,/blog/how-to-choose-running-shoes,10,9,0.6405,187.3,1.73,0.0,0
16553,2026-06-12,Social,/blog/summer-sale-guide,16,15,0.775,88.4,1.15,0.0,0
11810,2026-03-09,Referral,/product/winter-jackets,7,6,0.3405,211.9,3.12,2.0,2
13933,2026-04-21,Organic Search,/blog/how-to-choose-running-shoes,29,28,0.5564,240.7,1.66,0.0,1
12483,2026-03-22,Direct,/checkout,2,2,0.2346,293.0,3.37,0.0,0
10409,2026-02-09,Paid Search,/product/running-shoes,22,18,0.525,162.8,2.13,2.0,2
15479,2026-05-22,Organic Search,/blog/summer-sale-guide,24,20,0.5418,250.4,2.33,,1
17041,2026-06-22,Referral,/blog/summer-sale-guide,7,6,0.4771,243.4,2.85,0.0,0
11347,2026-02-28,Organic Search,/blog/summer-sale-guide,23,20,0.6508,197.1,2.44,1.0,1
17051,2026-06-22,Social,/blog/summer-sale-guide,12,11,0.7535,84.2,1.0,0.0,0
12451,2026-03-22,Paid Search,/contact,4,4,0.7117,105.7,1.36,0.0,0
15090,2026-05-14,Paid Search,/blog/summer-sale-guide,22,18,0.6311,145.3,1.85,1.0,1
11668,2026-03-06,Referral,/pricing,6,5,0.3793,256.9,2.86,1.0,1
13143,2026-04-05,Paid Search,/product/winter-jackets,25,23,0.5155,115.4,2.89,3.0,4
13488,2026-04-12,Organic Search,/checkout,5,4,0.3048,263.1,3.32,2.0,2
13641,2026-04-15,Paid Search,/product/winter-jackets,22,21,0.4376,143.8,2.39,0.0,1
16498,2026-06-11,Social,/home,21,18,0.3958,60.6,2.67,0.0,0
14140,2026-04-25,Paid Search,/product/winter-jackets,7,6,0.4583,187.6,2.43,1.0,1
15834,2026-05-29,Paid Search,/home,19,16,0.4079,,2.55,1.0,2
10275,2026-02-06,Referral,/blog/how-to-choose-running-shoes,14,12,0.5167,256.2,2.17,0.0,0
11452,2026-03-02,Paid Search,/product/running-shoes,11,9,0.3836,109.7,2.81,0.0,1
14236,2026-04-27,Organic Search,/pricing,20,19,0.3832,252.3,2.91,2.0,2
16140,2026-06-04,Paid Search,/pricing,5,4,0.4969,214.7,2.27,1.0,1
16114,2026-06-03,Direct,/product/winter-jackets,13,12,0.3054,214.3,,2.0,2
10856,2026-02-18,Paid Search,/product/winter-jackets,11,11,0.4769,220.8,2.0,0.0,1
15605,2026-05-24,Social,/product/running-shoes,9,7,0.4924,112.4,2.32,1.0,1
10249,2026-02-05,Direct,/pricing,5,4,0.2549,242.1,3.16,2.0,2
15444,2026-05-21,Referral,/home,18,17,0.3615,197.7,3.37,,0
11850,2026-03-10,Paid Search,/product/backpacks,12,11,0.5016,151.4,1.76,1.0,1
18595,2026-07-23,Social,/about-us,7,6,0.6825,47.5,1.04,0.0,0
13486,2026-04-12,Organic Search,/contact,14,13,0.6578,91.3,1.72,0.0,0
14256,2026-04-27,Referral,/pricing,4,3,0.3457,236.8,2.45,0.0,0
15725,2026-05-27,Organic Search,/product/running-shoes,38,36,0.3712,138.2,2.86,2.0,3
16700,2026-06-15,Social,/product/winter-jackets,15,14,0.5886,112.8,1.47,0.0,0
18774,2026-07-27,Paid Search,/blog/summer-sale-guide,18,15,0.7098,189.7,1.42,0.0,1
17967,2026-07-11,Organic Search,/blog/summer-sale-guide,17,16,0.6387,275.0,1.59,0.0,0
17984,2026-07-11,Referral,/product/winter-jackets,10,9,0.3737,184.8,2.24,0.0,0
12424,2026-03-21,Direct,/home,16,14,0.2205,251.5,3.12,1.0,1
11079,2026-02-22,Social,/contact,3,3,0.7256,31.8,1.18,0.0,0
14268,2026-04-27,Direct,/home,22,19,0.3749,270.1,3.09,1.0,1
18408,2026-07-19,Direct,/pricing,4,3,0.2743,258.9,3.27,0.0,1
14867,2026-05-09,Direct,/home,14,12,0.2238,221.7,2.85,1.0,1
13197,2026-04-06,Paid Search,/contact,13,12,0.6647,75.5,1.98,0.0,0
10562,2026-02-12,Paid Search,/blog/how-to-choose-running-shoes,12,11,0.7245,248.5,1.0,0.0,0
17611,2026-07-03,Direct,/pricing,4,4,0.2049,256.7,4.44,0.0,0
18923,2026-07-30,Paid Search,/blog/how-to-choose-running-shoes,21,20,0.6365,227.1,2.0,1.0,1
11506,2026-03-03,Paid Search,/blog/summer-sale-guide,17,16,0.6633,161.0,1.59,0.0,0
13248,2026-04-07,Paid Search,/pricing,17,15,0.3278,150.5,2.93,2.0,2
17294,2026-06-27,Social,/home,16,14,0.5168,89.2,2.88,0.0,0
14615,2026-05-04,Social,/contact,5,5,,30.9,1.0,0.0,0
16156,2026-06-04,Social,/blog/summer-sale-guide,23,20,0.8142,149.3,1.0,0.0,0
18385,2026-07-19,Referral,/blog/how-to-choose-running-shoes,13,12,0.4831,296.3,2.12,1.0,2
10963,2026-02-20,Referral,/home,11,10,0.2619,186.0,2.94,0.0,0
16012,2026-06-01,Direct,/home,19,16,0.2401,268.1,3.61,1.0,2
16185,2026-06-05,Paid Search,/blog/how-to-choose-running-shoes,14,13,0.6044,201.0,1.46,1.0,1
10284,2026-02-06,Social,/product/backpacks,6,5,0.6778,34.0,1.59,1.0,1
18098,2026-07-13,Social,/about-us,4,4,0.7599,80.2,1.36,0.0,0
12756,2026-03-28,Referral,/product/backpacks,8,7,0.429,219.8,1.95,0.0,0
10709,2026-02-15,Paid Search,/product/winter-jackets,8,7,0.5026,151.9,2.11,1.0,1
13784,2026-04-18,Organic Search,/blog/summer-sale-guide,20,18,,154.3,1.01,1.0,1
15760,2026-05-27,Social,/about-us,9,8,0.6901,89.6,1.1,0.0,0
17786,2026-07-07,Referral,/product/backpacks,8,7,0.3471,197.6,3.0,0.0,0
14617,2026-05-04,Social,/checkout,5,5,0.4095,181.5,2.86,2.0,2
13508,2026-04-12,Referral,/checkout,3,3,0.2542,199.8,2.79,1.0,1
11776,2026-03-08,Social,/pricing,6,6,0.436,132.4,1.42,0.0,0
10760,2026-02-16,Paid Search,/about-us,7,6,0.569,92.9,2.54,0.0,0
17573,2026-07-03,Paid Search,/home,33,30,0.472,153.6,2.12,3.0,3
17420,2026-06-30,Organic Search,/contact,11,10,0.6243,136.4,1.58,0.0,0
16350,2026-06-08,Social,/product/running-shoes,21,18,0.5156,122.6,2.34,0.0,1
18544,2026-07-22,Social,/blog/how-to-choose-running-shoes,11,10,0.735,,1.36,0.0,0
17434,2026-06-30,Referral,/product/running-shoes,15,14,0.3477,216.2,3.42,2.0,2
14133,2026-04-25,Organic Search,/blog/summer-sale-guide,23,20,0.7051,220.9,1.72,0.0,1
14123,2026-04-24,Direct,/blog/summer-sale-guide,8,7,0.5819,248.1,1.76,0.0,0
10897,2026-02-19,Organic Search,/product/backpacks,13,12,0.5161,246.1,2.47,,0
14182,2026-04-26,Organic Search,/blog/how-to-choose-running-shoes,19,18,0.5954,237.5,1.77,1.0,1
18582,2026-07-23,Referral,/product/winter-jackets,11,10,0.3019,264.8,3.5,0.0,2
10805,2026-02-17,Paid Search,/product/running-shoes,19,18,0.3905,167.8,3.15,2.0,2
12882,2026-03-31,Organic Search,/home,39,36,0.4587,222.0,2.82,0.0,1
17252,2026-06-26,Social,/pricing,9,8,0.4498,72.4,1.95,0.0,0
17637,2026-07-04,Referral,/blog/how-to-choose-running-shoes,9,8,0.6159,307.5,1.5,0.0,0
17902,2026-07-09,Direct,/home,21,18,0.218,241.5,3.68,0.0,0
11739,2026-03-08,Organic Search,/home,26,22,0.3375,204.6,2.89,1.0,1
12128,2026-03-15,Direct,/product/backpacks,2,2,0.3604,279.4,2.59,0.0,0
14972,2026-05-11,Direct,/contact,4,4,0.5097,153.1,2.22,0.0,0
10148,2026-02-03,Direct,/contact,6,5,0.6013,138.3,1.67,0.0,1
13107,2026-04-04,Referral,/about-us,3,3,0.5418,223.8,2.25,0.0,0
11701,2026-03-07,Paid Search,/product/running-shoes,11,10,0.4718,165.1,2.5,0.0,0
11094,2026-02-23,Organic Search,/product/winter-jackets,27,24,0.3538,200.6,3.09,2.0,4
16209,2026-06-05,Social,/pricing,11,10,0.479,82.7,2.04,2.0,2
15947,2026-05-31,Referral,/blog/how-to-choose-running-shoes,8,8,0.4779,270.7,2.65,1.0,1
10928,2026-02-19,Social,/blog/summer-sale-guide,14,13,0.782,139.0,1.2,1.0,1
13761,2026-04-17,Social,/product/winter-jackets,21,18,0.5133,156.3,2.51,0.0,1
10528,2026-02-11,Social,/home,19,16,0.5139,135.6,2.01,0.0,0
11263,2026-02-26,Referral,/product/running-shoes,13,11,0.4518,252.3,3.1,0.0,1
18905,2026-07-29,Direct,/about-us,8,7,0.4927,220.3,2.33,0.0,0
14435,2026-05-01,Organic Search,/contact,10,9,0.6274,104.2,1.73,1.0,1
18032,2026-07-12,Referral,/home,18,16,0.3674,,2.93,0.0,0
12949,2026-04-01,Paid Search,/contact,7,6,0.6922,78.6,1.46,0.0,0
14896,2026-05-10,Paid Search,/checkout,7,6,0.3002,157.0,3.06,0.0,1
12614,2026-03-25,Social,/home,13,12,0.5484,77.5,2.38,0.0,0
17136,2026-06-24,Referral,/home,13,11,0.3004,229.4,2.86,1.0,1
13136,2026-04-05,Organic Search,/blog/summer-sale-guide,21,20,0.6274,223.6,1.45,0.0,0
16455,2026-06-10,Social,/contact,4,4,0.8165,81.2,1.0,0.0,0
14377,2026-04-29,Direct,/checkout,5,4,0.1652,291.5,3.89,1.0,1
10382,2026-02-08,Social,/blog/how-to-choose-running-shoes,11,9,0.7743,153.7,1.75,0.0,0
10486,2026-02-10,Social,/pricing,5,4,0.5256,154.7,1.0,0.0,0
12572,2026-03-24,Social,/pricing,9,8,0.4648,123.0,2.72,0.0,0
12329,2026-03-19,Direct,/blog/summer-sale-guide,11,10,0.4859,292.3,2.42,0.0,0
15798,2026-05-28,Referral,/blog/how-to-choose-running-shoes,9,8,0.552,261.9,2.3,0.0,0
17799,2026-07-07,Social,/about-us,12,12,0.6806,60.8,2.09,0.0,0
15199,2026-05-16,Referral,/blog/how-to-choose-running-shoes,11,10,0.5292,309.0,2.26,0.0,1
10597,2026-02-12,Direct,/checkout,2,2,0.1361,276.7,4.48,0.0,0
11414,2026-03-01,Referral,/product/winter-jackets,7,7,0.3292,155.8,2.64,0.0,0
15395,2026-05-20,Referral,/product/running-shoes,10,9,0.3181,221.4,3.33,0.0,0
15691,2026-05-26,Paid Search,/contact,7,7,0.6941,105.0,1.64,1.0,1
13685,2026-04-16,Organic Search,/about-us,6,5,0.5549,176.2,1.94,0.0,0
14589,2026-05-04,Paid Search,/product/running-shoes,11,11,0.4325,175.6,2.78,0.0,0
15892,2026-05-30,Paid Search,/pricing,8,7,0.4064,96.5,2.76,0.0,0
12627,2026-03-25,Direct,/product/backpacks,5,4,0.2581,210.5,3.16,0.0,0
10580,2026-02-12,Social,/product/winter-jackets,14,12,0.4419,151.7,2.5,0.0,1
15899,2026-05-30,Referral,/blog/summer-sale-guide,7,7,0.4997,275.8,2.62,,0
12656,2026-03-26,Referral,/product/winter-jackets,11,9,0.2855,169.0,4.05,0.0,0
14703,2026-05-06,Referral,/blog/summer-sale-guide,11,10,,266.8,1.95,0.0,0
18063,2026-07-13,Organic Search,/product/running-shoes,45,37,0.4923,241.5,2.78,2.0,5
18230,2026-07-16,Paid Search,/pricing,11,10,0.4287,174.5,2.52,1.0,1
13778,2026-04-17,Direct,/checkout,5,5,0.1828,231.5,4.08,2.0,2
14739,2026-05-07,Paid Search,/product/running-shoes,20,16,0.3828,169.6,1.98,0.0,0
18615,2026-07-24,Organic Search,/about-us,4,4,0.5092,115.1,1.86,0.0,0
14881,2026-05-10,Organic Search,/blog/how-to-choose-running-shoes,21,18,0.5777,259.1,1.51,1.0,1
13795,2026-04-18,Paid Search,/about-us,8,8,0.6661,141.5,1.61,0.0,0
12469,2026-03-22,Social,/blog/summer-sale-guide,5,4,0.7575,129.0,1.0,0.0,0
17686,2026-07-05,Referral,/product/backpacks,3,3,0.4348,194.6,2.03,0.0,0
11830,2026-03-09,Direct,/product/backpacks,6,6,,225.9,3.69,1.0,1
10787,2026-02-16,Direct,/product/backpacks,9,7,0.3814,274.9,2.7,1.0,1
12722,2026-03-27,Social,/pricing,6,5,0.4814,68.0,2.86,0.0,0
12193,2026-03-17,Organic Search,/pricing,10,8,0.3653,217.9,2.96,0.0,1
12138,2026-03-16,Organic Search,/product/backpacks,21,18,0.4731,242.0,1.62,1.0,2
12569,2026-03-24,Social,/blog/summer-sale-guide,12,12,0.7494,130.0,1.19,0.0,0
18424,2026-07-20,Paid Search,/blog/how-to-choose-running-shoes,12,10,0.6264,225.8,2.19,1.0,2
11982,2026-03-12,Direct,/about-us,9,8,0.4686,,2.46,1.0,1
11437,2026-03-01,Direct,/about-us,4,4,0.4646,197.8,2.5,0.0,0
16682,2026-06-15,Paid Search,/blog/how-to-choose-running-shoes,22,21,0.5046,268.6,1.98,1.0,2
11179,2026-02-24,Social,/contact,6,5,0.8302,10.0,1.0,0.0,0
18120,2026-07-14,Organic Search,/pricing,18,17,0.3879,194.4,3.47,0.0,0
18320,2026-07-18,Organic Search,/pricing,20,17,0.3615,237.7,2.91,0.0,0
15639,2026-05-25,Paid Search,/blog/summer-sale-guide,10,9,0.7586,159.2,1.32,,0
12969,2026-04-01,Social,/contact,7,6,0.8097,42.3,1.0,0.0,0
18675,2026-07-25,Paid Search,/about-us,6,5,0.6228,112.3,,0.0,0
14547,2026-05-03,Paid Search,/checkout,4,4,0.3658,181.7,1.97,1.0,2
13729,2026-04-17,Organic Search,/home,46,40,0.3951,186.2,2.5,1.0,2
10931,2026-02-19,Social,/pricing,7,7,0.4865,77.3,2.06,0.0,0
13886,2026-04-20,Organic Search,/contact,10,9,0.6855,156.9,1.44,0.0,0
13846,2026-04-19,Paid Search,/contact,-1,4,0.6747,50.4,1.21,0.0,0
17787,2026-07-07,Referral,/blog/how-to-choose-running-shoes,8,7,0.5508,293.0,2.43,0.0,0
18764,2026-07-27,Organic Search,/blog/summer-sale-guide,29,26,0.6152,183.7,2.37,1.0,1
14491,2026-05-02,Paid Search,/product/backpacks,9,8,0.471,186.1,2.43,1.0,1
10513,2026-02-11,Paid Search,/blog/summer-sale-guide,16,15,0.5829,209.8,2.04,1.0,1
18265,2026-07-17,Organic Search,/product/backpacks,23,22,0.3949,219.4,2.84,1.0,2
10328,2026-02-07,Referral,/contact,1,1,0.5891,137.0,1.63,0.0,0
13904,2026-04-20,Referral,/blog/summer-sale-guide,5,5,0.5796,226.6,2.22,0.0,0
11937,2026-03-12,Organic Search,/product/running-shoes,43,41,0.4578,237.3,2.57,2.0,4
15534,2026-05-23,Paid Search,/home,16,14,0.4373,125.7,2.23,1.0,1
15469,2026-05-21,Direct,/blog/summer-sale-guide,11,10,0.5882,293.2,2.07,0.0,0
10261,2026-02-06,Paid Search,/home,17,14,0.476,161.8,2.54,2.0,2
18751,2026-07-26,Direct,/product/winter-jackets,10,9,0.3034,262.7,2.31,0.0,1
11666,2026-03-06,Referral,/about-us,6,5,0.503,192.5,2.29,0.0,0
16010,2026-06-01,Social,/pricing,8,7,0.5518,111.9,2.05,0.0,0
12256,2026-03-18,Referral,/product/running-shoes,5,5,0.3319,219.5,3.88,0.0,1
17550,2026-07-02,Social,/contact,5,5,0.758,10.5,1.36,0.0,0
13793,2026-04-18,Paid Search,/blog/how-to-choose-running-shoes,32,27,0.6703,,1.16,1.0,4
10115,2026-02-03,Paid Search,/blog/how-to-choose-running-shoes,9,8,0.5978,228.7,2.04,1.0,1
14185,2026-04-26,Organic Search,/contact,9,9,0.6188,109.6,1.54,0.0,0
18201,2026-07-15,Social,/checkout,4,3,0.4026,153.5,2.6,1.0,1
18508,2026-07-21,Direct,/pricing,7,6,0.276,257.2,3.78,2.0,2
15278,2026-05-18,Organic Search,/blog/how-to-choose-running-shoes,27,25,0.556,195.8,1.82,2.0,2
18817,2026-07-28,Organic Search,/pricing,23,22,0.2665,200.3,3.04,0.0,2
11539,2026-03-03,Direct,/pricing,7,6,0.276,238.0,4.35,1.0,1
17080,2026-06-23,Paid Search,/blog/how-to-choose-running-shoes,17,16,0.6565,146.0,1.25,1.0,1
13575,2026-04-13,Direct,/about-us,6,5,0.3816,171.2,2.84,0.0,0
15045,2026-05-13,Referral,/home,18,17,0.3727,238.5,3.18,0.0,0
13927,2026-04-20,Direct,/pricing,11,11,0.2747,250.8,3.31,1.0,1
17635,2026-07-04,Referral,/product/winter-jackets,5,5,0.4162,202.8,2.02,0.0,1
17669,2026-07-05,Organic Search,/about-us,7,6,0.5142,169.8,2.29,1.0,1
11323,2026-02-27,Social,/product/running-shoes,9,8,0.5685,86.1,2.16,2.0,2
16884,2026-06-19,Paid Search,/contact,8,7,0.7026,81.0,1.22,0.0,0
13889,2026-04-20,Paid Search,/home,54,51,0.3848,160.6,2.8,4.0,4
16823,2026-06-18,Organic Search,/about-us,15,14,0.6099,197.2,1.56,0.0,0
11509,2026-03-03,Paid Search,/pricing,3,3,0.4391,166.1,2.05,1.0,1
12069,2026-03-14,Social,/blog/how-to-choose-running-shoes,13,12,0.8275,177.9,1.0,0.0,0
14073,2026-04-23,Direct,/blog/summer-sale-guide,11,10,0.5031,213.4,2.2,0.0,0
11865,2026-03-10,Referral,/pricing,2,2,0.2964,253.2,3.46,0.0,0
10869,2026-02-18,Referral,/blog/summer-sale-guide,7,7,0.4553,159.7,2.21,2.0,2
18720,2026-07-26,Paid Search,/product/running-shoes,18,15,0.4431,193.9,2.71,1.0,1
12170,2026-03-16,Social,/blog/summer-sale-guide,13,12,0.7702,209.6,1.23,0.0,0
14731,2026-05-07,Organic Search,/product/backpacks,17,16,0.4505,209.8,3.06,0.0,0
12248,2026-03-18,Paid Search,/product/backpacks,8,7,0.6095,128.9,1.56,0.0,2
10221,2026-02-05,Referral,/home,9,8,0.3682,264.4,2.96,1.0,1
16848,2026-06-18,Social,/product/running-shoes,21,19,0.5548,85.3,2.72,0.0,0
13000,2026-04-02,Paid Search,/pricing,10,9,0.3509,172.4,2.14,2.0,3
17763,2026-07-07,Organic Search,/home,50,43,0.372,160.3,2.36,2.0,2
13921,2026-04-20,Direct,/product/winter-jackets,10,8,,198.6,2.45,1.0,1
13213,2026-04-06,Social,/product/backpacks,17,16,0.6057,,1.14,0.0,0
16889,2026-06-19,Referral,/product/winter-jackets,8,7,0.429,264.2,3.11,0.0,0
18374,2026-07-19,Paid Search,/product/backpacks,12,11,0.5096,196.1,1.39,0.0,0
18973,2026-07-31,Paid Search,/blog/how-to-choose-running-shoes,20,19,0.6629,217.3,1.63,1.0,1
10305,2026-02-07,Organic Search,/blog/how-to-choose-running-shoes,14,13,0.6079,230.6,1.99,0.0,0
13098,2026-04-04,Paid Search,/contact,8,8,0.7262,51.2,1.46,1.0,1
16666,2026-06-14,Direct,/pricing,4,3,0.3386,240.0,3.22,0.0,1
14096,2026-04-24,Paid Search,/pricing,12,10,0.3865,224.2,2.73,0.0,0
11852,2026-03-10,Paid Search,/blog/summer-sale-guide,15,13,0.5855,230.2,1.63,1.0,1
18684,2026-07-25,Referral,/blog/summer-sale-guide,3,3,0.5512,251.9,1.55,0.0,0
16809,2026-06-17,Direct,/product/winter-jackets,6,5,0.321,238.2,2.15,1.0,1
17370,2026-06-29,Organic Search,/contact,14,13,,136.4,1.24,0.0,0
11097,2026-02-23,Organic Search,/blog/summer-sale-guide,11,10,0.6187,288.2,2.4,0.0,0
17309,2026-06-27,Direct,/blog/summer-sale-guide,10,9,0.5102,273.3,2.49,0.0,0
10047,2026-02-01,Direct,/about-us,6,5,0.4866,207.5,2.74,0.0,0
13212,2026-04-06,Social,/product/winter-jackets,23,22,0.482,165.0,1.64,3.0,3
11146,2026-02-24,Organic Search,/blog/how-to-choose-running-shoes,33,27,0.5978,264.6,2.2,2.0,2
14709,2026-05-06,Social,/product/running-shoes,16,14,0.5562,63.1,1.89,1.0,1
17379,2026-06-29,Paid Search,/about-us,5,5,0.5035,93.3,2.33,0.0,0
17011,2026-06-21,Direct,/blog/how-to-choose-running-shoes,7,6,0.5361,284.4,2.15,0.0,0
12534,2026-03-24,Organic Search,/home,44,41,0.3799,182.0,2.82,1.0,1
13771,2026-04-17,Direct,/product/winter-jackets,9,8,0.3409,186.2,3.13,1.0,1
10718,2026-02-15,Referral,/product/running-shoes,7,6,0.3322,206.7,2.48,1.0,1
11495,2026-03-03,Organic Search,/blog/how-to-choose-running-shoes,32,26,0.7105,257.2,1.88,1.0,1
13111,2026-04-04,Social,/home,12,11,0.5069,143.3,2.5,1.0,1
10596,2026-02-12,Direct,/pricing,4,3,0.2086,210.1,3.55,2.0,2
10590,2026-02-12,Direct,/product/winter-jackets,13,12,,240.2,2.36,1.0,1
10523,2026-02-11,Referral,/blog/summer-sale-guide,4,4,0.5943,275.1,1.45,0.0,0
12751,2026-03-28,Paid Search,/pricing,8,7,0.2967,157.3,3.79,1.0,1
11589,2026-03-04,Direct,/pricing,13,13,0.2346,232.9,3.88,1.0,1
10708,2026-02-15,Paid Search,/product/running-shoes,11,9,0.4725,233.1,1.55,,1
18643,2026-07-24,Social,/blog/how-to-choose-running-shoes,15,14,0.705,149.3,1.55,0.0,0
14175,2026-04-25,Direct,/contact,2,2,0.5151,121.0,2.21,0.0,0
13247,2026-04-07,Paid Search,/contact,6,5,0.6469,78.1,1.29,0.0,0
15997,2026-06-01,Referral,/blog/summer-sale-guide,12,11,0.6638,220.5,2.2,1.0,1
11069,2026-02-22,Referral,/contact,3,3,0.4843,86.5,1.97,0.0,0
18683,2026-07-25,Referral,/blog/how-to-choose-running-shoes,14,12,0.5132,284.0,2.63,0.0,0
17127,2026-06-24,Paid Search,/product/running-shoes,29,25,0.4379,182.4,2.79,3.0,3
11532,2026-03-03,Direct,/product/running-shoes,12,10,0.4194,225.9,2.9,1.0,1
12781,2026-03-28,Direct,/checkout,5,4,0.2278,270.7,3.27,0.0,0
13054,2026-04-03,Referral,/product/winter-jackets,7,7,0.3649,227.9,1.99,0.0,0
14645,2026-05-05,Paid Search,/contact,11,9,0.6917,135.4,1.08,0.0,0
17543,2026-07-02,Social,/home,23,21,0.5443,126.4,1.46,1.0,2
13804,2026-04-18,Referral,/blog/summer-sale-guide,7,7,0.6078,299.5,1.49,0.0,0
15314,2026-05-18,Direct,/home,26,22,0.2303,258.1,2.74,2.0,2
16649,2026-06-14,Social,/product/running-shoes,10,8,0.5814,51.1,1.51,0.0,0
18667,2026-07-25,Organic Search,/pricing,14,12,0.3148,176.1,2.82,1.0,5
15971,2026-05-31,Direct,/checkout,1,1,0.1512,267.5,3.87,0.0,0
17144,2026-06-24,Referral,/checkout,5,5,0.2628,237.5,3.94,0.0,0
14403,2026-04-30,Referral,/blog/summer-sale-guide,8,7,0.5691,243.0,1.28,0.0,0
15715,2026-05-26,Direct,/product/running-shoes,14,13,0.327,260.1,1.97,2.0,2
18311,2026-07-17,Direct,/checkout,3,3,0.2201,292.1,4.2,1.0,1
16007,2026-06-01,Social,/blog/summer-sale-guide,11,10,0.7345,104.9,1.27,0.0,0
10416,2026-02-09,Paid Search,/pricing,4,4,0.3868,167.6,2.42,0.0,0
17153,2026-06-24,Social,/pricing,6,6,0.5176,105.8,2.42,0.0,0
13753,2026-04-17,Referral,/blog/how-to-choose-running-shoes,16,14,0.5722,314.2,1.35,0.0,0
11684,2026-03-06,Direct,/blog/how-to-choose-running-shoes,10,10,0.5412,262.2,1.62,0.0,0
15690,2026-05-26,Paid Search,/about-us,8,7,0.55,125.0,1.74,0.0,0
10431,2026-02-09,Social,/product/backpacks,7,6,0.6293,93.6,1.23,1.0,1
12591,2026-03-25,Organic Search,/contact,10,9,0.6395,125.8,1.55,0.0,0
18149,2026-07-14,Social,/contact,6,5,0.7863,57.7,1.0,0.0,0
13023,2026-04-02,Direct,/product/running-shoes,11,10,0.4023,242.9,2.28,2.0,2
12586,2026-03-25,Organic Search,/product/winter-jackets,29,24,0.3793,175.6,2.9,1.0,2
13014,2026-04-02,Social,/product/winter-jackets,14,13,0.4818,92.3,2.13,2.0,2
11958,2026-03-12,Referral,/product/winter-jackets,10,9,0.3433,181.5,2.38,1.0,1
17411,2026-06-29,Direct,/pricing,12,10,0.3421,262.5,2.84,0.0,1
13982,2026-04-22,Organic Search,/product/backpacks,25,22,0.5483,210.3,2.15,2.0,2
15793,2026-05-28,Paid Search,/checkout,5,5,0.3405,164.7,2.47,0.0,1
13758,2026-04-17,Referral,/checkout,4,3,0.1773,252.4,3.79,0.0,1
14287,2026-04-28,Organic Search,/checkout,6,6,0.268,281.4,3.58,0.0,1
13006,2026-04-02,Referral,/blog/how-to-choose-running-shoes,12,11,0.5958,293.6,1.48,0.0,0
14849,2026-05-09,Referral,/product/winter-jackets,6,5,0.407,197.5,3.0,0.0,0
12292,2026-03-19,Organic Search,/contact,13,12,0.5906,135.2,1.74,1.0,1
14233,2026-04-27,Organic Search,/blog/summer-sale-guide,29,27,0.5138,287.5,2.09,0.0,0
15774,2026-05-28,Organic Search,/home,67,61,0.3849,229.6,2.85,4.0,4
17230,2026-06-26,Paid Search,/blog/summer-sale-guide,20,19,0.7146,144.7,1.0,0.0,0
14623,2026-05-04,Direct,/blog/summer-sale-guide,9,8,0.5708,244.1,1.3,,0
16153,2026-06-04,Social,/product/winter-jackets,15,13,0.6493,121.3,1.6,1.0,2
10355,2026-02-08,Organic Search,/blog/summer-sale-guide,12,10,0.6193,245.0,1.65,1.0,1
15161,2026-05-15,Social,/about-us,9,7,0.6931,44.3,1.2,0.0,0
15393,2026-05-20,Paid Search,/checkout,3,3,0.1517,228.7,4.4,1.0,1
11266,2026-02-26,Referral,/blog/how-to-choose-running-shoes,8,7,0.4744,247.7,2.66,1.0,1
17758,2026-07-06,Direct,/blog/summer-sale-guide,9,8,0.5846,222.8,2.45,0.0,0
12337,03-20-2026,Organic Search,/product/backpacks,19,16,0.431,157.6,2.69,1.0,1
12942,2026-04-01,Paid Search,/home,21,20,0.4298,172.2,2.44,0.0,1
13571,2026-04-13,Direct,/product/winter-jackets,11,10,0.3769,193.7,3.56,0.0,0
15420,2026-05-20,Direct,/about-us,10,10,0.4405,228.6,2.53,0.0,0
11476,2026-03-02,Social,/blog/summer-sale-guide,7,6,0.7449,147.8,1.37,0.0,0
11858,2026-03-10,Referral,/product/running-shoes,8,8,0.2902,321.2,3.06,0.0,0
18967,2026-07-31,Organic Search,/pricing,17,16,0.3238,218.1,3.08,0.0,0
18076,2026-07-13,Paid Search,/blog/how-to-choose-running-shoes,14,13,0.6006,265.8,1.61,1.0,1
16259,2026-06-06,Social,/checkout,2,2,0.3903,116.4,2.56,0.0,0
13661,2026-04-15,Social,/product/winter-jackets,27,23,0.5028,122.9,2.63,0.0,1
10003,02-01-2026,Organic Search,/product/winter-jackets,12,11,0.4236,204.7,2.52,1.0,1
12098,2026-03-15,Paid Search,/product/backpacks,10,9,0.4309,151.4,2.92,1.0,1
12616,2026-03-25,Social,/product/winter-jackets,8,7,0.5582,121.9,1.68,0.0,0
11068,2026-02-22,Referral,/about-us,5,5,0.5171,145.4,2.01,0.0,0
16544,2026-06-12,Referral,/about-us,9,9,0.4299,166.8,2.29,0.0,1
10181,2026-02-04,Social,/home,13,12,0.4906,71.1,2.07,0.0,0
14243,2026-04-27,Paid Search,/blog/summer-sale-guide,15,13,0.6428,143.3,2.34,1.0,1
14089,2026-04-24,Paid Search,/product/running-shoes,16,14,0.4626,152.9,2.75,0.0,0
14726,2026-05-06,Direct,/pricing,8,7,0.259,206.2,3.68,1.0,1
16905,2026-06-19,Social,/pricing,5,4,0.6008,161.9,1.75,0.0,0
10402,2026-02-09,Organic Search,/blog/how-to-choose-running-shoes,33,29,0.6292,246.1,2.05,1.0,1
12841,2026-03-30,Organic Search,/checkout,8,7,0.3062,225.2,3.31,3.0,3
15201,2026-05-16,Referral,/about-us,4,3,0.4263,195.7,2.65,0.0,0
12908,2026-03-31,Referral,/about-us,7,6,0.5015,173.7,2.15,0.0,0
16751,2026-06-16,Social,/product/backpacks,8,7,0.5503,99.7,2.06,0.0,0
11450,2026-03-02,Organic Search,/checkout,8,7,0.2231,175.4,4.02,3.0,3
17954,2026-07-10,Direct,/product/winter-jackets,22,19,0.3197,233.9,3.17,1.0,2
10173,2026-02-04,Referral,/product/winter-jackets,8,8,0.3628,230.6,3.45,0.0,0
15670,2026-05-25,Direct,/about-us,5,4,0.486,212.4,2.7,0.0,0
14764,2026-05-07,Social,/about-us,7,7,0.6958,21.7,1.23,0.0,0
18177,2026-07-15,Paid Search,/blog/summer-sale-guide,5,5,0.7593,188.6,1.0,0.0,0
16372,2026-06-09,Organic Search,/product/backpacks,24,21,0.3922,225.2,3.06,0.0,1
15910,2026-05-30,Social,/about-us,8,7,0.688,80.1,2.41,0.0,0
18418,2026-07-20,Organic Search,/pricing,20,17,0.3886,183.9,3.63,0.0,0
13857,2026-04-19,Referral,/pricing,2,2,0.3411,212.0,2.81,0.0,0
12524,2026-03-23,Direct,/home,17,16,0.295,199.1,2.98,1.0,2
11917,2026-03-11,Social,/product/running-shoes,14,13,0.5477,87.6,3.18,1.0,1
15010,2026-05-12,Social,/blog/summer-sale-guide,13,13,0.8807,140.4,1.0,0.0,0
12536,2026-03-24,Organic Search,/product/winter-jackets,24,22,0.3407,180.8,2.98,4.0,4
14591,2026-05-04,Paid Search,/product/backpacks,10,9,0.5135,124.6,2.24,,2
12691,2026-03-27,Organic Search,/contact,8,7,0.5647,88.3,2.48,0.0,0
13300,2026-04-08,Referral,/home,19,18,0.4067,214.8,2.61,0.0,0
16720,2026-06-16,Organic Search,/product/winter-jackets,25,21,0.4718,194.6,2.51,2.0,2
12029,2026-03-13,Direct,/product/backpacks,11,10,0.2433,235.3,3.09,1.0,1
10776,2026-02-16,Social,/product/winter-jackets,9,9,0.4737,107.3,1.66,0.0,0
18084,2026-07-13,Referral,/product/winter-jackets,8,8,0.3918,216.9,2.04,0.0,0
16993,2026-06-21,Referral,/about-us,7,6,0.5403,146.0,2.41,0.0,0
11005,2026-02-21,Paid Search,/product/backpacks,6,5,0.4171,118.7,2.58,0.0,0
16348,2026-06-08,Referral,/checkout,6,5,0.2607,207.6,3.38,0.0,1
16047,2026-06-02,Referral,/blog/summer-sale-guide,5,4,0.6601,272.9,2.24,0.0,0
10412,2026-02-09,Paid Search,/blog/how-to-choose-running-shoes,19,18,0.6168,244.9,1.72,1.0,2
10259,2026-02-06,Organic Search,/pricing,9,8,0.2749,188.2,3.55,1.0,1
10901,2026-02-19,Organic Search,/contact,15,13,0.591,94.8,2.15,0.0,0
15669,2026-05-25,Direct,/blog/summer-sale-guide,10,8,0.471,210.4,2.58,,0
16094,2026-06-03,Referral,/product/winter-jackets,9,8,0.3076,212.6,3.96,1.0,1
13837,2026-04-19,Organic Search,/pricing,15,13,0.2963,220.3,3.0,0.0,0
15703,2026-05-26,Referral,/checkout,5,4,0.3084,,3.3,0.0,1
17709,2026-07-05,Direct,/about-us,4,3,0.4708,239.2,1.9,0.0,0
15761,2026-05-27,Social,/contact,2,2,0.8131,10.0,1.0,0.0,0
14059,2026-04-23,Social,/product/running-shoes,13,12,0.5478,110.6,1.93,0.0,0
15620,2026-05-24,Direct,/about-us,5,5,0.4244,205.4,2.9,1.0,1
11416,2026-03-01,Referral,/blog/how-to-choose-running-shoes,10,9,0.5699,301.1,2.1,0.0,0
18755,2026-07-26,Direct,/about-us,6,6,0.4267,171.2,3.23,0.0,0
10792,2026-02-16,Direct,/pricing,4,4,0.252,304.0,3.8,0.0,0
10531,2026-02-11,Social,/product/backpacks,7,6,0.5533,136.7,1.5,0.0,0
10898,2026-02-19,Organic Search,/blog/how-to-choose-running-shoes,21,18,0.5785,231.6,2.01,0.0,1
12355,2026-03-20,Referral,/product/running-shoes,13,12,0.2934,200.3,3.05,2.0,2
13290,2026-04-08,Paid Search,/home,45,37,0.4119,155.0,2.26,4.0,6
18490,2026-07-21,Social,/home,21,18,0.5253,56.0,2.27,0.0,0
18627,2026-07-24,Paid Search,/pricing,13,11,0.3952,130.5,2.29,2.0,2
10966,2026-02-20,Referral,/product/backpacks,6,5,0.3421,200.6,3.06,0.0,0
12515,2026-03-23,Social,/product/running-shoes,9,7,0.5514,155.6,1.73,0.0,0
10834,2026-02-17,Direct,/home,12,11,0.2755,191.4,3.49,0.0,0
16141,2026-06-04,Paid Search,/checkout,6,6,0.3347,192.2,2.52,3.0,4
15492,2026-05-22,Paid Search,/pricing,6,5,0.3707,129.2,2.44,1.0,1
14480,2026-05-02,Organic Search,/product/winter-jackets,18,15,0.3996,161.0,2.68,0.0,1
11434,2026-03-01,Direct,/product/backpacks,3,3,0.2938,218.8,2.57,0.0,0
14887,2026-05-10,Paid Search,/home,20,18,0.4248,175.6,2.39,0.0,1
15881,2026-05-30,Organic Search,/contact,11,10,0.7421,87.1,1.14,0.0,0
12599,2026-03-25,Paid Search,/blog/summer-sale-guide,8,7,0.709,206.8,1.71,0.0,0
13884,2026-04-20,Organic Search,/blog/summer-sale-guide,23,22,0.6998,232.4,1.39,0.0,0
10781,2026-02-16,Social,/contact,5,4,0.8379,17.2,1.0,0.0,0
17649,2026-07-04,Social,/about-us,3,3,0.6192,79.5,1.89,0.0,0
11180,2026-02-24,Social,/pricing,8,7,0.5035,136.8,,0.0,0
11109,2026-02-23,Paid Search,/contact,10,10,0.6474,85.5,1.08,0.0,0
16296,2026-06-07,Referral,/about-us,2,2,0.41,179.5,1.85,0.0,0
12852,2026-03-30,Referral,/home,15,14,0.3506,249.5,3.45,1.0,2
17267,2026-06-27,Organic Search,/product/backpacks,15,12,0.4792,218.3,1.81,1.0,1
15241,2026-05-17,Paid Search,/about-us,4,4,0.6035,104.8,1.86,0.0,0
16131,2026-06-04,Organic Search,/checkout,12,10,0.2742,201.6,3.72,1.0,1
10133,2026-02-03,Social,/product/winter-jackets,15,13,0.5611,101.3,1.79,1.0,1
12477,2026-03-22,Direct,/product/backpacks,3,3,0.3701,,2.98,0.0,0
16532,2026-06-12,Paid Search,/blog/how-to-choose-running-shoes,16,13,0.6432,208.3,1.0,1.0,1
15299,2026-05-18,Referral,/blog/summer-sale-guide,7,6,0.5968,283.0,,0.0,0
17010,2026-06-21,Direct,/product/backpacks,9,8,0.3065,216.7,3.37,1.0,1
16319,2026-06-08,Organic Search,/home,53,46,0.3834,177.8,2.79,1.0,2
16069,2026-06-02,Direct,/contact,9,8,0.6723,211.1,1.16,0.0,0
18551,2026-07-22,Direct,/product/running-shoes,13,13,0.3107,228.1,2.63,2.0,3
18896,2026-07-29,Social,/contact,9,8,,10.0,1.0,0.0,0
12868,2026-03-30,Social,/about-us,4,3,0.7016,110.7,1.3,0.0,0
12320,2026-03-19,Social,/about-us,4,4,0.8055,43.6,1.0,0.0,0
15554,2026-05-23,Social,/home,20,17,0.602,108.4,2.47,0.0,0
12881,2026-03-30,Direct,/checkout,1,1,0.232,281.1,2.64,0.0,0
14150,2026-04-25,Referral,/product/winter-jackets,11,10,0.4432,249.9,2.26,0.0,0
10620,2026-02-13,Referral,/product/winter-jackets,8,7,0.3559,232.1,3.5,1.0,2
11016,2026-02-21,Referral,/blog/how-to-choose-running-shoes,7,7,0.544,291.2,2.47,1.0,2
16110,2026/06/03,Social,/pricing,10,9,0.3701,210.7,3.61,1.0,1
14381,2026-04-30,Organic Search,/product/backpacks,15,14,0.4084,215.3,2.26,1.0,2
13501,2026-04-12,Referral,/product/winter-jackets,11,10,0.44,250.1,2.24,1.0,1
14799,2026-05-08,Referral,/product/running-shoes,11,10,0.3914,240.8,2.39,0.0,1
11552,2026-03-04,Paid Search,/product/running-shoes,15,13,0.5385,148.6,2.28,0.0,0
11297,2026-02-27,Organic Search,/blog/summer-sale-guide,33,29,0.5965,226.9,1.59,1.0,1
13734,2026-04-17,Organic Search,/blog/summer-sale-guide,29,24,0.5936,208.4,2.02,0.0,0
11953,2026-03-12,Paid Search,/contact,3,3,0.7532,146.3,1.28,0.0,0
12828,2026-03-29,Direct,/about-us,3,3,0.4583,209.9,2.22,0.0,0
16820,2026-06-18,Organic Search,/product/backpacks,18,16,0.4274,219.0,2.08,1.0,2
14518,2026-05-02,Direct,/home,14,12,0.3192,184.1,2.85,0.0,0
18599,2026-07-23,Direct,/home,23,19,0.4002,226.4,2.81,0.0,0
12568,2026-03-24,Social,/blog/how-to-choose-running-shoes,10,9,0.7697,163.7,1.03,0.0,0
18622,2026-07-24,Paid Search,/product/backpacks,12,11,0.5046,141.3,1.74,0.0,0
15584,2026-05-24,Paid Search,/home,19,17,0.4676,151.7,1.56,3.0,4
13066,2026-04-03,Social,/blog/how-to-choose-running-shoes,15,14,0.7221,179.0,1.0,0.0,0
14707,2026-05-06,Referral,/checkout,6,6,0.2706,246.2,3.37,0.0,0
16182,2026-06-05,Paid Search,/product/running-shoes,21,18,0.4937,174.8,2.39,2.0,4
10475,2026-02-10,Referral,/contact,1,1,0.5712,160.8,2.06,0.0,0
14656,2026-05-05,Referral,/pricing,6,6,0.3259,228.1,3.38,0.0,0
13050,2026-04-03,Paid Search,/pricing,6,5,0.3598,148.2,2.28,0.0,0
12298,2026-03-19,Paid Search,/product/backpacks,3,3,0.4358,158.3,2.73,0.0,0
18885,2026-07-29,Referral,/about-us,8,7,0.5737,207.1,1.59,0.0,0
16020,2026-06-01,Direct,/pricing,10,9,0.1805,242.7,2.73,0.0,1
17377,2026-06-29,Paid Search,/blog/how-to-choose-running-shoes,25,21,0.6631,194.1,1.84,1.0,2
16077,2026-06-03,Organic Search,/blog/summer-sale-guide,22,19,0.6445,260.4,1.39,0.0,1
15676,2026-05-26,Organic Search,/product/winter-jackets,23,20,0.3456,185.9,2.87,2.0,4
12682,2026-03-26,Direct,/pricing,6,6,0.193,263.1,3.84,0.0,0
18443,2026-07-20,Social,/product/backpacks,10,9,0.6101,68.0,1.5,0.0,0
16289,2026-06-07,Paid Search,/checkout,4,4,0.3164,157.6,2.29,1.0,1
18187,2026-07-15,Referral,/blog/summer-sale-guide,9,8,0.5867,230.2,1.88,1.0,1
18913,2026-07-30,Organic Search,/blog/how-to-choose-running-shoes,28,25,0.6473,246.6,1.9,0.0,0
13254,2026-04-07,Referral,/blog/how-to-choose-running-shoes,9,8,0.4805,269.2,2.4,0.0,0
16345,2026-06-08,Referral,/about-us,8,7,0.4343,198.7,2.08,0.0,0
16527,2026-06-12,Organic Search,/checkout,12,10,,240.5,3.41,5.0,5
17218,2026-06-26,Organic Search,/product/backpacks,12,10,0.465,184.4,1.95,0.0,1
17288,2026-06-27,Referral,/blog/how-to-choose-running-shoes,4,4,0.6315,277.5,1.36,0.0,0
15596,2026-05-24,Referral,/product/winter-jackets,10,10,0.5169,231.7,2.14,0.0,0
12907,2026-03-31,Referral,/blog/summer-sale-guide,4,3,0.5208,192.3,1.67,1.0,1
15236,2026-05-17,Paid Search,/product/running-shoes,12,11,0.4884,,2.02,0.0,0
12283,2026-03-18,Direct,/pricing,4,3,0.2519,236.2,3.18,0.0,0
11040,2026-02-21,Direct,/pricing,2,2,0.2812,278.8,2.69,0.0,0
13443,2026-04-11,Paid Search,/product/backpacks,16,15,0.4567,139.1,1.99,1.0,2
12802,2026-03-29,Referral,/home,13,11,0.3667,171.5,2.86,1.0,2
18406,2026-07-19,Direct,/about-us,3,3,0.3988,191.4,2.77,0.0,0
13199,2026-04-06,Paid Search,/checkout,7,6,0.3063,203.8,2.51,2.0,2
16024,2026-06-02,Organic Search,/product/winter-jackets,27,25,0.4355,242.9,2.76,0.0,1
13897,2026-04-20,Paid Search,/pricing,13,12,0.4615,204.2,2.33,0.0,0
11458,2026-03-02,Paid Search,/contact,5,4,0.6038,,1.75,0.0,0
10770,2026-02-16,Referral,/about-us,6,6,0.4347,175.5,3.6,0.0,0
13548,2026-04-13,Paid Search,/checkout,7,6,0.3446,218.6,3.02,1.0,1
11991,2026-03-13,Organic Search,/blog/summer-sale-guide,18,17,0.5877,257.3,1.82,0.0,0
16442,2026-06-10,Referral,/product/backpacks,5,4,0.4069,200.3,1.9,0.0,0
14034,2026-04-23,Organic Search,/blog/summer-sale-guide,28,24,0.657,308.2,1.34,1.0,1
11303,2026-02-27,Paid Search,/product/running-shoes,13,12,,143.2,2.45,1.0,2
13307,2026-04-08,Referral,/contact,4,3,0.5345,159.8,2.33,0.0,0
18254,2026-07-16,Direct,/product/winter-jackets,18,15,0.2605,228.4,3.64,0.0,0
11134,2026-02-23,Direct,/product/winter-jackets,15,14,0.3631,221.7,2.83,1.0,2
14101,2026-04-24,Referral,/product/backpacks,5,4,0.4832,202.4,2.64,0.0,0
10439,2026-02-09,Direct,/product/running-shoes,7,6,0.4152,278.3,2.25,1.0,1
15766,2026-05-27,Direct,/product/winter-jackets,9,8,0.3473,278.8,3.17,0.0,0
10250,2026-02-05,Direct,/checkout,5,4,0.2044,254.4,3.8,0.0,1
13191,2026-04-06,Paid Search,/product/running-shoes,43,36,0.3819,166.6,3.26,3.0,4
18571,2026-07-23,Paid Search,/product/running-shoes,18,17,0.459,191.2,1.99,2.0,3
14198,2026-04-26,Referral,/home,10,8,0.3112,199.1,3.11,1.0,1
12485,2026-03-23,Organic Search,/product/running-shoes,33,29,0.3951,254.8,2.45,2.0,2
17236,2026-06-26,Referral,/product/running-shoes,19,16,0.3217,195.9,2.42,1.0,2
10610,2026-02-13,Paid Search,/product/winter-jackets,11,9,0.4634,147.0,2.06,1.0,1
17487,2026-07-01,Referral,/blog/how-to-choose-running-shoes,12,10,0.6015,252.2,1.63,0.0,0
11310,2026-02-27,Paid Search,/pricing,10,9,0.4328,143.2,2.47,1.0,1
11155,2026-02-24,Paid Search,/product/backpacks,8,7,0.4973,102.2,2.7,4.0,4
18988,2026-07-31,Referral,/checkout,3,3,0.256,284.3,3.01,0.0,0
15585,2026-05-24,Paid Search,/product/running-shoes,17,15,0.4347,138.7,2.42,3.0,3
16225,2026-06-06,Organic Search,/blog/how-to-choose-running-shoes,20,18,0.6041,233.1,2.11,0.0,0
10735,2026-02-15,Direct,/product/running-shoes,9,8,0.3299,265.1,2.36,0.0,0
12968,2026-04-01,Social,/about-us,5,4,0.7266,113.4,1.25,0.0,0
15878,2026-05-30,Organic Search,/blog/how-to-choose-running-shoes,21,18,0.473,253.5,2.73,0.0,2
14047,2026-04-23,Paid Search,/pricing,10,8,0.3288,171.8,2.99,2.0,2
11522,2026-03-03,Social,/product/running-shoes,18,16,0.6001,127.3,1.64,1.0,1
13614,2026-04-14,Social,/blog/summer-sale-guide,19,18,0.7642,170.9,1.0,0.0,0
14564,2026-05-03,Social,/about-us,7,6,0.7739,47.3,1.0,0.0,0
18530,2026-07-22,Referral,/home,23,20,0.3286,251.4,3.37,2.0,4
13175,2026-04-05,Direct,/blog/summer-sale-guide,9,8,0.4979,282.6,2.3,1.0,1
13468,2026-04-11,Social,/pricing,14,12,0.4815,128.6,2.09,0.0,1
17160,2026-06-24,Direct,/blog/summer-sale-guide,12,10,0.439,273.2,3.18,1.0,1
18077,2026-07-13,Paid Search,/blog/summer-sale-guide,18,17,0.654,213.4,1.51,0.0,1
18489,2026-07-21,Referral,/checkout,4,4,0.2447,246.8,3.14,1.0,1
17830,2026-07-08,Paid Search,/contact,4,3,0.6936,67.4,1.24,0.0,1
15207,2026-05-16,Social,/product/winter-jackets,7,6,0.576,68.4,2.37,0.0,0
12018,2026-03-13,Social,/product/winter-jackets,14,12,0.5864,84.3,,0.0,0
14682,2026-05-06,Organic Search,/blog/how-to-choose-running-shoes,37,32,,247.6,2.55,0.0,0
10471,2026-02-10,Referral,/product/backpacks,7,6,0.4222,217.0,2.19,0.0,0
12719,2026-03-27,Social,/blog/summer-sale-guide,12,11,0.7589,155.1,1.27,0.0,0
11806,2026-03-09,Paid Search,/pricing,5,4,0.5053,101.6,1.98,0.0,0
17166,2026-06-25,Organic Search,/product/running-shoes,35,30,0.3155,195.3,2.73,0.0,0
15865,2026-05-29,Direct,/product/running-shoes,16,14,0.2579,252.1,3.42,1.0,2
13055,2026-04-03,Referral,/product/backpacks,5,4,0.4731,199.2,2.14,0.0,0
17243,2026-06-26,Referral,/checkout,3,2,0.2326,239.4,3.67,2.0,2
13781,2026-04-18,Organic Search,/product/winter-jackets,25,21,0.4049,234.0,,1.0,1
13298,2026-04-08,Paid Search,/pricing,11,10,,180.1,2.55,1.0,2
10757,2026-02-16,Paid Search,/product/backpacks,9,8,0.5014,163.8,2.48,0.0,0
12750,2026-03-28,Paid Search,/contact,6,5,0.7721,106.6,1.0,0.0,0
10285,2026-02-06,Social,/blog/how-to-choose-running-shoes,10,9,0.651,184.2,2.18,0.0,0
16260,2026-06-06,Direct,/home,15,14,0.2491,250.4,3.47,1.0,2
17614,2026-07-04,Organic Search,/product/running-shoes,23,21,0.3791,234.0,2.87,2.0,2
14139,2026-04-25,Paid Search,/product/running-shoes,11,10,0.4738,159.4,2.22,0.0,0
18195,2026-07-15,Social,/product/backpacks,6,5,0.589,142.0,1.61,0.0,0
13235,2026-04-07,Organic Search,/blog/summer-sale-guide,24,21,0.5302,286.5,1.88,0.0,0
10636,2026-02-13,Social,/pricing,6,5,0.4463,101.0,2.71,0.0,0
17998,2026-07-11,Social,/about-us,6,6,0.7917,82.1,1.28,0.0,0
10081,2026-02-02,Social,/home,11,11,0.5779,98.1,1.54,1.0,1
12314,2026-03-19,Social,/home,22,20,0.6175,104.5,1.98,0.0,0
15924,2026-05-31,Organic Search,/product/running-shoes,25,23,0.4739,196.2,2.77,3.0,5
10385,2026-02-08,Social,/contact,3,3,0.7195,64.1,,0.0,0
14290,2026-04-28,Paid Search,/product/winter-jackets,18,15,0.4472,121.7,2.59,0.0,1
18421,2026-07-20,Paid Search,/product/running-shoes,18,15,0.4011,177.5,3.79,2.0,2
16980,2026-06-21,Paid Search,/product/backpacks,6,6,0.4178,117.6,2.27,1.0,1
10783,2026-02-16,Social,/checkout,1,1,0.4443,127.8,2.4,0.0,0
16060,2026-06-02,Social,/pricing,8,7,0.4232,92.5,2.24,0.0,0
18382,2026-07-19,Referral,/product/running-shoes,15,13,0.4656,235.5,2.02,0.0,0
17271,2026-06-27,Organic Search,/contact,7,6,0.6037,90.1,1.87,0.0,0
10138,2026-02-03,Social,/contact,4,3,0.7679,10.0,1.4,0.0,0
11561,2026-03-04,Referral,/home,17,15,0.3064,218.7,3.62,0.0,0
10734,2026-02-15,Direct,/home,13,11,0.2875,193.5,2.64,0.0,1
12690,2026-03-27,Organic Search,/about-us,19,18,0.4981,138.2,1.83,1.0,1
16856,2026-06-18,Social,/checkout,2,2,0.4685,169.6,2.23,0.0,0
15043,2026-05-13,Paid Search,/pricing,8,7,0.3777,184.2,2.29,2.0,2
10736,2026-02-15,Direct,/product/winter-jackets,4,3,0.3932,262.9,1.66,0.0,0
12860,2026-03-30,Referral,/pricing,4,3,0.2514,199.1,2.65,2.0,2
12676,2026-03-26,Direct,/product/winter-jackets,13,12,0.3605,246.2,3.45,3.0,5
13607,2026-04-14,Referral,/pricing,7,6,0.3016,242.0,3.14,0.0,0
17390,2026-06-29,Referral,/contact,5,5,0.6067,97.6,2.33,0.0,0
14066,2026-04-23,Social,/pricing,8,8,0.5004,80.2,2.22,0.0,0
18161,2026-07-14,Direct,/checkout,7,6,0.2899,210.8,3.24,2.0,2
16267,2026-06-06,Direct,/contact,1,1,0.5303,159.4,2.3,0.0,0
11694,2026-03-07,Organic Search,/blog/how-to-choose-running-shoes,11,10,0.5379,246.1,2.16,0.0,0
12859,2026-03-30,Referral,/contact,2,2,0.6057,182.8,1.0,0.0,0
10175,2026-02-04,Referral,/blog/how-to-choose-running-shoes,6,5,0.5115,276.3,1.7,0.0,0
15119,2026-05-14,Direct,/blog/how-to-choose-running-shoes,18,16,0.4732,288.4,2.11,0.0,0
14962,2026-05-11,Social,/contact,7,7,,10.3,1.0,0.0,0
11406,2026-03-01,Paid Search,/blog/how-to-choose-running-shoes,8,8,0.57,183.9,2.11,0.0,0
11754,2026-03-08,Paid Search,/blog/summer-sale-guide,5,4,0.7019,255.3,1.47,0.0,2
15771,2026-05-27,Direct,/contact,5,5,0.5726,159.2,1.69,0.0,0
17222,2026-06-26,Organic Search,/contact,18,15,0.623,121.7,1.72,2.0,2
15391,2026-05-20,Paid Search,/contact,5,5,0.7469,106.6,1.43,0.0,0
10269,2026-02-06,Paid Search,/pricing,9,9,0.3552,169.7,2.19,0.0,1
13798,2026-04-18,Paid Search,/checkout,7,6,0.3183,223.6,2.91,1.0,2
14818,2026-05-08,Direct,/product/running-shoes,11,10,0.3605,199.0,2.35,0.0,1
14202,2026-04-26,Referral,/blog/how-to-choose-running-shoes,8,8,0.5826,258.0,2.81,0.0,1
16326,2026-06-08,Organic Search,/contact,14,13,0.5848,116.0,1.81,0.0,0
12769,2026-03-28,Social,/about-us,5,5,0.6435,42.3,1.0,0.0,0
10875,2026-02-18,Social,/product/running-shoes,12,11,0.635,117.4,1.39,0.0,0
17400,2026-06-29,Social,/contact,2,2,0.7572,80.6,1.66,0.0,0
12174,2026-03-16,Social,/checkout,6,6,0.4152,153.9,1.79,0.0,0
13331,2026-04-09,Organic Search,/product/running-shoes,35,31,0.4239,185.7,2.42,2.0,4
12915,2026-03-31,Social,/product/backpacks,5,4,0.6132,,2.32,0.0,0
14095,24/04/2026,Paid Search,/contact,11,10,0.7225,103.6,1.0,2.0,2
11899,2026-03-11,Paid Search,/product/winter-jackets,10,9,0.4552,247.8,1.55,0.0,0
11837,2026-03-10,Organic Search,/home,43,37,0.3767,178.4,3.01,4.0,4
16263,2026-06-06,Direct,/product/backpacks,3,3,0.3882,238.5,3.3,0.0,0
11078,2026-02-22,Social,/about-us,3,2,0.6373,62.4,1.59,0.0,0
12791,2026-03-29,Organic Search,/checkout,5,5,0.2444,242.6,3.14,1.0,1
12955,2026-04-01,Referral,/product/backpacks,5,4,0.3041,168.5,3.28,0.0,0
13667,2026-04-15,Social,/pricing,8,7,0.6197,,1.87,1.0,1
16824,2026-06-18,Organic Search,/contact,9,8,0.6626,146.5,1.73,0.0,0
14776,2026-05-07,Direct,/pricing,4,3,0.3103,257.5,2.13,1.0,1
13514,2026-04-12,Social,/blog/summer-sale-guide,14,11,0.7422,179.7,1.27,0.0,0
18227,2026-07-16,Paid Search,/blog/summer-sale-guide,12,11,0.6432,126.6,1.55,0.0,0
17298,2026-06-27,Social,/blog/how-to-choose-running-shoes,4,4,0.7152,135.8,1.42,0.0,0
10960,2026-02-20,Paid Search,/contact,4,4,0.8129,69.3,1.0,0.0,0
14567,2026-05-03,Social,/checkout,3,3,0.3339,107.7,2.84,0.0,0
18825,2026-07-28,Paid Search,/about-us,10,9,0.6126,158.0,2.26,0.0,0
16793,2026-06-17,Referral,/blog/summer-sale-guide,13,11,0.6108,240.9,1.76,0.0,0
18907,2026-07-29,Direct,/pricing,7,6,0.2221,207.0,2.74,0.0,0
12142,2026-03-16,Organic Search,/contact,8,7,0.529,46.5,2.04,0.0,0
17844,2026-07-08,Social,/product/running-shoes,15,13,0.511,112.5,2.24,0.0,0
17108,2026-06-23,Direct,/product/winter-jackets,9,8,0.296,219.0,3.29,0.0,0
15618,2026-05-24,Direct,/blog/how-to-choose-running-shoes,5,5,0.4391,304.5,2.55,0.0,0
11428,2026-03-01,Social,/contact,1,1,0.857,10.0,1.0,0.0,0
14186,2026-04-26,Organic Search,/pricing,16,13,0.2864,262.7,2.74,0.0,1
14017,2026-04-22,Social,/pricing,8,7,0.4108,124.2,2.82,0.0,0
10272,2026-02-06,Referral,/product/running-shoes,17,16,0.3338,257.4,3.57,0.0,0
14196,2026-04-26,Paid Search,/pricing,6,6,0.3801,,2.75,0.0,1
16314,2026-06-07,Direct,/blog/summer-sale-guide,8,7,0.462,264.6,3.09,0.0,0
18411,2026-07-20,Organic Search,/product/running-shoes,37,33,0.3406,246.7,3.32,3.0,3
15879,2026-05-30,Organic Search,/blog/summer-sale-guide,14,12,0.6532,224.3,1.3,0.0,0
17652,2026-07-04,Social,/checkout,8,7,0.4425,117.3,2.05,0.0,0
15665,2026-05-25,Direct,/product/running-shoes,8,7,0.3784,269.0,2.81,1.0,1
15830,2026-05-29,Organic Search,/about-us,20,17,0.5534,180.3,1.86,1.0,1
18011,2026-07-11,Direct,/checkout,1,1,0.2417,209.7,3.68,0.0,0
17198,2026-06-25,Social,/product/backpacks,6,6,0.573,127.0,1.03,0.0,0
14044,2026-04-23,Paid Search,/blog/summer-sale-guide,10,9,0.7018,233.8,1.7,0.0,1
15762,2026-05-27,Social,/pricing,4,4,0.5637,139.1,2.1,0.0,0
11996,2026-03-13,Paid Search,/home,22,18,0.3941,106.0,2.54,0.0,0
11583,2026-03-04,Direct,/product/winter-jackets,6,5,0.3454,251.8,2.39,0.0,1
12717,2026-03-27,Social,/product/backpacks,3,2,0.6273,156.6,1.55,0.0,0
16654,2026-06-14,Social,/about-us,8,8,0.5559,77.8,2.11,0.0,0
13222,2026-04-06,Direct,/product/winter-jackets,11,10,0.2885,167.5,2.93,0.0,0
14344,2026-04-29,Paid Search,/about-us,4,3,0.548,174.5,1.54,0.0,0
10746,2026-02-16,Organic Search,/product/winter-jackets,18,17,0.3982,196.0,3.36,0.0,1
16844,2026-06-18,Referral,/contact,10,8,0.5962,101.3,1.57,0.0,0
11765,2026-03-08,Referral,/contact,5,4,0.5536,159.9,1.94,0.0,0
14524,2026-05-02,Direct,/about-us,6,5,0.3376,154.5,2.89,0.0,0
11685,2026-03-06,Direct,/blog/summer-sale-guide,8,8,0.5056,264.6,2.02,0.0,0
15095,2026-05-14,Referral,/home,17,15,0.3824,214.8,2.53,0.0,0
15604,2026-05-24,Social,/home,18,16,0.554,132.6,1.85,1.0,1
10154,2026-02-04,Organic Search,/product/backpacks,15,13,0.4762,195.3,2.84,0.0,0
16363,2026-06-08,Direct,/blog/how-to-choose-running-shoes,12,11,0.4422,220.6,2.64,0.0,0
18030,2026-07-12,Paid Search,/pricing,9,9,0.3752,208.1,2.26,1.0,1
12408,2026-03-21,Referral,/blog/how-to-choose-running-shoes,8,7,0.5862,324.2,1.7,0.0,0
14107,2026-04-24,Referral,/checkout,3,3,0.2647,247.1,2.92,0.0,0
12045,2026-03-14,Organic Search,/checkout,2,2,0.3107,248.5,3.81,0.0,0
16201,2026-06-05,Social,/home,23,20,0.4655,126.3,,1.0,1
10826,2026-02-17,Social,/product/winter-jackets,7,6,0.6218,114.2,1.5,3.0,3
11364,2026-02-28,Referral,/product/winter-jackets,3,3,0.3154,256.7,3.17,1.0,1
14904,2026-05-10,Referral,/contact,2,2,0.6275,125.4,1.69,0.0,0
17121,2026-06-24,Organic Search,/blog/summer-sale-guide,19,18,0.5825,262.0,2.22,2.0,3
10484,2026-02-10,Social,/about-us,5,5,0.6703,50.9,1.0,0.0,0
12389,2026-03-21,Organic Search,/blog/summer-sale-guide,10,9,0.6065,271.6,1.0,0.0,1
10922,2026-02-19,Referral,/pricing,5,4,0.2519,208.4,3.21,1.0,1
17996,2026-07-11,Social,/blog/how-to-choose-running-shoes,11,9,0.727,200.2,1.39,0.0,0
17481,2026-07-01,Paid Search,/pricing,5,5,0.4869,173.1,2.4,0.0,0
14926,2026-05-11,Organic Search,/home,55,46,0.361,206.3,2.09,2.0,3
18276,2026-07-17,Paid Search,/blog/how-to-choose-running-shoes,14,12,0.6632,226.7,1.0,0.0,0
13549,2026-04-13,Referral,/home,20,18,0.3045,245.1,3.83,1.0,1
18876,2026-07-29,Paid Search,/contact,5,4,0.6614,69.8,1.43,0.0,0
11573,2026-03-04,Social,/product/winter-jackets,11,10,0.5242,90.4,2.4,0.0,0
16437,2026-06-10,Paid Search,/pricing,13,12,0.5498,104.3,2.24,0.0,0
14057,2026-04-23,Referral,/checkout,2,2,0.252,248.7,3.26,0.0,0
15059,2026-05-13,Social,/blog/how-to-choose-running-shoes,11,9,0.8039,183.5,1.43,0.0,0
15354,2026-05-19,Social,/home,19,17,0.5298,95.8,1.93,1.0,1
15733,2026-05-27,Organic Search,/checkout,15,13,0.2452,237.1,3.1,2.0,2
10844,2026-02-18,Organic Search,/home,39,36,0.2723,210.6,2.87,3.0,4
17474,2026-07-01,Paid Search,/product/running-shoes,18,15,0.4026,215.2,3.27,2.0,3
14517,2026-05-02,Social,/checkout,2,2,0.4513,157.7,2.84,0.0,0
15808,2026-05-28,Social,/blog/how-to-choose-running-shoes,16,14,0.7524,177.8,1.1,0.0,0
16643,2026-06-14,Referral,/blog/summer-sale-guide,10,9,0.5018,195.8,2.18,0.0,0
12465,2026-03-22,Social,/product/running-shoes,6,6,0.5548,133.7,1.3,1.0,1
16765,2026-06-16,Direct,/contact,9,8,0.5444,222.4,2.55,0.0,0
13910,2026-04-20,Social,/product/running-shoes,20,16,0.5314,94.1,2.42,1.0,1
15432,2026-05-21,Organic Search,/pricing,16,13,0.3449,215.6,3.21,1.0,1
15244,2026-05-17,Paid Search,/checkout,1,1,0.3746,212.9,2.94,0.0,0
17735,2026-07-06,Referral,/product/winter-jackets,12,11,0.3433,259.2,3.4,1.0,2
10361,2026-02-08,Paid Search,/product/running-shoes,9,9,0.3749,139.5,2.16,0.0,0
15628,2026-05-25,Organic Search,/blog/how-to-choose-running-shoes,31,26,0.5718,298.4,1.8,0.0,0
17158,2026-06-24,Direct,/product/backpacks,5,4,0.3439,226.4,2.2,0.0,0
14943,2026-05-11,Paid Search,/contact,4,3,0.7408,87.9,2.43,0.0,0
10942,2026-02-19,Direct,/checkout,3,3,0.1701,273.6,4.31,0.0,0
17920,2026-07-10,Organic Search,/pricing,18,15,0.399,231.7,2.42,1.0,4
10254,2026-02-06,Organic Search,/product/backpacks,23,19,0.4876,219.5,1.91,0.0,0
11893,2026-03-11,Organic Search,/about-us,12,11,0.5076,159.9,2.4,0.0,0
14091,2026-04-24,Paid Search,/product/backpacks,13,12,0.4746,137.9,2.23,0.0,0
14979,2026-05-12,Organic Search,/blog/how-to-choose-running-shoes,30,27,0.6356,209.9,1.3,0.0,1
10469,2026-02-10,Referral,/product/running-shoes,5,4,0.3754,191.2,3.22,,0
13578,2026-04-13,Direct,/checkout,5,4,0.1993,272.5,3.14,1.0,1
17601,2026-07-03,Social,/pricing,8,8,0.4676,108.2,2.83,0.0,0
12186,2026-03-17,Organic Search,/product/running-shoes,31,30,0.4174,210.4,2.41,1.0,1
13494,2026-04-12,Paid Search,/blog/summer-sale-guide,17,15,0.5817,219.4,1.76,0.0,0
15126,2026-05-15,Organic Search,/product/running-shoes,38,32,0.4134,,2.94,0.0,1
16985,2026-06-21,Paid Search,/pricing,2,2,0.3571,154.6,2.87,0.0,0
11491,2026-03-03,Organic Search,/home,36,32,0.3087,242.6,2.83,0.0,0
13576,2026-04-13,Direct,/contact,5,4,0.5566,110.7,2.26,0.0,0
11117,2026-02-23,Referral,/blog/summer-sale-guide,4,3,0.5595,265.1,2.01,0.0,0
14049,2026-04-23,Referral,/home,11,11,0.3798,208.4,2.46,0.0,0
11900,2026-03-11,Paid Search,/product/backpacks,9,7,0.5025,168.8,1.8,0.0,0
13642,2026-04-15,Paid Search,/product/backpacks,14,13,0.4592,210.6,2.97,1.0,1
13123,2026-04-04,Direct,/product/winter-jackets,8,7,0.3423,233.8,3.22,0.0,0
16359,2026-06-08,Direct,/home,32,27,0.3503,226.4,3.24,3.0,3
18823,2026-07-28,Paid Search,/blog/how-to-choose-running-shoes,22,18,0.5759,251.1,1.74,1.0,1
12740,2026-03-28,Organic Search,/contact,7,6,0.6533,104.2,1.73,0.0,0
11839,2026-03-10,Organic Search,/product/winter-jackets,15,14,0.3797,222.2,2.79,0.0,0
11845,2026-03-10,Organic Search,/pricing,14,13,0.3543,216.5,2.9,0.0,0
17435,2026-06-30,Referral,/product/winter-jackets,5,4,0.365,227.4,3.21,1.0,1
15092,2026-05-14,Paid Search,/contact,9,7,0.6627,86.5,1.34,0.0,0
16115,2026-06-03,Direct,/product/backpacks,11,10,0.3001,259.7,3.39,1.0,1
12273,2026-03-18,Social,/pricing,5,4,0.4856,137.0,2.16,0.0,0
11617,2026-03-05,Referral,/about-us,6,6,0.4939,216.3,1.64,0.0,0
13651,2026-04-15,Referral,/product/winter-jackets,9,8,0.4783,204.7,2.07,1.0,1
11190,2026-02-24,Direct,/pricing,5,4,0.3197,246.8,3.15,0.0,0
15985,2026-06-01,Paid Search,/product/backpacks,6,6,0.4898,163.2,1.74,1.0,1
10346,2026-02-07,Direct,/blog/summer-sale-guide,5,4,0.568,272.6,2.39,0.0,0
15742,2026-05-27,Paid Search,/pricing,8,7,0.3619,165.3,3.54,1.0,1
17201,2026-06-25,Social,/about-us,9,8,0.7149,65.7,1.39,0.0,0
11989,2026-03-13,Organic Search,/product/backpacks,13,12,0.4343,200.5,2.0,0.0,0
11574,2026-03-04,Social,/product/backpacks,8,7,0.5896,119.2,1.76,0.0,0
15555,2026-05-23,Social,/product/running-shoes,9,8,0.514,121.2,2.46,1.0,1
10996,2026-02-21,Organic Search,/blog/how-to-choose-running-shoes,20,18,0.5469,,2.19,1.0,1
18534,2026-07-22,Referral,/blog/how-to-choose-running-shoes,10,9,0.5265,246.7,1.93,0.0,0
18251,2026-07-16,Social,/checkout,3,3,0.4508,145.5,2.16,0.0,1
18001,2026-07-11,Social,/checkout,2,2,0.4144,124.9,2.82,0.0,0
13941,2026-04-21,Paid Search,/product/winter-jackets,15,14,0.3946,156.3,2.24,0.0,0
14958,2026-05-11,Social,/product/backpacks,7,6,0.6708,127.2,2.01,0.0,0
10025,2026-02-01,Referral,/blog/how-to-choose-running-shoes,8,8,0.5653,262.0,1.82,0.0,0
12035,2026-03-13,Direct,/checkout,4,3,0.2241,212.0,3.46,2.0,2
12129,2026-03-15,Direct,/blog/how-to-choose-running-shoes,14,12,0.5907,253.9,1.81,1.0,1
13224,2026-04-06,Direct,/blog/how-to-choose-running-shoes,14,12,0.4634,303.3,2.05,2.0,2
11895,2026-03-11,Organic Search,/pricing,18,15,0.4242,205.8,2.57,0.0,2
18659,2026-07-25,Organic Search,/home,42,35,0.2835,261.9,3.86,0.0,2
16025,2026-06-02,Organic Search,/product/backpacks,19,17,0.4274,196.1,2.98,1.0,1
11356,2026-02-28,Paid Search,/blog/how-to-choose-running-shoes,11,10,0.6391,156.9,2.15,1.0,1
11064,2026-02-22,Referral,/product/winter-jackets,3,2,0.4455,184.6,1.63,0.0,0
18800,2026-07-27,Direct,/product/running-shoes,18,16,0.2782,290.5,3.21,0.0,0
13289,2026-04-08,Organic Search,/checkout,9,8,0.258,259.6,3.32,2.0,3
13950,2026-04-21,Referral,/product/running-shoes,6,5,0.3552,198.4,2.46,1.0,1
18713,2026-07-26,Organic Search,/blog/how-to-choose-running-shoes,22,20,,238.7,2.67,0.0,0
14769,2026-05-07,Direct,/product/running-shoes,16,13,0.3932,274.4,3.28,1.0,1
15096,2026-05-14,Referral,/product/running-shoes,14,12,0.3773,240.6,3.26,1.0,1
12386,2026-03-21,Organic Search,/product/winter-jackets,18,16,0.4635,164.9,2.44,0.0,0
10096,2026-02-02,Direct,/blog/summer-sale-guide,8,7,0.5003,257.5,1.52,0.0,0
11714,2026-03-07,Referral,/blog/how-to-choose-running-shoes,10,8,0.4475,264.9,3.3,0.0,0
14901,2026-05-10,Referral,/blog/how-to-choose-running-shoes,12,11,0.5362,265.1,1.89,0.0,1
12183,2026-03-16,Direct,/pricing,4,4,0.2885,269.0,3.4,1.0,1
14421,2026-04-30,Direct,/product/backpacks,5,4,0.2579,232.7,3.02,0.0,0
14201,2026-04-26,Referral,/product/backpacks,2,2,0.3676,215.9,3.09,0.0,0
11773,2026-03-08,Social,/blog/summer-sale-guide,8,7,0.6787,113.2,1.32,0.0,1
12928,2026-03-31,Direct,/about-us,3,3,0.3843,209.1,2.82,0.0,0
15825,2026-05-29,Organic Search,/product/running-shoes,35,29,0.3928,255.4,2.83,3.0,3
10914,2026-02-19,Referral,/home,17,14,0.3985,217.3,2.59,2.0,2
11113,2026-02-23,Referral,/product/running-shoes,9,7,0.3594,248.5,2.43,0.0,0
12648,2026-03-26,Paid Search,/blog/how-to-choose-running-shoes,15,14,0.6935,216.6,1.0,0.0,0
17552,2026-07-02,Social,/checkout,2,2,0.459,113.1,1.86,2.0,2
13676,2026-04-15,Direct,/contact,8,8,,152.2,1.53,0.0,0
14978,2026-05-12,Organic Search,/product/backpacks,25,22,0.459,155.2,2.13,0.0,0
15549,2026-05-23,Referral,/blog/summer-sale-guide,4,4,0.5622,225.4,1.86,0.0,0
16370,2026-06-09,Organic Search,/product/running-shoes,30,29,0.3857,231.5,2.92,3.0,3
13592,2026-04-14,Paid Search,/product/backpacks,22,19,0.446,205.4,2.68,2.0,2
18142,2026-07-14,Social,/home,19,16,0.4746,103.9,2.03,0.0,0
18081,2026-07-13,Paid Search,/checkout,8,8,0.2636,190.0,2.82,0.0,0
17736,2026-07-06,Referral,/product/backpacks,10,9,0.2777,268.7,2.88,0.0,0
17086,2026-06-23,Referral,/home,19,16,0.2979,225.9,3.24,2.0,2
11346,2026-02-28,Organic Search,/blog/how-to-choose-running-shoes,19,18,0.5651,267.3,2.04,0.0,0
14960,2026-05-11,Social,/blog/summer-sale-guide,12,11,0.8408,154.8,1.0,0.0,0
18747,2026-07-26,Social,/pricing,6,5,0.4652,185.0,2.67,1.0,1
12197,2026-03-17,Paid Search,/product/winter-jackets,11,9,0.4003,148.5,1.96,1.0,1
14189,2026-04-26,Paid Search,/product/running-shoes,14,12,0.457,155.3,2.22,0.0,1
13689,2026-04-16,Paid Search,/home,37,32,0.4564,186.9,3.03,0.0,0
14129,2026-04-25,Organic Search,/product/running-shoes,22,21,0.4522,238.7,3.06,0.0,0
10831,2026-02-17,Social,/contact,8,7,0.7262,39.4,1.0,0.0,0
17560,2026-07-02,Direct,/contact,2,2,0.5319,161.4,1.97,0.0,0
14151,2026-04-25,Referral,/product/backpacks,5,4,0.4043,240.5,2.89,0.0,0
13694,2026-04-16,Paid Search,/blog/summer-sale-guide,25,24,0.6537,162.7,1.33,0.0,1
12979,2026-04-01,Direct,/contact,3,3,0.5768,137.6,1.53,0.0,0
12407,2026-03-21,Referral,/product/backpacks,6,5,-0.1,225.3,3.21,0.0,1
16424,2026-06-10,Organic Search,/blog/summer-sale-guide,18,16,0.6752,240.3,1.0,0.0,0
17903,2026-07-09,Direct,/product/running-shoes,21,19,0.2578,206.4,3.57,0.0,1
16221,2026-06-06,Organic Search,/home,41,38,0.3749,240.2,3.04,4.0,6
15454,2026-05-21,Social,/home,22,21,0.5272,118.6,2.64,1.0,1
18238,2026-07-16,Referral,/about-us,6,5,0.5396,143.4,2.5,1.0,1
12068,2026-03-14,Social,/product/backpacks,6,5,0.6306,104.4,1.28,0.0,0
18728,2026-07-26,Paid Search,/checkout,5,5,0.3294,190.2,2.87,0.0,0
10215,2026-02-05,Paid Search,/blog/how-to-choose-running-shoes,14,12,0.6953,197.6,1.25,2.0,2
18749,2026-07-26,Direct,/home,18,17,0.306,235.4,3.04,2.0,5
11067,2026-02-22,Referral,/blog/summer-sale-guide,5,5,0.5823,260.3,1.58,0.0,0
11115,2026-02-23,Referral,/product/backpacks,3,3,0.4375,196.4,2.04,0.0,2
12595,2026-03-25,Paid Search,/product/running-shoes,20,17,0.4813,107.6,2.58,2.0,2
18193,2026-07-15,Social,/product/running-shoes,22,18,0.5221,124.8,2.25,1.0,1
12549,2026-03-24,Paid Search,/blog/summer-sale-guide,11,9,,217.7,2.43,0.0,0
13517,2026-04-12,Social,/pricing,7,6,0.5103,54.9,2.44,0.0,0
18235,2026-07-16,Referral,/product/backpacks,5,4,0.4584,210.7,2.68,0.0,0
12554,2026-03-24,Referral,/home,15,13,0.4273,227.2,2.95,0.0,1
18830,2026-07-28,Referral,/product/running-shoes,15,14,0.459,243.9,2.92,0.0,1
15786,2026-05-28,Paid Search,/product/winter-jackets,21,19,0.4535,155.4,2.24,1.0,1
15245,2026-05-17,Referral,/home,12,11,0.3483,239.3,2.78,0.0,0
12785,2026-03-29,Organic Search,/product/backpacks,8,8,0.3436,261.1,2.75,0.0,0
16450,2026-06-10,Social,/product/winter-jackets,14,13,0.5468,104.7,2.06,1.0,1
17179,2026-06-25,Paid Search,/blog/how-to-choose-running-shoes,15,14,0.6584,225.6,1.07,1.0,1
15054,2026-05-13,Referral,/checkout,4,3,0.1888,234.0,2.93,0.0,0
13024,2026-04-02,Direct,/product/winter-jackets,10,9,0.3694,181.6,2.68,0.0,0
10166,2026-02-04,Paid Search,/blog/summer-sale-guide,17,15,0.6048,195.1,2.06,1.0,1
18813,2026-07-28,Organic Search,/blog/how-to-choose-running-shoes,29,24,0.5288,262.0,1.34,2.0,2
10202,2026-02-05,Organic Search,/product/running-shoes,32,28,0.451,254.9,2.9,0.0,0
17895,2026-07-09,Social,/product/winter-jackets,16,14,0.483,90.2,2.58,2.0,3
14335,2026-04-29,Organic Search,/contact,7,6,0.6408,83.8,1.7,1.0,1
16074,2026-06-03,Organic Search,/product/winter-jackets,28,25,0.3633,224.2,3.02,1.0,1
17195,2026-06-25,Social,/home,24,23,0.586,111.2,1.59,2.0,2
10986,2026-02-20,Direct,/product/backpacks,5,4,0.4017,255.9,3.05,0.0,0
14649,2026-05-05,Referral,/product/running-shoes,12,11,0.3615,229.2,2.26,1.0,2
12714,2026-03-27,Social,/home,21,19,0.5832,65.1,1.28,2.0,2
11992,2026-03-13,Organic Search,/about-us,11,9,0.5543,165.1,2.49,1.0,1
10799,2026-02-17,Organic Search,/blog/summer-sale-guide,20,19,,277.6,1.96,0.0,0
18575,2026-07-23,Paid Search,/blog/summer-sale-guide,12,10,0.6521,158.1,1.26,1.0,2
11964,2026-03-12,Referral,/pricing,5,4,0.3082,225.7,3.23,0.0,0
16789,2026-06-17,Referral,/product/running-shoes,13,11,0.4067,261.1,2.9,3.0,3
13470,2026-04-11,Direct,/home,18,17,0.3351,227.6,3.23,0.0,1
11820,2026-03-09,Social,/product/winter-jackets,12,10,0.5261,124.6,2.33,0.0,0
17134,2026-06-24,Paid Search,/pricing,13,12,0.4051,140.4,2.14,1.0,2
15616,2026-05-24,Direct,/product/winter-jackets,9,8,0.4244,212.4,2.64,0.0,1
11645,2026-03-06,Organic Search,/blog/summer-sale-guide,20,19,0.5337,212.6,2.24,2.0,2
17340,2026-06-28,Referral,/contact,1,1,0.6601,183.7,1.49,,0
16004,2026-06-01,Social,/product/winter-jackets,18,16,0.5595,102.1,2.05,1.0,1
11281,2026-02-26,Social,/checkout,2,2,0.3892,176.0,2.3,0.0,0
11400,2026-03-01,Organic Search,/pricing,5,5,0.3127,205.1,3.16,0.0,0
12672,2026-03-26,Social,/pricing,13,12,0.541,151.8,2.3,0.0,0
12040,2026-03-14,Organic Search,/blog/how-to-choose-running-shoes,14,12,0.5177,221.4,,1.0,1
10049,2026-02-01,Direct,/pricing,5,4,0.2972,265.5,3.84,0.0,0
15081,2026-05-14,Organic Search,/about-us,9,9,0.5502,121.3,2.25,0.0,0
11255,2026-02-26,Paid Search,/product/backpacks,8,7,0.5481,158.2,2.02,2.0,3
18570,2026-07-23,Paid Search,/home,30,25,0.4303,147.5,2.63,2.0,2
10436,2026-02-09,Social,/pricing,2,2,0.6019,101.5,1.98,0.0,0
13264,2026-04-07,Social,/blog/how-to-choose-running-shoes,22,21,0.7269,133.6,1.74,0.0,0
10367,2026-02-08,Paid Search,/contact,4,3,0.5962,62.8,1.8,0.0,0
12163,2026-03-16,Referral,/pricing,6,6,0.3482,214.2,2.91,0.0,0
17863,2026-07-09,Organic Search,/home,44,41,0.4303,190.6,3.07,2.0,2
11379,2026-02-28,Social,/contact,4,3,0.8406,68.0,1.0,0.0,0
16935,2026-06-20,Paid Search,/pricing,7,6,0.3505,123.6,3.02,0.0,0
12844,2026-03-30,Paid Search,/product/winter-jackets,13,12,0.4779,210.3,2.53,1.0,3
14837,2026-05-09,Paid Search,/home,16,15,0.3666,186.2,3.23,3.0,3
12945,2026-04-01,Paid Search,/product/backpacks,16,14,0.423,177.6,2.91,1.0,1
13145,2026-04-05,Paid Search,/blog/how-to-choose-running-shoes,15,13,0.5982,218.5,2.2,,1
13875,2026-04-19,Direct,/about-us,3,3,,171.9,2.79,0.0,0
16016,2026-06-01,Direct,/blog/how-to-choose-running-shoes,9,8,0.6229,255.4,1.96,1.0,1
13184,2026-04-06,Organic Search,/blog/how-to-choose-running-shoes,29,26,0.6631,254.5,1.5,0.0,0
17338,2026-06-28,Referral,/blog/summer-sale-guide,5,5,0.5502,222.5,1.69,1.0,1
18878,2026-07-29,Paid Search,/checkout,6,5,0.3666,229.1,3.03,1.0,1
18363,2026-07-19,Organic Search,/product/winter-jackets,27,24,0.4243,232.6,3.1,1.0,1
18447,2026-07-20,Social,/contact,2,2,0.7264,44.5,1.53,0.0,0
14611,2026-05-04,Social,/product/backpacks,7,6,0.608,100.2,1.81,1.0,2
16295,2026-06-07,Referral,/blog/summer-sale-guide,9,8,0.7013,226.4,1.65,0.0,0
15836,2026-05-29,Paid Search,/product/winter-jackets,16,15,0.4683,193.2,2.1,0.0,0
11432,2026-03-01,Direct,/product/running-shoes,5,5,0.3174,210.7,3.17,0.0,1
12764,2026-03-28,Social,/product/running-shoes,8,7,0.5382,127.7,2.03,0.0,0
11700,2026-03-07,Paid Search,/home,11,9,0.3957,205.2,nan,0.0,0
18710,2026-07-26,Organic Search,/product/running-shoes,34,32,0.3613,174.9,3.09,3.0,4
14573,2026-05-03,Direct,/blog/summer-sale-guide,5,5,0.5136,200.0,2.18,0.0,0
15225,2026-05-17,Organic Search,/home,39,37,0.4144,161.2,2.77,1.0,2
16639,2026-06-14,Referral,/product/running-shoes,12,11,0.381,234.9,2.38,,1
17606,2026-07-03,Direct,/product/backpacks,8,7,0.3413,-10.112677707326153,2.91,1.0,2
13144,2026-04-05,Paid Search,/product/backpacks,10,8,0.4907,201.8,2.45,0.0,1
13002,2026-04-02,Referral,/home,12,11,0.3934,188.6,2.32,0.0,0
12911,2026-03-31,Referral,/checkout,1,1,0.2389,197.6,3.38,0.0,0
15730,2026-05-27,Organic Search,/about-us,9,8,0.4875,164.2,2.27,0.0,0
15906,2026-05-30,Social,/product/winter-jackets,10,9,0.5969,86.0,2.32,0.0,0
17842,2026-07-08,Referral,/checkout,4,4,0.2176,247.3,3.29,2.0,2
10504,2026-02-11,Organic Search,/about-us,9,8,0.5131,185.1,1.85,0.0,0
17591,2026-07-03,Referral,/pricing,4,4,0.3931,249.6,3.2,1.0,1
11696,2026-03-07,Organic Search,/about-us,7,6,0.4949,117.8,2.59,0.0,0
17953,2026-07-10,Direct,/product/running-shoes,18,15,0.3182,255.1,3.4,1.0,1
12237,2026-03-18,Organic Search,/product/winter-jackets,24,20,0.386,173.8,,1.0,1
15650,2026-05-25,Referral,/about-us,5,4,0.5193,183.5,2.17,0.0,0
15020,2026-05-12,Direct,/blog/summer-sale-guide,8,7,0.3807,272.3,3.07,1.0,2
17708,2026-07-05,Direct,/blog/summer-sale-guide,14,12,0.5283,257.9,1.82,0.0,0
16412,2026-06-09,Direct,/product/backpacks,8,8,0.3701,229.9,3.44,0.0,0
10938,2026-02-19,Direct,/blog/summer-sale-guide,7,6,0.5864,223.5,2.26,0.0,0
18810,2026-07-28,Organic Search,/product/running-shoes,41,35,0.4384,228.9,2.49,1.0,3
17199,2026-06-25,Social,/blog/how-to-choose-running-shoes,17,16,0.7093,111.6,2.3,0.0,0
14493,2026-05-02,Paid Search,/blog/summer-sale-guide,13,12,0.6225,181.3,1.59,0.0,0
13716,2026-04-16,Social,/contact,9,7,0.7855,89.5,1.01,0.0,0
11658,2026-03-06,Paid Search,/pricing,15,14,0.4617,144.7,2.29,1.0,1
16512,2026-06-11,Direct,/blog/how-to-choose-running-shoes,17,16,0.531,277.8,2.44,1.0,2
18222,2026-07-16,Paid Search,/home,33,29,,155.1,3.01,2.0,5
14365,2026-04-29,Social,/contact,5,4,0.7702,23.2,1.65,0.0,0
12357,2026-03-20,Referral,/product/backpacks,6,5,0.3663,203.2,2.84,0.0,1
13381,2026-04-10,Organic Search,/product/running-shoes,46,40,0.4274,268.0,2.59,4.0,4
15311,2026-05-18,Social,/contact,3,2,0.807,74.1,1.0,0.0,0
15841,2026-05-29,Paid Search,/contact,6,6,0.651,99.5,1.22,0.0,0
11003,2026-02-21,Paid Search,/product/running-shoes,10,9,0.4223,172.1,2.83,1.0,1
15339,2026-05-19,Paid Search,/blog/summer-sale-guide,16,14,0.6595,214.4,1.0,0.0,0
11648,2026-03-06,Organic Search,/pricing,12,10,0.2973,231.8,2.78,1.0,3
10979,2026-02-20,Social,/about-us,6,5,0.7214,77.5,1.0,0.0,0
17964,2026-07-11,Organic Search,/product/winter-jackets,20,19,0.4186,188.2,2.29,2.0,3
17235,2026-06-26,Referral,/home,19,16,0.3302,178.7,2.85,0.0,0
16966,2026-06-20,Direct,/checkout,1,1,0.1985,277.7,3.74,0.0,0
12674,2026-03-26,Direct,/home,24,21,0.3393,218.4,3.7,4.0,4
14204,2026-04-26,Referral,/about-us,4,3,,126.8,2.54,0.0,0
17303,2026-06-27,Social,/checkout,3,3,0.4116,107.3,2.13,0.0,0
16849,2026-06-18,Social,/product/winter-jackets,15,14,0.5122,111.8,2.77,1.0,1
13856,2026-04-19,Referral,/contact,2,2,0.7214,147.2,1.19,0.0,0
16034,2026-06-02,Paid Search,/product/winter-jackets,18,16,0.4653,153.9,2.73,1.0,1
15510,2026-05-22,Social,/about-us,6,6,0.6824,104.9,,0.0,0
15353,2026-05-19,Referral,/checkout,3,3,0.307,246.1,3.54,1.0,1
10352,2026-02-08,Organic Search,/product/winter-jackets,18,17,0.433,176.5,2.85,2.0,3
13824,2026-04-18,Direct,/blog/summer-sale-guide,10,8,0.533,234.5,2.35,1.0,1
17509,2026-07-01,Direct,/about-us,5,4,0.3801,202.3,3.36,0.0,0
18089,2026-07-13,Referral,/contact,3,3,0.6188,141.0,1.55,0.0,0
14554,2026-05-03,Referral,/about-us,1,1,0.4749,158.9,2.22,0.0,0
13324,2026-04-08,Direct,/blog/how-to-choose-running-shoes,12,10,0.4845,232.9,1.8,0.0,0
16903,2026-06-19,Social,/about-us,3,3,0.7277,58.9,1.56,0.0,0
12755,2026-03-28,Referral,/product/winter-jackets,6,5,0.3811,219.7,3.05,0.0,0
10577,2026-02-12,Referral,/checkout,7,6,0.313,219.4,3.5,0.0,0
13343,2026-04-09,Paid Search,/product/backpacks,20,17,0.4511,127.9,2.67,2.0,2
12141,2026-03-16,Organic Search,/about-us,6,5,0.5358,171.7,2.17,0.0,0
10817,2026-02-17,Referral,/product/backpacks,2,2,0.3996,224.0,2.61,1.0,2
17974,2026-07-11,Paid Search,/product/winter-jackets,13,12,0.4376,145.2,2.41,1.0,1
14460,2026-05-01,Social,/product/winter-jackets,8,8,0.6461,94.7,2.29,0.0,0
14952,2026-05-11,Referral,/about-us,6,6,0.4406,177.5,2.31,0.0,0
12918,2026-03-31,Social,/about-us,8,7,0.5732,64.2,2.1,0.0,0
15122,2026-05-14,Direct,/contact,8,7,0.5266,146.1,2.07,0.0,0
10143,2026-02-03,Direct,/product/winter-jackets,8,8,0.2939,226.3,3.49,0.0,0
16962,2026-06-20,Direct,/blog/summer-sale-guide,6,5,0.5352,270.4,2.07,0.0,0
17627,2026-07-04,Paid Search,/blog/how-to-choose-running-shoes,12,10,0.636,175.3,1.64,1.0,1
12025,2026-03-13,Social,/checkout,1,1,0.3801,158.1,2.21,0.0,0
15570,2026-05-23,Direct,/about-us,5,4,0.4848,126.5,2.42,1.0,1
12211,2026-03-17,Referral,/about-us,5,5,0.4751,165.5,2.54,0.0,0
10334,2026-02-07,Social,/product/backpacks,5,4,0.591,105.1,1.78,,0
10862,2026-02-18,Paid Search,/pricing,3,2,0.3226,177.8,3.18,0.0,0
16788,2026-06-17,Referral,/home,21,19,0.2733,222.5,2.82,1.0,2
14713,2026-05-06,Social,/blog/summer-sale-guide,15,13,0.8159,163.6,1.03,0.0,0
15498,2026-05-22,Referral,/blog/how-to-choose-running-shoes,14,12,0.5533,252.1,2.22,0.0,0
17572,2026-07-03,Organic Search,/checkout,16,15,0.2749,230.6,3.86,1.0,2
13711,2026-04-16,Social,/product/winter-jackets,21,20,0.6141,131.5,1.34,1.0,1
17595,2026-07-03,Social,/product/winter-jackets,10,9,0.6129,105.5,1.0,0.0,0
15515,2026-05-22,Direct,/product/running-shoes,14,13,0.3474,210.5,2.83,2.0,2
13355,2026-04-09,Referral,/blog/summer-sale-guide,7,7,0.5995,270.7,1.29,0.0,0
10571,2026-02-12,Referral,/product/backpacks,4,3,,194.5,2.5,0.0,0
16855,2026-06-18,Social,/pricing,11,10,0.4623,199.7,1.83,0.0,0
17133,2026-06-24,Paid Search,/contact,3,3,0.7104,58.1,1.28,0.0,0
15028,2026-05-13,Organic Search,/product/backpacks,22,19,0.4055,221.6,2.73,2.0,2
14424,2026-04-30,Direct,/about-us,6,5,0.4168,222.3,2.49,0.0,0
11815,2026-03-09,Referral,/contact,1,1,0.641,175.4,1.56,0.0,0
11181,2026-02-24,Social,/checkout,5,5,0.4791,88.0,1.86,0.0,0
12628,2026-03-25,Direct,/blog/how-to-choose-running-shoes,12,10,0.4775,280.2,2.11,1.0,1
11402,2026-03-01,Paid Search,/home,13,12,0.4325,178.3,2.62,0.0,0
18223,2026-07-16,Paid Search,/product/running-shoes,20,17,0.4802,189.5,2.55,2.0,2
11579,2026-03-04,Social,/pricing,7,7,0.5794,73.7,1.0,0.0,0
12906,2026-03-31,Referral,/blog/how-to-choose-running-shoes,10,9,0.6092,253.0,1.75,0.0,0
13582,2026-04-14,Organic Search,/product/backpacks,25,21,0.4689,162.4,2.37,,2
10926,2026-02-19,Social,/product/backpacks,4,3,0.596,92.1,1.62,0.0,0
17538,2026-07-02,Referral,/blog/summer-sale-guide,6,5,0.5372,228.3,2.39,1.0,1
17146,2026-06-24,Social,/product/running-shoes,21,20,0.529,111.5,2.3,1.0,2
10952,2026-02-20,Organic Search,/checkout,7,6,0.2648,227.9,3.55,0.0,1
17959,2026-07-10,Direct,/contact,4,4,0.5456,172.8,2.21,1.0,1
13644,2026-04-15,Paid Search,/blog/summer-sale-guide,22,19,0.6652,240.5,2.26,2.0,3
16389,2026-06-09,Referral,/home,20,17,0.3856,162.6,2.38,1.0,1
16466,2026-06-10,Direct,/pricing,12,11,0.3536,246.9,3.0,1.0,1
10788,2026-02-16,Direct,/blog/how-to-choose-running-shoes,13,11,0.5106,272.9,2.8,0.0,0
14951,2026-05-11,Referral,/blog/summer-sale-guide,10,9,0.6427,,1.76,0.0,0
17906,2026-07-09,Direct,/blog/how-to-choose-running-shoes,7,6,0.4345,294.6,1.92,1.0,1
14650,2026-05-05,Referral,/product/winter-jackets,7,7,0.4228,185.8,2.67,1.0,1
17276,2026-06-27,Paid Search,/product/winter-jackets,8,7,0.4877,132.6,2.89,1.0,1
13500,2026-04-12,Referral,/product/running-shoes,9,8,0.4228,206.4,2.42,1.0,1
14819,2026-05-08,Direct,/product/winter-jackets,12,11,0.3157,166.3,4.07,0.0,0
10919,2026-02-19,Referral,/blog/summer-sale-guide,8,7,0.5682,163.8,2.01,0.0,0
15929,2026-05-31,Organic Search,/about-us,5,5,0.4694,82.1,2.79,0.0,0
10281,2026-02-06,Social,/home,16,15,0.5365,137.8,2.08,0.0,0
15221,2026-05-16,Direct,/about-us,4,4,0.425,192.5,2.6,0.0,0
17026,2026-06-22,Paid Search,/home,29,26,,222.3,3.01,2.0,2
12696,2026-03-27,Paid Search,/product/winter-jackets,15,14,0.4944,177.1,2.54,3.0,3
17356,2026-06-28,Direct,/product/backpacks,4,4,0.2851,208.7,3.55,0.0,0
17776,2026-07-07,Paid Search,/product/backpacks,16,13,0.4342,169.2,1.73,3.0,4
15967,2026-05-31,Direct,/blog/summer-sale-guide,4,4,0.5553,233.1,1.58,0.0,0
13165,2026-04-05,Social,/blog/summer-sale-guide,15,14,0.7602,111.9,1.22,0.0,0
15127,2026-05-15,Organic Search,/product/winter-jackets,30,26,0.4145,207.8,2.68,4.0,4
12234,2026-03-17,Direct,/checkout,5,5,0.1416,308.9,3.19,0.0,0
17029,2026-06-22,Paid Search,/product/backpacks,13,12,0.4802,179.2,2.42,1.0,1
11319,2026-02-27,Referral,/contact,3,2,0.6484,79.1,1.85,0.0,0
13155,2026-04-05,Referral,/blog/how-to-choose-running-shoes,15,12,0.5658,288.9,1.78,1.0,2
16664,2026-06-14,Direct,/about-us,4,3,0.347,177.5,3.22,0.0,1
10057,2026-02-02,Organic Search,/about-us,13,12,0.555,107.1,1.59,0.0,0
13200,2026-04-06,Referral,/home,14,13,0.2996,222.1,2.85,0.0,1
10845,2026-02-18,Organic Search,/product/running-shoes,29,24,0.339,200.6,2.59,4.0,5
12331,2026-03-19,Direct,/contact,3,3,0.5295,209.5,1.81,0.0,0
10190,2026-02-04,Social,/checkout,4,3,0.4675,154.4,2.91,0.0,0
14868,2026-05-09,Direct,/product/running-shoes,9,8,0.2672,263.3,2.97,2.0,2
16400,2026/06/09,Social,/product/running-shoes,18,16,0.594,115.6,1.54,0.0,0
11354,2026-02-28,Paid Search,/product/winter-jackets,9,7,0.5908,105.6,2.52,0.0,0
12284,2026-03-18,Direct,/checkout,3,3,0.2396,238.4,3.44,,1
14141,2026-04-25,Paid Search,/product/backpacks,11,9,0.4907,115.6,2.25,2.0,3
13613,2026-04-14,Social,/blog/how-to-choose-running-shoes,22,21,0.7202,157.4,2.11,0.0,0
11287,2026-02-26,Direct,/blog/summer-sale-guide,13,12,0.4436,274.6,2.69,0.0,0
16488,2026-06-11,Referral,/home,24,22,0.3433,247.2,2.82,1.0,1
15908,2026-05-30,Social,/blog/how-to-choose-running-shoes,3,3,0.7623,124.8,1.11,0.0,0
10339,2026-02-07,Social,/pricing,2,2,0.5192,141.9,3.19,0.0,0
16841,2026-06-18,Referral,/blog/how-to-choose-running-shoes,12,11,0.5303,268.8,1.0,1.0,1
17135,2026-06-24,Paid Search,/checkout,2,2,0.3361,153.9,3.19,1.0,1
11429,2026-03-01,Social,/pricing,4,4,0.4617,172.2,2.57,0.0,0
11526,2026-03-03,Social,/blog/summer-sale-guide,7,6,0.7788,76.3,1.4,0.0,0
16205,2026-06-05,Social,/blog/how-to-choose-running-shoes,13,11,0.7266,215.8,1.75,0.0,0
10316,2026-02-07,Paid Search,/blog/summer-sale-guide,10,8,0.6234,202.1,1.92,0.0,0
17963,2026-07-11,Organic Search,/product/running-shoes,20,19,0.3965,233.7,2.48,2.0,2
17289,2026-06-27,Referral,/blog/summer-sale-guide,7,7,0.6298,217.4,1.85,0.0,0
17470,2026-07-01,Organic Search,/contact,23,20,0.5641,138.1,2.08,0.0,0
14304,2026-04-28,Referral,/about-us,5,4,0.4301,172.6,2.82,1.0,1
11443,2026-03-02,Organic Search,/product/winter-jackets,21,18,0.3533,198.1,2.51,1.0,2
18954,2026-07-30,Direct,/blog/summer-sale-guide,6,6,0.5285,305.8,2.36,0.0,0
17211,2026-06-25,Direct,/about-us,8,8,0.4547,209.3,2.38,0.0,0
12642,2026-03-26,Organic Search,/pricing,24,22,0.3395,220.6,2.6,1.0,1
17796,2026-07-07,Social,/product/backpacks,8,8,0.6088,90.5,2.24,0.0,0
12705,2026-03-27,Referral,/product/running-shoes,10,9,0.3284,279.7,2.51,1.0,1
15478,2026-05-22,Organic Search,/blog/how-to-choose-running-shoes,30,25,0.6485,253.0,1.0,,2
11035,2026-02-21,Direct,/product/backpacks,6,5,0.3545,243.6,2.53,2.0,2
17698,2026-07-05,Social,/blog/summer-sale-guide,15,13,0.6859,86.1,2.11,0.0,0
18519,2026-07-22,Organic Search,/checkout,9,7,0.1907,228.4,3.4,1.0,1
13609,2026-04-14,Social,/home,34,28,0.4917,122.1,2.52,1.0,2
16946,2026-06-20,Referral,/checkout,3,3,0.2887,239.3,2.93,1.0,1
10432,2026-02-09,Social,/blog/how-to-choose-running-shoes,13,12,0.7929,203.8,1.1,0.0,0
15002,2026-05-12,Referral,/contact,2,2,0.5792,130.8,2.4,0.0,0
12845,2026-03-30,Paid Search,/product/backpacks,11,10,0.4807,145.5,1.94,2.0,4
12723,2026-03-27,Social,/checkout,5,5,0.4469,102.1,2.41,0.0,1
14275,2026-04-27,Direct,/contact,5,4,0.4298,153.1,2.32,,1
15103,2026-05-14,Referral,/pricing,7,6,0.3759,238.8,1.87,0.0,0
12584,2026-03-25,Organic Search,/home,33,29,0.44,174.8,2.5,4.0,4
17588,2026-07-03,Referral,/blog/summer-sale-guide,11,9,0.5161,261.0,2.24,0.0,0
14705,2026-05-06,Referral,/contact,7,6,0.6077,219.7,1.69,0.0,0
17658,2026-07-04,Direct,/blog/summer-sale-guide,7,6,0.5948,272.7,1.55,0.0,0
10002,2026-02-01,Organic Search,/product/running-shoes,18,16,0.3985,225.9,2.17,1.0,3
12384,2026-03-21,Organic Search,/home,39,34,0.3881,189.1,2.64,0.0,1
13186,2026-04-06,Organic Search,/about-us,17,14,0.436,139.3,1.78,0.0,1
14164,2026-04-25,Social,/about-us,6,5,,103.3,1.53,0.0,0
11641,2026-03-06,Organic Search,/product/running-shoes,26,23,0.3743,188.5,2.54,1.0,2
18524,2026-07-22,Paid Search,/blog/how-to-choose-running-shoes,24,21,0.5469,232.2,2.44,3.0,3
11423,2026-03-01,Social,/product/winter-jackets,6,6,0.5418,83.8,1.91,0.0,0
17341,2026-06-28,Referral,/pricing,3,3,0.299,209.5,2.91,0.0,0
10649,2026-02-14,Organic Search,/product/running-shoes,23,21,0.3663,202.0,2.67,0.0,1
12608,2026-03-25,Referral,/blog/how-to-choose-running-shoes,8,7,0.4931,265.0,2.64,0.0,0
15099,2026-05-14,Referral,/blog/how-to-choose-running-shoes,12,11,0.5577,198.1,1.37,0.0,0
11567,2026-03-04,Referral,/about-us,2,2,0.558,140.0,2.09,0.0,0
14284,2026-04-28,Organic Search,/about-us,13,12,0.563,137.8,3.08,0.0,0
13928,2026-04-20,Direct,/checkout,3,3,0.1504,256.5,3.6,0.0,0
15211,2026-05-16,Social,/about-us,8,7,0.655,71.6,1.27,0.0,0
16376,2026-06-09,Organic Search,/contact,12,10,0.5174,189.1,2.12,0.0,0
11311,2026-02-27,Paid Search,/checkout,6,5,0.3444,207.8,2.46,0.0,0
12529,2026-03-23,Direct,/blog/summer-sale-guide,5,5,,243.1,1.43,0.0,0
11613,2026-03-05,Referral,/product/winter-jackets,6,5,0.3573,158.9,3.06,0.0,0
14871,2026-05-09, direct ,/blog/how-to-choose-running-shoes,9,8,0.5153,278.6,2.57,0.0,0
15369,2026-05-19,Direct,/blog/summer-sale-guide,14,13,0.5217,242.9,2.65,1.0,1
18858,2026-07-28,Direct,/checkout,9,8,,253.3,3.09,2.0,2
12848,2026-03-30,Paid Search,/about-us,4,4,0.6327,131.6,1.3,0.0,1
17672,2026-07-05,Organic Search,/checkout,8,7,0.2511,173.3,3.5,1.0,1
14580,2026-05-04,Organic Search,/product/winter-jackets,36,33,0.4891,203.1,2.2,1.0,2
13673,2026-04-15,Direct,/blog/how-to-choose-running-shoes,18,16,0.5521,245.1,2.08,0.0,0
12804,2026-03-29,Referral,/product/winter-jackets,3,3,0.3707,241.9,2.56,1.0,1
11717,2026-03-07,Referral,/contact,1,1,0.6374,139.1,1.89,0.0,0
18051,2026-07-12,Social,/checkout,8,7,0.4492,115.5,3.06,1.0,1
18361,2026-07-19,Organic Search,/home,40,34,0.413,185.2,2.73,3.0,3
15346,2026-05-19,Referral,/product/winter-jackets,11,10,0.3443,202.6,2.57,1.0,1
12663,2026-03-26,Referral,/checkout,3,3,0.1801,241.4,3.47,1.0,1
17826,2026-07-08,Paid Search,/product/backpacks,12,11,0.4505,175.5,2.61,0.0,0
12763,2026-03-28,Social,/home,11,10,0.561,20.7,2.18,0.0,0
10353,2026-02-08,Organic Search,/product/backpacks,9,7,0.3624,166.4,2.95,0.0,0
14661,2026-05-05,Social,/product/backpacks,9,8,0.5605,170.0,2.15,0.0,0
14483,2026-05-02,Organic Search,/blog/summer-sale-guide,16,15,0.6317,189.3,1.93,0.0,0
12235,2026-03-18,Organic Search,/home,32,28,0.4394,108.1,2.57,0.0,1
17937,2026-07-10,Referral,/blog/summer-sale-guide,8,7,0.5873,272.6,2.27,0.0,0
13656,2026-04-15,Referral,/contact,2,2,0.5955,107.6,1.1,0.0,0
14041,2026-04-23,Paid Search,/product/winter-jackets,19,18,0.4834,130.8,2.2,1.0,2
17483,2026-07-01,Referral,/home,20,17,0.2476,239.0,3.38,2.0,2
16124,2026-06-04,Organic Search,/product/winter-jackets,35,31,0.4523,216.4,3.12,1.0,1
15610,2026-05-24,Social,/about-us,5,4,0.7218,81.8,1.47,0.0,0
13325,2026-04-08,Direct,/blog/summer-sale-guide,11,10,0.5346,221.7,1.65,1.0,1
12310,2026-03-19,Referral,/blog/summer-sale-guide,6,5,0.6248,199.1,1.62,0.0,0
13728,2026-04-16,Direct,/checkout,3,3,0.1451,227.9,4.49,1.0,2
17049,2026-06-22,Social,/product/backpacks,7,6,0.5902,80.9,1.86,0.0,0
10386,2026-02-08,Social,/pricing,3,3,0.552,241.8,2.28,0.0,0
12301,2026-03-19,Paid Search,/about-us,5,4,0.6623,,1.63,,0
18514,2026-07-22,Organic Search,/blog/how-to-choose-running-shoes,26,21,0.5904,222.6,2.07,2.0,5
15755,2026-05-27,Social,/product/running-shoes,25,21,0.5512,72.3,2.05,0.0,1
14775,2026-05-07,Direct,/contact,3,3,0.6378,170.7,,0.0,0
10075,2026-02-02,Referral,/blog/how-to-choose-running-shoes,7,6,0.474,291.7,2.35,1.0,1
14695,2026-05-06,Paid Search,/contact,6,6,0.6538,23.0,1.0,0.0,0
15822,2026-05-28,Direct,/pricing,7,7,0.2706,265.7,4.23,1.0,1
10317,2026-02-07,Paid Search,/about-us,3,3,0.5787,155.8,2.74,0.0,0
15034,2026-05-13,Organic Search,/checkout,16,15,0.2485,246.7,2.97,0.0,0
11469,2026-03-02,Referral,/pricing,5,4,0.3375,249.2,2.87,0.0,0
11455,2026-03-02,Paid Search,/blog/how-to-choose-running-shoes,12,10,0.6369,188.4,1.43,1.0,2
11148,2026-02-24,Organic Search,/about-us,16,14,0.4798,180.1,2.58,0.0,0
13088,2026-04-04,Organic Search,/contact,9,8,0.6111,100.1,1.8,0.0,0
14022,2026-04-22,Direct,/product/backpacks,5,5,0.3323,219.3,2.91,0.0,0
11307,2026-02-27,Paid Search,/blog/summer-sale-guide,15,14,0.6388,276.6,1.61,0.0,0
13811,2026-04-18,Social,/product/winter-jackets,16,15,0.5799,130.6,1.71,0.0,0
13937,2026-04-21,Organic Search,/pricing,12,12,0.342,218.8,2.94,1.0,1
10424,2026-02-09,Referral,/about-us,2,2,0.5576,172.6,2.15,0.0,0
12372,2026-03-20,Social,/pricing,7,6,0.4816,79.2,2.03,0.0,0
13590,2026-04-14,Paid Search,/product/running-shoes,46,42,0.4005,171.3,3.19,4.0,7
16957,2026-06-20,Direct,/home,9,9,0.3743,217.0,2.46,0.0,0
18456,2026-07-20,Direct,/about-us,8,7,0.456,224.9,2.62,0.0,0
16780,2026-06-17,Paid Search,/product/winter-jackets,18,17,0.4466,184.2,2.7,1.0,1
17261,2026-06-26,Direct,/contact,3,3,0.5091,162.6,2.6,0.0,0
15942,2026-05-31,Paid Search,/checkout,3,3,0.364,148.2,2.77,0.0,0
15364,2026-05-19,Direct,/home,23,20,0.3131,,3.03,2.0,2
15382,2026-05-20,Organic Search,/pricing,15,13,0.3359,195.6,3.21,0.0,0
11473,2026-03-02,Social,/product/winter-jackets,8,8,0.6556,78.0,1.52,0.0,0
18291,2026-07-17,Referral,/checkout,5,4,0.2374,221.4,3.02,3.0,4
15175,2026-05-16,Organic Search,/home,45,41,0.3285,219.0,3.1,1.0,2
17354,2026-06-28,Direct,/product/running-shoes,7,6,0.3524,231.5,2.37,1.0,1
12433,2026-03-21,Direct,/checkout,3,3,0.2115,254.3,2.97,1.0,1
12792,2026-03-29,Paid Search,/home,29,26,0.4439,169.2,2.81,1.0,1
17777,2026-07-07,Paid Search,/blog/how-to-choose-running-shoes,16,14,0.6418,233.7,1.0,0.0,0
10287,2026-02-06,Social,/about-us,4,3,0.7453,76.2,1.1,0.0,0
15052,2026-05-13,Referral,/contact,2,2,0.6485,111.6,1.32,0.0,0
14249,2026-04-27,Referral,/product/running-shoes,14,13,0.4047,160.6,3.04,1.0,1
12838,2026-03-30,Organic Search,/about-us,18,17,0.5566,84.2,1.85,0.0,0
11017,2026-02-21,Referral,/blog/summer-sale-guide,4,3,0.5358,262.3,1.55,0.0,0
14858,2026-05-09,Social,/product/running-shoes,19,17,0.4297,103.0,2.16,1.0,2
14574,2026-05-03,Direct,/about-us,2,2,0.4204,230.7,2.74,0.0,0
10985,2026-02-20,Direct,/product/winter-jackets,11,10,0.2936,191.8,3.18,2.0,3
16892,2026-06-19,Referral,/blog/summer-sale-guide,6,6,,231.4,1.69,0.0,0
13860,2026-04-19,Social,/product/running-shoes,15,13,0.5794,120.9,2.05,0.0,0
10263,2026-02-06,Paid Search,/product/winter-jackets,8,7,0.5212,150.6,2.94,1.0,1
17226,2026-06-26,Paid Search,/product/running-shoes,22,20,0.4341,150.2,2.69,3.0,4
10430,"February 09, 2026",Social,/product/winter-jackets,11,9,0.6212,137.8,1.34,1.0,1
16111,2026-06-03,Social,/checkout,7,6,0.4064,152.9,2.26,1.0,1
16394,2026-06-09,Referral,/blog/summer-sale-guide,5,4,0.5952,287.4,1.99,0.0,0
19001,2026-07-31,Direct,/product/winter-jackets,4,4,0.3422,232.3,2.33,0.0,0
11793,2026-03-09,Organic Search,/blog/summer-sale-guide,26,23,0.6114,197.6,1.16,0.0,2
14116,2026-04-24,Social,/pricing,4,4,0.5174,67.6,2.65,0.0,0
18914,2026-07-30,Organic Search,/blog/summer-sale-guide,23,19,0.6226,188.0,1.98,1.0,1
17229,2026-06-26,Paid Search,/blog/how-to-choose-running-shoes,17,15,0.6169,212.9,1.51,4.0,4
12707,2026-03-27,Referral,/product/backpacks,7,6,0.4397,203.5,2.36,1.0,1
16321,2026-06-08,Organic Search,/product/winter-jackets,23,19,0.4773,202.8,2.24,1.0,1
16693,2026-06-15,Referral,/blog/summer-sale-guide,13,12,0.6156,325.0,2.12,0.0,1
10807,2026-02-17,Paid Search,/product/backpacks,5,5,0.4462,214.9,2.01,0.0,0
15606,2026-05-24,Social,/product/winter-jackets,10,8,0.5137,108.1,2.55,1.0,1
12772,2026-03-28,Social,/checkout,3,3,0.4163,161.0,3.49,1.0,1
12970,2026-04-01,Social,/pricing,5,5,0.5194,136.7,2.4,0.0,0
16963,2026-06-20,Direct,/about-us,3,3,0.4636,191.8,2.95,0.0,0
13475,2026-04-11,Direct,/blog/summer-sale-guide,10,8,0.5487,201.1,2.12,1.0,1
12036,2026-03-14,Organic Search,/home,27,23,0.3801,157.0,2.81,0.0,0
10343,2026-02-07,Direct,/product/winter-jackets,5,5,0.3422,213.5,3.43,1.0,1
14450,2026-05-01,Referral,/product/winter-jackets,4,4,0.3636,177.0,2.74,0.0,0
13975,2026-04-21,Direct,/about-us,6,5,0.5842,212.0,1.0,0.0,0
18931,2026-07-30,Referral,/product/winter-jackets,10,9,0.2865,204.0,3.38,,0
12726,2026-03-27,Direct,/product/winter-jackets,6,6,0.2636,175.2,3.58,0.0,0
14112,2026-04-24,Social,/blog/how-to-choose-running-shoes,7,7,0.7814,181.5,1.36,0.0,0
15023,2026-05-12,Direct,/pricing,1,1,0.3519,251.8,1.92,0.0,0
18505,2026-07-21,Direct,/blog/summer-sale-guide,7,6,0.5024,248.6,2.04,2.0,2
10843,2026-02-17,Direct,/checkout,3,2,0.2667,262.2,2.69,0.0,1
16709,2026-06-15,Direct,/product/running-shoes,15,13,0.3566,208.0,2.21,0.0,0
14906,2026-05-10,Social,/home,13,11,0.4922,76.2,2.84,0.0,0
14434,2026-05-01,Organic Search,/about-us,16,15,0.4818,148.2,2.65,1.0,1
10052,2026-02-02,Organic Search,/product/running-shoes,37,32,0.4247,190.7,3.0,1.0,1
18009,2026-07-11,Direct,/contact,3,3,0.5106,108.3,2.0,0.0,0
18199,2026-07-15,Social,/contact,7,7,0.7126,25.6,1.0,0.0,0
13133,2026-04-05,Organic Search,/product/winter-jackets,23,21,0.3982,238.4,2.26,1.0,1
13968,2026-04-21,Social,/checkout,5,4,0.4192,176.5,2.72,0.0,0
16938,2026-06-20,Referral,/product/running-shoes,6,5,0.3763,269.6,3.14,0.0,0
13643,2026-04-15,Paid Search,/blog/how-to-choose-running-shoes,23,22,0.6939,194.8,1.6,2.0,2
15594,2026-05-24, referral ,/home,18,15,0.4758,207.4,1.0,0.0,0
16539,2026-06-12,Referral,/product/running-shoes,11,10,0.3517,212.9,3.22,0.0,0
17178,2026-06-25,Paid Search,/product/backpacks,21,18,0.5853,144.3,1.27,1.0,2
10832,2026-02-17,Social,/pricing,13,11,0.4815,127.0,2.17,1.0,1
16592,2026-06-13,Referral,/blog/how-to-choose-running-shoes,13,11,0.4867,221.9,2.05,0.0,0
11324,2026-02-27,Social,/product/winter-jackets,7,6,0.5994,104.3,2.02,1.0,1
17116,2026-06-24,Organic Search,/home,52,46,0.3436,216.4,3.07,3.0,3
10561,2026-02-12,Paid Search,/product/backpacks,6,6,0.4451,151.0,1.96,0.0,0
16336,2026-06-08,Paid Search,/contact,4,4,0.6818,43.3,1.26,0.0,0
11856,2026-03-10,Paid Search,/checkout,2,2,0.3841,199.0,2.76,0.0,0
16187,2026-06-05,Paid Search,/about-us,5,4,0.5298,128.5,2.04,0.0,0
14389,2026-04-30,Paid Search,/product/running-shoes,23,20,0.4896,222.3,2.48,2.0,3
16002,2026-06-01,Social,/home,19,17,0.4341,109.7,2.4,0.0,0
13436,2026-04-11,Organic Search,/about-us,17,14,0.4628,184.6,2.98,0.0,0
11759,2026-03-08,Referral,/product/running-shoes,8,8,0.4141,194.5,2.92,1.0,1
11384,2026-02-28,Direct,/product/winter-jackets,9,8,0.3329,289.0,2.34,2.0,3
13425,2026-04-10,Direct,/blog/summer-sale-guide,13,11,0.5837,265.0,1.35,0.0,0
16128,2026-06-04,Organic Search,/about-us,17,16,0.4668,158.4,2.25,0.0,0
10327,2026-02-07,Referral,/about-us,2,2,0.5278,142.5,1.33,0.0,0
14527,2026-05-02,Direct,/checkout,3,3,0.1768,244.9,3.81,0.0,0
10076,2026-02-02,Referral,/blog/summer-sale-guide,4,4,0.615,266.0,1.79,0.0,0
17396,2026-06-29,Social,/product/backpacks,9,8,0.5088,138.4,2.02,0.0,0
10639,2026-02-13,Direct,/product/running-shoes,16,15,0.4181,227.3,2.82,1.0,1
18110,2026-07-13,Direct,/pricing,7,6,0.2832,282.4,3.69,0.0,0
16192,2026-06-05,Referral,/product/running-shoes,9,8,0.3257,205.2,3.6,1.0,1
14252,2026-04-27,Referral,/blog/how-to-choose-running-shoes,11,11,0.4667,299.5,1.18,0.0,0
13225,2026-04-06,Direct,/blog/summer-sale-guide,11,9,0.5296,304.6,1.96,1.0,1
12401,2026-03-21,Paid Search,/contact,2,2,0.6907,46.4,1.8,0.0,0
18686,2026-07-25,Referral,/contact,2,2,0.5508,143.6,1.7,0.0,0
12975,2026-04-01,Direct,/product/backpacks,4,3,0.3697,215.0,3.17,0.0,0
13420,2026-04-10,Direct,/home,27,25,0.3747,182.8,2.98,1.0,2
15964,2026-05-31,Direct,/product/winter-jackets,7,7,0.3774,239.6,2.43,0.0,0
16139,2026-06-04,Paid Search,/contact,5,5,0.6102,55.9,1.9,1.0,1
18006,2026-07-11,Direct,/blog/how-to-choose-running-shoes,13,11,0.5424,308.7,1.99,0.0,0
10695,2026-02-14,Direct,/pricing,5,4,0.3208,257.2,2.93,0.0,0
17643,2026-07-04,Social,/home,20,19,0.5789,87.5,1.31,0.0,0
10814,2026-02-17,Referral,/home,12,11,0.4706,214.2,1.6,0.0,0
13546,2026-04-13,Paid Search,/contact,16,15,0.7091,123.5,1.34,,1
17123,2026-06-24,Organic Search,/contact,12,10,0.573,125.2,1.88,0.0,0
13842,2026-04-19,Paid Search,/product/backpacks,18,15,0.5138,143.3,2.21,0.0,0
12168,2026-03-16,Social,/product/backpacks,7,6,0.6122,116.6,1.0,0.0,0
15920,2026-05-30,Direct,/contact,5,4,0.4339,113.6,3.41,0.0,0
18050,2026-07-12,Social,/pricing,7,7,0.4905,79.0,2.89,0.0,0
14255,2026-04-27,Referral,/contact,4,3,0.6256,100.8,1.8,0.0,0
10747,2026-02-16,Organic Search,/product/backpacks,12,11,0.352,201.9,2.83,0.0,0
14286,2026-04-28,Organic Search,/pricing,19,17,0.394,202.3,2.91,2.0,4
13036,2026-04-03,Organic Search,/blog/how-to-choose-running-shoes,33,30,0.5949,252.8,1.86,2.0,2
15288,2026-05-18,Paid Search,/blog/how-to-choose-running-shoes,17,16,0.6159,186.0,1.0,2.0,2
10957,2026-02-20,Paid Search,/blog/how-to-choose-running-shoes,9,8,0.7292,234.9,1.68,0.0,1
16996,2026-06-21,Referral,/checkout,4,4,0.2903,237.7,3.49,0.0,0
16198,2026-06-05,Referral,/contact,2,2,0.5429,151.5,2.67,0.0,0
15663,2026-05-25,Social,/checkout,1,1,0.4728,126.8,2.28,0.0,0
18696,2026-07-25,Social,/contact,1,1,0.8687,10.0,1.17,0.0,0
18515,2026-07-22,Organic Search,/blog/summer-sale-guide,27,23,0.627,204.1,1.31,0.0,0
10048,2026-02-01,Direct,/contact,3,3,0.4651,149.0,2.17,0.0,0
11226,2026-02-25,Social,/blog/how-to-choose-running-shoes,10,9,0.7119,126.4,1.17,0.0,0
15516,2026-05-22,Direct,/product/winter-jackets,12,11,0.4393,272.0,2.33,0.0,0
12007,2026-03-13,Referral,/product/running-shoes,18,15,0.3717,188.0,2.78,0.0,1
17987,2026-07-11,Referral,/blog/summer-sale-guide,3,3,0.6188,244.5,2.14,0.0,0
18293,2026-07-17,Social,/product/running-shoes,17,16,0.5961,109.3,2.34,,0
13963,2026-04-21,Social,/blog/how-to-choose-running-shoes,13,12,0.7415,158.5,1.86,0.0,0
14161,2026-04-25,Social,/product/backpacks,1,1,0.5957,71.6,1.13,0.0,0
16994,2026-06-21,Referral,/contact,4,3,0.5821,89.1,2.05,0.0,0
16739,2026-06-16,Referral,/product/running-shoes,11,11,0.3953,293.0,2.76,,1
17347,2026-06-28,Social,/blog/how-to-choose-running-shoes,15,14,0.7061,93.1,1.05,0.0,0
15898,2026-05-30,Referral,/blog/how-to-choose-running-shoes,12,10,0.5158,225.5,,0.0,0
10987,2026-02-20,Direct,/blog/how-to-choose-running-shoes,6,6,0.4388,313.6,1.61,0.0,0
16885,2026-06-19,Paid Search,/pricing,8,7,0.3944,140.0,2.38,0.0,1
17670,2026-07-05,Organic Search,/contact,12,11,0.6136,150.0,2.31,0.0,0
10524,2026-02-11,Referral,/about-us,5,5,0.4099,173.1,2.31,0.0,0
15051,05-13-2026,Referral,/about-us,4,4,0.5134,186.4,1.83,0.0,0
10462,2026-02-10,Paid Search,/blog/how-to-choose-running-shoes,16,13,0.6302,233.8,1.99,0.0,0
13510,2026-04-12,Social,/product/running-shoes,15,13,0.5404,73.6,1.64,1.0,2
13665,2026-04-15,Social,/about-us,16,14,0.7802,77.9,1.31,0.0,0
11215,2026-02-25,Referral,/product/backpacks,3,3,0.4335,151.6,2.46,0.0,0
17507,2026-07-01,Direct,/blog/how-to-choose-running-shoes,17,16,0.502,285.9,2.41,0.0,0
16819,2026-06-18,Organic Search,/product/winter-jackets,28,24,0.4413,262.1,2.24,0.0,0
11419,2026-03-01,Referral,/contact,2,2,0.6134,112.6,2.14,0.0,0
15481,2026-05-22,Organic Search,/contact,21,20,0.6516,140.9,1.27,1.0,2
16062,2026-06-02,Direct,/home,20,19,0.1846,202.4,3.59,3.0,3
11896,2026-03-11,Organic Search,/checkout,14,13,0.2786,250.8,3.22,1.0,1
14983,2026-05-12,Organic Search,/pricing,18,17,0.3161,196.1,2.32,1.0,1
17475,2026-07-01,Paid Search,/product/winter-jackets,17,16,0.3986,149.3,,1.0,2
14031,2026-04-23,Organic Search,/product/winter-jackets,26,23,0.4599,258.4,2.56,2.0,2
14936,2026-05-11,Paid Search,/home,26,23,0.5323,174.7,1.95,1.0,2
15335,2026-05-19,Paid Search,/product/running-shoes,24,20,0.4379,157.4,2.95,4.0,5
17965,2026-07-11,Organic Search,/product/backpacks,14,14,0.4961,223.6,2.58,,0
14406,2026-04-30,Referral,/pricing,5,4,0.2739,206.3,3.05,0.0,0
14684,2026-05-06,Organic Search,/about-us,13,11,0.4994,150.1,1.76,0.0,0
10064,2026-02-02,Paid Search,/product/backpacks,9,9,0.5545,101.4,1.74,0.0,1
12345,2026-03-20,Paid Search,/product/running-shoes,13,12,0.4845,150.6,3.16,0.0,0
16866,2026-06-18,Direct,/checkout,2,2,0.2231,262.3,3.37,0.0,0
17155,2026-06-24,Direct,/home,18,17,0.2363,228.2,3.24,2.0,2
14016,2026-04-22,Social,/contact,5,4,0.7968,32.7,1.09,0.0,0
13147,2026-04-05,Paid Search,/about-us,12,10,0.6155,86.2,1.17,0.0,0
16499,2026-06-11,Social,/product/running-shoes,7,6,0.5392,64.4,1.87,0.0,0
15218,2026-05-16,Direct,/product/backpacks,4,3,0.3579,218.1,3.5,0.0,0
15404,2026-05-20,Social,/home,15,13,0.5472,155.5,2.35,1.0,2
10678,2026-02-14,Social,/product/running-shoes,7,6,0.5281,128.4,2.46,0.0,0
15118,2026-05-14,Direct,/product/backpacks,5,4,0.3701,219.6,3.48,0.0,0
15417,2026-05-20,Direct,/product/backpacks,5,4,0.3688,263.9,3.87,0.0,1
15040,2026-05-13,Paid Search,/blog/summer-sale-guide,13,11,0.6536,237.7,1.62,0.0,0
12543,2026-03-24,Organic Search,/checkout,6,5,0.2898,316.9,2.91,1.0,2
16595,2026-06-13,Referral,/contact,1,1,0.5098,149.9,2.37,,0
18770,2026-07-27,Paid Search,/product/running-shoes,24,22,0.4937,218.3,2.21,1.0,1
13215,2026-04-06,Social,/blog/summer-sale-guide,19,17,0.8356,157.6,1.0,0.0,0
16240,2026-06-06,Paid Search,/checkout,4,4,0.3605,131.5,3.25,1.0,1
10443,2026-02-09,Direct,/blog/summer-sale-guide,11,10,0.4569,210.1,2.34,0.0,0
11555,2026-03-04,Paid Search,/blog/how-to-choose-running-shoes,12,11,0.6046,242.3,1.52,0.0,0
12021,2026-03-13,Social,/blog/summer-sale-guide,11,10,0.7749,126.8,1.17,0.0,0
12212,2026-03-17,Referral,/contact,3,3,0.6327,123.5,1.57,0.0,0
10832,2026-02-17,Social,/pricing,13,11,0.4815,127.0,2.17,1.0,1
11857,2026-03-10,Referral,/home,11,9,0.3847,186.5,2.86,1.0,1
17915,2026-07-10,Organic Search,/product/backpacks,17,15,0.4413,215.9,2.28,1.0,1
13497,2026-04-12,Paid Search,/pricing,14,14,0.3514,149.1,2.45,2.0,3
15518,2026-05-22,Direct,/blog/how-to-choose-running-shoes,16,14,0.4978,251.1,2.32,0.0,0
17184,2026-06-25,Paid Search,/checkout,4,4,0.3547,219.5,3.24,0.0,0
15857,2026-05-29,Social,/product/backpacks,6,6,0.5787,99.6,1.76,0.0,0
17018,2026-06-22,Organic Search,/product/winter-jackets,35,34,0.4485,160.7,2.28,3.0,3
11220,2026-02-25,Referral,/pricing,3,3,0.3402,240.7,2.75,0.0,0
16796,2026-06-17,Referral,/checkout,2,2,0.3084,249.9,2.63,0.0,0
15168,2026-05-15,Direct,/product/backpacks,6,6,0.3373,221.4,3.72,0.0,1
18351,2026-07-18,Direct,/home,16,15,0.314,222.6,3.6,0.0,1
14229,2026-04-27,Organic Search,/product/running-shoes,47,43,0.4159,155.5,2.78,2.0,3
13620,2026-04-14,Direct,/product/running-shoes,17,14,0.3266,204.0,3.83,1.0,2
10866,2026-02-18,Referral,/product/winter-jackets,4,3,0.389,210.8,2.19,0.0,0
11609,2026-03-05,Paid Search,/pricing,10,9,0.4525,223.8,2.06,2.0,2
13403,2026-04-10,Referral,/product/backpacks,9,7,0.348,200.5,2.46,0.0,0
10144,2026-02-03,Direct,/product/backpacks,2,2,0.3119,232.7,2.15,1.0,1
18729,2026-07-26,Referral,/home,10,8,0.4159,194.3,2.82,1.0,1
18362,2026-07-19,Organic Search,/product/running-shoes,27,25,0.4705,173.6,2.46,0.0,1
12081,2026-03-14,Direct,/about-us,5,4,0.433,210.3,2.74,0.0,0
12351,2026-03-20,Paid Search,/contact,8,7,0.6475,91.5,1.12,0.0,0
10454,2026-02-10,Organic Search,/about-us,12,10,0.52,162.4,1.0,0.0,0
14348,2026-04-29,Referral,/home,15,13,0.3265,233.6,3.21,0.0,0
14477,2026-05-01,Direct,/checkout,1,1,0.2225,256.6,3.19,0.0,0
13399,2026-04-10,Paid Search,/checkout,7,6,0.2193,163.2,4.39,0.0,0
14898,2026-05-10,Referral,/product/running-shoes,8,8,0.4211,190.5,2.86,3.0,4
16459,2026-06-10,Direct,/product/running-shoes,10,9,0.388,223.2,2.62,0.0,0
10036,2026-02-01,Social,/blog/summer-sale-guide,12,11,0.7549,141.6,1.49,0.0,0
16504,2026-06-11,Social,/about-us,6,5,0.695,73.0,1.12,0.0,0
17681,2026-07-05,Paid Search,/pricing,11,10,0.3781,222.9,2.75,1.0,2
14351,2026-04-29,Referral,/product/backpacks,2,2,0.309,203.4,3.46,0.0,0
13727,2026-04-16,Direct,/pricing,6,6,0.2924,271.1,3.27,1.0,1
16991,2026-06-21,Referral,/blog/how-to-choose-running-shoes,7,7,0.5237,232.9,1.96,0.0,0
14079,2026-04-24,Organic Search,/product/running-shoes,27,23,0.3946,170.7,2.74,0.0,0
10721,2026-02-15,Referral,/blog/how-to-choose-running-shoes,4,4,0.4561,276.7,2.65,0.0,0
15375,2026-05-20,Organic Search,/product/running-shoes,41,36,0.4468,201.3,2.77,,5
10920,2026-02-19,Referral,/about-us,8,7,0.4976,180.3,1.97,0.0,0
18007,2026-07-11,Direct,/blog/summer-sale-guide,6,6,0.5611,231.9,2.0,0.0,0
16757,2026-06-16,Social,/checkout,3,3,0.425,54.4,3.41,0.0,0
11018,2026-02-21,Referral,/about-us,2,2,0.4845,136.2,1.87,0.0,0
12179,2026-03-16,Direct,/blog/how-to-choose-running-shoes,7,6,0.5107,283.6,2.38,0.0,0
17782,2026-07-07,Paid Search,/checkout,5,5,0.268,200.7,2.77,1.0,2
13739,2026-04-17,Paid Search,/home,45,41,0.4545,193.5,3.17,2.0,4
13802,2026-04-18,Referral,/product/backpacks,4,4,0.3343,199.1,2.87,0.0,0
16832,2026-06-18,Paid Search,/blog/summer-sale-guide,15,13,0.693,221.2,1.48,0.0,0
10008,2026-02-01,Organic Search,/contact,10,9,0.6194,111.7,2.18,1.0,1
12632,2026-03-25,Direct,/pricing,3,3,0.3222,251.3,2.94,0.0,0
11878,2026-03-10,Direct,/product/running-shoes,18,16,0.2644,204.5,3.06,0.0,1
12165,2026-03-16,Social,/home,13,11,0.4581,142.8,2.77,0.0,0
17833,2026-07-08,Referral,/home,15,13,0.3458,229.1,2.8,0.0,0
17478,2026-07-01,Paid Search,/blog/summer-sale-guide,7,6,0.7061,227.2,1.01,1.0,1
18867,2026-07-29,Organic Search,/pricing,18,15,0.2677,187.6,2.52,0.0,0
15075,2026-05-14,Organic Search,/home,56,49,0.3132,196.4,2.81,4.0,4
11571,2026-03-04,Social,/home,14,12,0.4469,79.4,2.62,1.0,1
17105,2026-06-23,Social,/checkout,4,4,0.3506,158.3,3.1,0.0,0
15359,2026-05-19,Social,/blog/summer-sale-guide,10,8,0.8051,158.3,1.0,0.0,0
17016,2026-06-22,Organic Search,/home,58,50,0.3601,173.0,3.0,3.0,3
12127,2026-03-15,Direct,/product/winter-jackets,4,4,0.362,238.9,3.57,0.0,0
15860,2026-05-29,Social,/about-us,10,9,0.5931,45.4,2.12,0.0,0
17223,2026-06-26,Organic Search,/pricing,17,16,0.328,188.7,3.49,,4
15485,2026-05-22,Paid Search,/product/running-shoes,14,12,0.401,164.5,2.9,0.0,1
15237,2026-05-17,Paid Search,/product/winter-jackets,4,4,0.4807,121.5,2.19,0.0,0
16468,2026-06-11,Organic Search,/home,52,47,0.3827,216.5,2.73,2.0,4
15779,2026-05-28,Organic Search,/blog/summer-sale-guide,25,22,0.5774,194.6,2.16,0.0,0
15560,2026-05-23,Social,/about-us,3,3,0.6776,59.6,2.01,0.0,0
10549,2026-02-12,Organic Search,/product/running-shoes,26,25,0.3734,175.7,2.78,1.0,2
15021,2026-05-12,Direct,/about-us,4,3,0.46,,2.38,0.0,0
12222,2026-03-17,Social,/contact,7,6,0.7642,37.9,1.0,0.0,0
10548,2026-02-12,Organic Search,/home,40,37,,178.2,2.99,2.0,2
16880,2026-06-19,Paid Search,/product/backpacks,12,11,0.5316,213.5,1.8,0.0,1
13631,2026-04-15,Organic Search,/product/winter-jackets,33,28,0.4543,192.1,2.92,2.0,3
16212,2026-06-05,Direct,/product/running-shoes,9,8,0.3117,192.4,3.35,1.0,2
18848,2026-07-28,Social,/checkout,8,7,,,2.66,0.0,0
15859,2026-05-29,Social,/blog/summer-sale-guide,13,12,0.7895,155.4,1.0,0.0,0
18828,2026-07-28,Paid Search,/checkout,12,10,0.3568,220.6,2.73,2.0,3
17583,2026-07-03,Referral,/home,20,17,0.3644,,3.53,0.0,0
11690,2026-03-07,Organic Search,/home,28,26,0.4889,134.8,2.07,1.0,1
18273,2026-07-17,Paid Search,/product/running-shoes,20,18,0.5438,-14.09980701778904,2.06,0.0,0
12855,2026-03-30,Referral,/product/backpacks,3,3,0.3496,180.8,2.26,0.0,0
12988,2026-04-02,Organic Search,/about-us,15,14,0.5788,156.5,2.42,0.0,0
17333,2026-06-28,Referral,/home,17,16,0.357,198.5,2.89,0.0,1
18143,2026-07-14,Social,/product/running-shoes,21,18,0.4614,101.0,2.72,1.0,1
17163,2026-06-24,Direct,/pricing,9,8,0.284,286.2,2.98,0.0,0
10053,2026-02-02,Organic Search,/product/winter-jackets,21,20,0.4438,207.8,2.13,0.0,0
11248,2026-02-26,Organic Search,/about-us,11,9,0.5102,155.6,2.15,1.0,1
12159,2026-03-16,Referral,/blog/how-to-choose-running-shoes,5,4,0.5861,196.2,1.69,0.0,0
10238,2026-02-05,Social,/contact,3,3,0.7501,56.4,1.19,0.0,0
12300,2026-03-19,Paid Search,/blog/summer-sale-guide,9,8,0.653,214.2,1.22,0.0,0
10260,2026-02-06,Organic Search,/checkout,10,10,0.2872,222.2,3.61,1.0,2
17555,2026-07-02,Direct,/product/winter-jackets,8,7,0.3405,177.6,2.64,0.0,1
14844,2026-05-09,Paid Search,/contact,4,3,0.7126,28.9,1.11,0.0,0
17291,2026-06-27,Referral,/contact,2,2,0.6121,142.0,1.0,0.0,0
14192,2026-04-26,Paid Search,/blog/how-to-choose-running-shoes,10,9,0.676,185.9,1.07,1.0,1
10723,2026-02-15,Referral,/checkout,1,1,0.2551,240.2,2.77,0.0,0
14142,2026-04-25,Paid Search,/blog/how-to-choose-running-shoes,9,8,0.5611,,2.32,0.0,0
17149,2026-06-24,Social,/blog/how-to-choose-running-shoes,13,11,0.6888,,1.62,0.0,0
10728,2026-02-15,Social,/blog/how-to-choose-running-shoes,7,7,0.8028,127.8,1.0,0.0,0
17809,2026-07-07,Direct,/about-us,7,6,0.4424,227.3,2.6,0.0,0
13747,2026-04-17,Paid Search,/pricing,13,11,0.4451,149.8,2.6,1.0,1
18660,2026-07-25,Organic Search,/product/running-shoes,19,18,0.369,246.2,2.99,2.0,2
18808,2026-07-27,Direct,/checkout,4,4,0.1693,230.0,2.9,0.0,0
16103,2026-06-03,Social,/product/running-shoes,19,18,0.556,169.8,1.85,0.0,0
10971,2026-02-20,Referral,/pricing,6,5,0.3402,216.1,3.93,0.0,0
14994,2026-05-12,Paid Search,/checkout,1,1,0.2561,159.9,3.41,0.0,0
13836,2026-04-19,Organic Search,/contact,7,6,0.6961,182.0,1.28,1.0,1
10953,2026-02-20,Paid Search,/home,15,13,0.3705,121.8,2.41,1.0,1
10818,2026-02-17,Referral,/blog/how-to-choose-running-shoes,9,8,,282.6,2.8,0.0,0
10191,2026-02-04,Direct,/home,18,16,0.3391,235.3,2.51,1.0,2
11752,2026-03-08,Paid Search,/product/backpacks,7,7,0.561,194.0,1.45,0.0,0
11019,2026-02-21,Referral,/contact,5,5,0.5887,127.1,1.69,0.0,0
16351,2026-06-08,Social,/product/winter-jackets,15,13,0.6068,135.7,1.54,1.0,1
15801,2026-05-28,Referral,/contact,3,3,0.445,87.3,2.49,0.0,0
17424,2026-06-30,Paid Search,/product/running-shoes,22,19,0.4369,169.8,1.79,2.0,3
16842,2026-06-18,Referral,/blog/summer-sale-guide,8,7,0.4585,233.1,1.98,,0
13506,2026-04-12,Referral,/contact,1,1,0.6211,108.4,1.3,,0
14859,2026-05-09,Social,/product/winter-jackets,6,6,0.5423,123.1,2.2,0.0,0
10503,2026-02-11,Organic Search,/blog/summer-sale-guide,31,29,0.6364,206.8,2.38,0.0,1
17539,2026-07-02,Referral,/about-us,6,6,0.5239,165.5,2.16,0.0,0
16513,2026-06-11,Direct,/blog/summer-sale-guide,8,7,0.5712,268.1,2.1,1.0,1
10682,2026-02-14,Social,/blog/summer-sale-guide,4,4,0.7499,121.6,1.0,0.0,0
18838,2026-07-28,Referral,/checkout,2,2,0.2667,259.9,3.44,0.0,0
17795,2026-07-07,Social,/product/winter-jackets,8,7,0.563,172.1,1.77,0.0,0
12954,2026-04-01,Referral,/product/winter-jackets,6,6,0.4026,209.4,2.42,1.0,1
18333,2026-07-18,Referral,/product/running-shoes,12,10,0.3244,237.2,2.53,2.0,2
18269,2026-07-17,Organic Search,/contact,11,9,0.5962,127.9,2.01,0.0,0
14520,2026-05-02,Direct,/product/winter-jackets,9,8,,216.2,2.58,1.0,1
14146,2026-04-25,Paid Search,/pricing,4,3,,138.6,2.89,0.0,0
16301,2026-06-07,Social,/product/running-shoes,14,12,0.5854,54.2,1.89,0.0,0
11485,2026-03-02,Direct,/blog/how-to-choose-running-shoes,17,16,0.4719,261.2,2.72,0.0,0
10128,2026-02-03,Referral,/contact,2,2,0.6181,152.6,1.03,0.0,0
15130,2026-05-15,Organic Search,/blog/summer-sale-guide,15,13,0.5875,243.0,1.57,0.0,0
16441,2026-06-10,Referral,/product/winter-jackets,9,8,0.4063,228.1,2.31,0.0,1
16102,2026-06-03,Social,/home,25,21,0.4811,78.4,2.45,0.0,0
13188,2026-04-06,Organic Search,/pricing,19,18,0.2869,176.3,2.95,1.0,1
13881,2026-04-20,Organic Search,/product/winter-jackets,25,21,0.4097,209.2,1.92,0.0,1
16613,2026-06-13,Direct,/blog/summer-sale-guide,6,6,0.5017,190.2,2.21,0.0,0
12328,2026-03-19,Direct,/blog/how-to-choose-running-shoes,18,16,0.5214,274.8,2.16,1.0,1
11871,2026-03-10,Social,/blog/how-to-choose-running-shoes,14,13,0.594,152.7,1.86,0.0,0
18103,2026-07-13,Direct,/product/running-shoes,12,10,0.3614,229.0,3.11,1.0,2
11285,2026-02-26,Direct,/product/backpacks,5,4,0.3415,243.9,3.25,0.0,0
12552,2026-03-24,Paid Search,/pricing,7,6,0.3667,194.4,2.7,3.0,4
15042,2026-05-13,Paid Search,/contact,6,5,0.6123,60.4,1.51,0.0,0
13587,2026-04-14,Organic Search,/pricing,22,21,0.3607,226.3,2.35,1.0,1
13555,2026-04-13,Referral,/about-us,1,1,0.5197,88.3,,0.0,0
14215,2026-04-26,Social,/contact,2,2,0.7794,83.5,1.41,0.0,0
17556,2026-07-02,Direct,/product/backpacks,12,11,0.2647,235.2,2.72,3.0,3
17916,2026-07-10,Organic Search,/blog/how-to-choose-running-shoes,32,31,0.5324,313.2,2.71,1.0,1
16235,2026-06-06,Paid Search,/blog/how-to-choose-running-shoes,13,12,0.7294,234.0,1.16,3.0,3
10110,2026-02-03,Organic Search,/checkout,7,6,0.2322,231.6,4.08,2.0,2
18590,2026-07-23,Social,/product/running-shoes,13,12,0.5352,75.2,2.13,0.0,0
16334,2026-06-08,Paid Search,/blog/summer-sale-guide,10,9,0.7036,231.6,1.0,0.0,0
16546,2026-06-12,Referral,/pricing,6,5,0.3147,184.3,3.1,1.0,1
18134,2026-07-14,Referral,/product/winter-jackets,14,13,0.4085,214.4,2.43,0.0,0
16590,2026-06-13,Referral,/product/winter-jackets,8,7,0.3863,206.8,2.05,0.0,0
10557,2026-02-12,Organic Search,/checkout,5,4,0.3108,206.5,3.29,0.0,0
18801,2026-07-27,Direct,/product/winter-jackets,14,12,0.3757,240.4,2.54,1.0,1
11102,2026-02-23,Paid Search,/home,28,26,0.4583,190.5,2.91,2.0,2
14875,2026-05-09,Direct,/pricing,2,2,0.199,230.8,3.73,0.0,0
15647,2026-05-25,Referral,/product/backpacks,5,4,0.3714,192.3,3.13,0.0,0
12241,2026-03-18,Organic Search,/about-us,11,10,0.5143,175.5,2.39,0.0,0
17695,2026-07-05,Social,/product/winter-jackets,11,10,0.5204,89.1,2.39,1.0,1
17499,2026-07-01,Social,/about-us,7,6,0.7034,74.4,1.55,0.0,0
18642,2026-07-24,Social,/product/backpacks,7,7,0.5285,127.6,1.66,0.0,0
14315,2026-04-28,Social,/contact,6,6,0.7811,86.8,1.0,0.0,0
13709,2026-04-16,Social,/home,44,40,0.5468,129.1,2.32,1.0,2
10713,2026-02-15,Paid Search,/about-us,7,7,0.5833,119.8,1.99,0.0,0
14528,2026-05-03,Organic Search,/home,40,35,0.3708,132.3,1.8,0.0,2
14105,2026-04-24,Referral,/contact,6,5,0.4754,148.1,2.3,0.0,0
18661,2026-07-25,Organic Search,/product/winter-jackets,23,22,0.4102,208.7,2.31,4.0,4
11221,2026-02-25,Referral,/checkout,7,6,0.1925,243.6,3.27,0.0,0
13354,2026-04-09,Referral,/blog/how-to-choose-running-shoes,12,11,0.5353,240.5,2.3,0.0,0
18557,2026-07-22,Direct,/contact,5,4,0.549,161.0,1.86,0.0,0
18459,2026-07-20,Direct,/checkout,5,4,0.0882,310.1,3.69,0.0,0
12016,2026-03-13,Social,/home,17,15,0.5428,86.7,1.36,1.0,1
12807,2026-03-29,Referral,/blog/summer-sale-guide,6,5,0.6098,208.9,2.28,0.0,0
16417,2026-06-09,Direct,/pricing,7,7,0.3435,311.6,2.57,0.0,0
18572,2026-07-23,Paid Search,/product/winter-jackets,22,20,0.4442,181.5,3.05,1.0,2
17907,2026-07-09,Direct,/blog/summer-sale-guide,16,14,0.5789,259.7,2.27,0.0,0
12188,2026-03-17,Organic Search,/product/backpacks,10,8,0.3907,244.3,2.71,1.0,2
16914,2026-06-19,Direct,/contact,5,5,0.4882,179.3,2.78,0.0,0
15313,2026-05-18,Social,/checkout,4,4,0.3346,110.1,2.98,,2
13940,2026-04-21,Paid Search,/product/running-shoes,21,20,0.4632,159.7,2.78,2.0,4
15429,2026-05-21,Organic Search,/blog/summer-sale-guide,26,23,0.5097,208.4,2.12,1.0,1
12834,2026-03-30,Organic Search,/product/winter-jackets,23,22,0.4147,218.9,2.63,1.0,1
10675,2026-02-14,Referral,/contact,1,1,0.5604,170.9,2.28,0.0,0
18826,2026-07-28,Paid Search,/contact,3,3,0.6443,65.1,1.83,,1
12730,2026-03-27,Direct,/about-us,4,4,0.4077,171.4,2.9,0.0,0
15165,2026-05-15,Direct,/home,22,19,0.327,245.1,2.78,0.0,1
15870,2026-05-29,Direct,/about-us,4,3,0.4655,191.0,2.46,0.0,0
18431,2026-07-20,Referral,/product/running-shoes,15,14,0.3827,207.0,3.03,0.0,0
12989,2026-04-02,Organic Search,/contact,15,14,0.5569,112.8,2.58,1.0,1
18253,2026-07-16,Direct,/product/running-shoes,18,15,0.282,269.9,2.72,0.0,0
16340,2026-06-08,Referral,/product/running-shoes,17,14,0.3778,196.8,3.13,0.0,0
16059,2026-06-02,Social,/contact,2,2,0.7775,29.3,1.0,0.0,0
10683,2026-02-14,Social,/about-us,4,4,0.7306,32.2,1.0,0.0,0
18782,2026-07-27,Referral,/product/backpacks,10,9,0.3639,187.0,2.9,0.0,0
13485,2026-04-12,Organic Search,/about-us,8,7,0.6059,136.4,1.74,0.0,0
16387,2026-06-09,Paid Search,/pricing,9,8,0.4709,146.6,2.18,0.0,0
11153,2026-02-24,Paid Search,/product/running-shoes,18,15,0.4251,187.3,2.88,1.0,1
10890,2026-02-18,Direct,/about-us,5,4,0.4949,203.5,1.63,0.0,0
17143,2026-06-24,Referral,/pricing,2,2,0.285,182.4,2.82,0.0,0
17128,2026-06-24,Paid Search,/product/winter-jackets,12,11,0.4494,193.4,2.8,2.0,2
15958,2026-05-31,Social,/about-us,2,2,0.622,31.9,1.4,0.0,0
15983,2026-06-01,Paid Search,/product/running-shoes,25,21,0.4379,228.8,2.67,2.0,2
10527,2026-02-11,Referral,/checkout,3,3,0.2797,236.9,,0.0,0
18784,2026-07-27,Referral,/blog/summer-sale-guide,8,8,0.5315,222.0,2.12,0.0,0
15327,2026-05-19,Organic Search,/product/backpacks,19,16,0.415,164.1,2.41,0.0,0
16147,2026-06-04,Referral,/blog/summer-sale-guide,7,6,0.581,246.8,2.49,0.0,0
15938,2026-05-31,Paid Search,/blog/summer-sale-guide,9,8,0.7037,,1.21,0.0,0
15113,2026-05-14,Social,/pricing,9,7,0.4726,117.4,1.84,0.0,0
16065,2026-06-02,Direct,/product/backpacks,9,8,0.4351,246.5,2.6,0.0,0
12733,2026-03-28,Organic Search,/home,36,34,0.3405,226.3,3.23,4.0,4
18717,2026-07-26,Organic Search,/pricing,13,11,0.4167,191.1,2.18,1.0,1
14004,2026-04-22,Referral,/blog/summer-sale-guide,4,3,0.5298,291.0,,0.0,0
10055,2026-02-02,Organic Search,/blog/how-to-choose-running-shoes,22,18,0.5758,258.5,1.58,2.0,2
17657,2026-07-04,Direct,/blog/how-to-choose-running-shoes,6,6,0.6083,317.5,2.19,1.0,1
16685,2026-06-15,Paid Search,/contact,4,4,0.6514,119.0,1.0,0.0,0
18242,2026-07-16,Social,/home,23,20,0.5788,124.4,1.74,0.0,1
10767,2026-02-16,Referral,/product/backpacks,3,3,0.324,200.4,3.02,0.0,0
18589,2026-07-23,Social,/home,19,16,0.5335,59.3,2.27,2.0,2
13623,2026-04-14,Direct,/blog/how-to-choose-running-shoes,14,13,0.5102,226.0,2.4,0.0,0
12071,2026-03-14,Social,/about-us,3,3,0.7414,16.4,1.0,0.0,0
13757,2026-04-17,Referral,/pricing,7,6,0.249,208.1,3.06,0.0,2
18168,2026-07-15,Organic Search,/about-us,12,10,0.5078,155.5,2.13,0.0,0
10595,2026-02-12,Direct,/contact,3,3,0.548,,2.31,0.0,0
12856,2026-03-30,Referral,/blog/how-to-choose-running-shoes,8,7,0.5344,304.2,1.54,0.0,0
11249,2026-02-26,Organic Search,/contact,8,7,0.6553,57.3,1.3,0.0,0
18863,2026-07-29,Organic Search,/blog/how-to-choose-running-shoes,31,26,0.5206,232.6,2.61,2.0,2
18939,2026-07-30,Social,/home,14,13,0.6087,85.6,1.67,0.0,0
18635,2026-07-24,Referral,/about-us,4,3,0.4596,183.1,2.25,0.0,0
18207,2026-07-15,Direct,/blog/summer-sale-guide,8,7,0.5311,256.2,2.48,0.0,0
12993,2026-04-02,Paid Search,/product/running-shoes,21,18,0.4092,114.5,2.71,3.0,4
11300,2026-02-27,Organic Search,/pricing,15,14,0.3103,199.9,2.98,0.0,0
14035,2026-04-23,Organic Search,/about-us,16,15,0.4981,148.7,2.23,1.0,1
17609,2026-07-03,Direct,/about-us,5,4,0.4206,203.4,2.33,0.0,0
18928,2026-07-30,Paid Search,/checkout,10,9,0.2998,219.2,3.58,1.0,1
16591,2026-06-13,Referral,/product/backpacks,5,5,0.4205,170.8,2.29,0.0,0
16712,2026-06-15,Direct,/blog/how-to-choose-running-shoes,16,14,0.4221,285.5,1.85,0.0,0
10936,2026-02-19,Direct,/product/backpacks,3,3,0.3892,217.9,2.26,0.0,0
17439,2026-06-30,Referral,/about-us,8,7,0.5298,153.2,1.62,0.0,0
18700,2026-07-25,Direct,/product/running-shoes,8,7,0.2687,248.1,3.24,1.0,1
14874,2026-05-09,Direct,/contact,1,1,0.5766,132.1,2.14,0.0,0
15775,2026-05-28,Organic Search,/product/running-shoes,33,30,0.5012,240.1,2.14,0.0,1
17513,2026-07-02,Organic Search,/home,46,41,0.4757,269.8,2.24,2.0,3
17883,2026-07-09,Referral,/home,20,17,0.3907,232.2,2.62,1.0,1
18457,2026-07-20,Direct,/contact,8,8,0.54,155.9,1.88,0.0,0
17892,2026-07-09,Referral,/checkout,4,4,0.1962,285.1,4.09,0.0,0
18106,2026-07-13,Direct,/blog/how-to-choose-running-shoes,8,8,0.6057,250.7,1.0,0.0,0
16528,2026-06-12,Paid Search,/home,26,25,0.4015,177.5,2.73,2.0,2
13004,2026-04-02,Referral,/product/winter-jackets,12,10,0.3697,237.6,3.21,0.0,0
18035,2026-07-12,Referral,/product/backpacks,5,5,0.3958,182.6,2.88,,1
15367,2026-05-19,Direct,/product/backpacks,8,7,0.4088,197.1,2.84,0.0,0
14314,2026-04-28,Social,/about-us,3,3,0.6964,77.7,1.45,0.0,0
10418,2026-02-09,Referral,/home,16,13,0.3289,216.4,3.39,0.0,0
15975,2026-06-01,Organic Search,/product/backpacks,17,14,0.3318,247.0,2.44,2.0,3
15083,2026-05-14,Organic Search,/pricing,15,14,0.2914,240.1,3.3,2.0,4
16482,2026-06-11,Paid Search,/blog/how-to-choose-running-shoes,22,21,0.6481,191.3,1.8,1.0,3
12858,2026-03-30,Referral,/about-us,5,5,0.5631,136.5,1.84,0.0,0
18323,2026-07-18,Paid Search,/product/running-shoes,12,11,0.4906,177.1,1.23,2.0,2
17126,2026-06-24,Paid Search,/home,30,25,0.409,184.7,2.95,1.0,1
10848,2026-02-18,Organic Search,/blog/how-to-choose-running-shoes,32,29,0.5745,243.4,1.62,0.0,0
13912,2026-04-20,Social,/product/backpacks,15,13,0.5332,124.4,1.89,1.0,1
17692,2026-07-05,Referral,/checkout,1,1,0.2518,208.5,4.04,0.0,0
11890,2026-03-11,Organic Search,/product/backpacks,24,20,0.3577,193.4,3.42,2.0,3
12204,2026-03-17,Paid Search,/checkout,7,6,0.3901,219.4,3.02,1.0,1
18414,2026-07-20,Organic Search,/blog/how-to-choose-running-shoes,29,27,0.6643,250.6,1.18,0.0,1
11023,2026-02-21,Social,/product/running-shoes,11,11,0.5622,93.6,2.49,0.0,0
10873,2026-02-18,Referral,/checkout,5,4,0.3193,259.3,2.73,0.0,1
10226,2026-02-05,Referral,/blog/summer-sale-guide,11,10,0.5029,249.8,2.51,0.0,0
19005,2026-07-31,Direct,/about-us,3,3,0.3909,174.9,3.63,0.0,0
16119,2026-06-03,Direct,/contact,3,2,0.5686,144.2,1.87,0.0,0
15566,2026-05-23,Direct,/product/winter-jackets,6,6,0.3101,223.7,3.49,0.0,0
13977,2026-04-21,Direct,/pricing,4,4,0.1915,235.0,4.66,0.0,1
14622,2026-05-04,Direct,/blog/how-to-choose-running-shoes,6,6,0.5424,311.7,2.73,0.0,0
16324,2026-06-08,Organic Search,/blog/summer-sale-guide,25,21,0.6773,152.1,1.78,0.0,0
10948,2026-02-20,Organic Search,/blog/summer-sale-guide,16,14,0.6131,181.4,1.0,0.0,0
18649,2026-07-24,Direct,/home,19,16,0.4153,241.9,2.38,0.0,1
13702,2026-04-16,Referral,/product/backpacks,4,4,0.4189,198.2,2.99,0.0,0
17720,2026-07-06,Organic Search,/contact,13,12,0.6121,131.5,2.26,0.0,1
16155,2026-06-04,Social,/blog/how-to-choose-running-shoes,13,12,0.7239,180.3,,1.0,1
14451,2026-05-01,Referral,/product/backpacks,7,6,0.3416,188.6,3.47,0.0,0
18260,2026-07-16,Direct,/pricing,5,4,0.2512,265.7,3.45,0.0,0
11698,2026-03-07,Organic Search,/pricing,12,10,0.3118,207.7,3.04,0.0,0
10722,2026-02-15,Referral,/blog/summer-sale-guide,8,7,0.5928,242.0,2.22,1.0,1
14242,2026-04-27,Paid Search,/blog/how-to-choose-running-shoes,11,10,0.5932,253.1,2.47,0.0,0
13093,2026-04-04,Paid Search,/product/winter-jackets,9,8,0.4173,190.9,2.2,2.0,2
14512,2026-05-02,Social,/blog/how-to-choose-running-shoes,5,5,0.7022,129.7,1.28,0.0,0
16537,2026-06-12,Paid Search,/checkout,1,1,0.3233,169.9,2.59,0.0,0
12214,2026-03-17,Referral,/checkout,4,3,0.2667,257.3,3.44,0.0,0
10172,2026-02-04,Referral,/product/running-shoes,9,8,0.318,197.1,3.22,3.0,3
16582,2026-06-13,Paid Search,/blog/how-to-choose-running-shoes,18,15,0.5852,155.8,2.07,0.0,1
13677,2026-04-15,Direct,/pricing,10,9,0.2547,254.3,3.51,1.0,2
17283,2026-06-27,Paid Search,/checkout,4,3,0.3068,,3.39,0.0,0
14823,2026-05-08,Direct,/about-us,6,6,0.4753,161.9,1.77,,0
18248,2026-07-16,Social,/about-us,5,4,0.6871,82.2,1.28,0.0,0
12857,2026-03-30,Referral,/blog/summer-sale-guide,12,10,0.6472,243.6,2.15,1.0,1
11998,2026-03-13,Paid Search,/product/winter-jackets,12,11,0.4436,133.9,2.13,0.0,1
13398,2026-04-10,Paid Search,/pricing,15,13,0.3765,180.4,2.99,0.0,1
18329,2026-07-18,Paid Search,/contact,5,4,0.6912,96.5,1.34,0.0,0
16583,2026-06-13,Paid Search,/blog/summer-sale-guide,11,10,0.5986,168.8,2.2,0.0,0
11897,2026-03-11,Paid Search,/home,22,19,0.4013,160.0,1.97,1.0,1
18367,2026-07-19,Organic Search,/about-us,10,9,0.5551,80.0,2.61,0.0,0
12303,2026-03-19,Paid Search,/pricing,6,5,0.3381,159.2,2.22,0.0,0
15821,2026-05-28,Direct,/contact,5,5,0.4909,143.3,2.16,0.0,0
11933,2026-03-11,Direct,/contact,5,5,0.4618,187.3,2.4,0.0,0
17767,2026-07-07,Organic Search,/blog/how-to-choose-running-shoes,24,21,0.5368,250.2,1.98,3.0,3
11828,2026-03-09,Direct,/product/running-shoes,6,5,0.3299,246.8,2.5,1.0,1
12886,2026-03-31,Organic Search,/blog/how-to-choose-running-shoes,32,29,0.5857,180.2,1.39,0.0,1
14781,2026-05-08,Organic Search,/product/backpacks,15,13,0.4396,270.3,3.17,1.0,1
15386,2026-05-20,Paid Search,/product/winter-jackets,9,8,0.4171,158.4,3.13,2.0,2
17057,2026-06-22,Direct,/product/running-shoes,18,17,0.2869,250.9,3.18,0.0,2
18282,2026-07-17,Referral,/home,15,14,0.3365,205.8,2.96,0.0,0
10795,2026-02-17,Organic Search,/product/running-shoes,32,26,0.3518,249.0,2.72,2.0,3
17946,2026-07-10,Social,/blog/how-to-choose-running-shoes,18,17,0.7153,155.7,1.51,0.0,1
18448,2026-07-20,Social,/pricing,8,7,0.4759,118.5,,0.0,0
15402,2026-05-20,Referral,/pricing,4,4,0.2971,282.5,3.41,0.0,0
12049,2026-03-14,Paid Search,/product/backpacks,9,8,0.5209,133.6,1.82,0.0,0
16967,2026-06-21,Organic Search,/home,39,34,0.3368,248.3,2.87,0.0,0
16758,2026-06-16,Direct,/home,29,26,0.2817,260.1,3.21,5.0,6
18232,2026-07-16,Referral,/home,10,9,0.3239,273.4,2.73,0.0,0
17063,2026-06-22,Direct,/contact,5,4,0.4772,123.5,2.47,0.0,0
10944,2026-02-20,Organic Search,/product/running-shoes,23,21,0.4398,246.9,2.35,0.0,1
13601,2026-04-14,Referral,/product/winter-jackets,3,3,0.3489,222.9,2.8,0.0,0
10666,2026-02-14,Paid Search,/pricing,4,3,0.4713,202.4,2.43,1.0,1
14012,2026-04-22,Social,/product/backpacks,6,5,0.4823,85.3,2.21,0.0,0
10453,2026-02-10,Organic Search,/blog/summer-sale-guide,18,16,0.5809,294.6,1.89,0.0,0
11149,2026-02-24,Organic Search,/contact,11,10,0.6141,117.5,,0.0,0
10337,2026-02-07,Social,/about-us,3,3,0.6537,93.8,2.1,0.0,0
14931,2026-05-11,Organic Search,/blog/summer-sale-guide,25,22,0.5935,239.4,1.49,1.0,1
17674,2026-07-05,Paid Search,/product/running-shoes,16,14,0.4143,242.3,3.01,1.0,3
18592,2026-07-23,Social,/product/backpacks,13,11,0.4839,88.8,2.76,1.0,1
17395,2026-06-29,Social,/product/winter-jackets,17,14,0.5564,114.3,1.52,1.0,1
15648,2026-05-25,Referral,/blog/how-to-choose-running-shoes,9,9,0.5048,276.4,2.16,0.0,0
12184,2026-03-16,Direct,/checkout,1,1,0.206,283.4,3.31,0.0,0
15365,2026-05-19,Direct,/product/running-shoes,15,13,0.3036,194.2,2.56,1.0,1
12509,2026-03-23,Referral,/blog/summer-sale-guide,8,7,0.5077,217.3,2.43,0.0,1
12090,2026-03-15,Organic Search,/blog/summer-sale-guide,12,10,0.5953,258.9,1.32,0.0,0
14820,2026-05-08,Direct,/product/backpacks,9,8,0.405,233.5,3.11,0.0,0
14795,2026-05-08,Paid Search,/contact,6,5,0.6482,79.7,1.0,0.0,0
16781,2026-06-17,Paid Search,/product/backpacks,12,11,0.5237,178.0,1.78,1.0,2
10359,2026-02-08,Organic Search,/checkout,2,2,0.3229,212.2,2.94,1.0,1
18929,2026-07-30,Referral,/home,25,21,0.3323,212.7,2.39,3.0,3
11614,2026-03-05,Referral,/product/backpacks,6,5,0.4392,191.7,2.31,0.0,0
16877,2026-06-19,Paid Search,/home,27,25,0.422,163.1,3.12,0.0,1
17927,2026-07-10,Paid Search,/blog/summer-sale-guide,12,11,0.6951,125.8,1.43,0.0,0
15638,2026-05-25,Paid Search,/blog/how-to-choose-running-shoes,16,15,0.6306,155.4,1.8,1.0,2
16703,2026-06-15,Social,/blog/summer-sale-guide,17,16,0.8121,119.6,1.0,0.0,1
14715,2026-05-06,Social,/contact,6,5,0.7779,54.2,1.36,0.0,0
14562,2026-05-03,Social,/blog/how-to-choose-running-shoes,11,11,0.8222,160.7,1.0,,0
18887,2026-07-29,Referral,/pricing,6,5,0.307,211.6,2.59,0.0,0
14174,2026-04-25,Direct,/about-us,4,4,0.425,156.0,2.07,0.0,0
11703,2026-03-07,Paid Search,/product/backpacks,10,9,0.5268,178.1,2.38,0.0,0
16084,2026-06-03,Paid Search,/product/winter-jackets,18,15,0.4881,152.7,2.21,2.0,2
12650,2026-03-26,Paid Search,/about-us,11,10,0.6646,98.8,1.88,1.0,1
18068,2026-07-13,Organic Search,/about-us,19,16,0.5302,178.6,1.58,1.0,1
13755,2026-04-17,Referral,/about-us,4,4,0.5808,126.7,1.28,0.0,0
13832,2026-04-19,Organic Search,/product/backpacks,23,20,0.3942,228.0,2.73,2.0,4
18555,2026-07-22,Direct,/blog/summer-sale-guide,11,9,0.5529,232.0,1.8,0.0,0
10474,2026-02-10,Referral,/about-us,5,4,0.4708,151.8,2.52,0.0,0
18707,2026-07-25,Direct,/pricing,6,5,0.2153,160.3,2.87,1.0,1
15817,2026-05-28,Direct,/product/backpacks,10,9,0.4106,225.4,2.26,0.0,0
13493,2026-04-12,Paid Search,/blog/how-to-choose-running-shoes,14,12,0.571,,2.4,0.0,0
12415,2026-03-21,Social,/product/running-shoes,10,9,0.5568,176.2,2.87,0.0,0
13663,2026-04-15,Social,/blog/how-to-choose-running-shoes,20,17,0.7362,126.8,1.32,0.0,0
17935,2026-07-10,Referral,/product/backpacks,6,6,0.445,232.7,2.75,1.0,1
12027,2026-03-13,Direct,/product/running-shoes,6,5,0.3013,243.3,3.01,0.0,0
13535,2026-04-13,Organic Search,/about-us,16,14,0.5218,138.2,2.57,1.0,1
16362,2026-06-08,Direct,/product/backpacks,8,7,0.3232,213.2,2.66,2.0,2
12638,2026-03-26,Organic Search,/blog/how-to-choose-running-shoes,28,26,0.64,252.1,1.42,0.0,1
18295,2026-07-17,Social,/product/backpacks,8,7,0.51,144.5,2.1,0.0,0
11479,2026-03-02,Social,/pricing,6,5,0.5549,111.7,2.28,1.0,1
18733,2026-07-26,Referral,/blog/how-to-choose-running-shoes,7,6,0.5577,282.0,1.0,0.0,0
17548,2026-07-02,Social,/blog/summer-sale-guide,13,11,0.8202,148.8,1.0,0.0,0
16612,2026-06-13,Direct,/blog/how-to-choose-running-shoes,5,4,0.5075,303.0,1.15,0.0,0
10054,2026-02-02,Organic Search,/product/backpacks,22,21,0.398,231.3,3.6,0.0,0
18539,2026-07-22,Referral,/checkout,2,2,0.224,220.6,3.07,1.0,1
18261,2026-07-16,Direct,/checkout,3,3,0.2013,325.0,3.83,0.0,0
13619,2026-04-14,Direct,/home,25,21,0.4218,231.8,2.48,0.0,1
15197,2026-05-16,Referral,/product/winter-jackets,3,3,0.5126,,1.79,,0
18771,2026-07-27,Paid Search,/product/winter-jackets,23,19,0.4791,206.8,2.7,2.0,2
12775,2026-03-28,Direct,/product/winter-jackets,6,6,0.3249,242.5,3.27,0.0,0
14430,2026-05-01,Organic Search,/product/winter-jackets,21,18,0.4591,185.0,2.48,2.0,2
17818,2026-07-08,Organic Search,/blog/summer-sale-guide,27,23,0.6734,252.2,1.65,0.0,0
13344,2026-04-09,Paid Search,/blog/how-to-choose-running-shoes,23,20,0.6333,224.5,2.01,2.0,2
15488,2026-05-22,Paid Search,/blog/how-to-choose-running-shoes,17,16,0.5642,197.1,1.47,0.0,0
11240,2026-02-25,Direct,/pricing,8,8,0.2512,296.2,3.53,1.0,1
10785,2026-02-16,Direct,/product/running-shoes,10,10,0.3322,227.9,3.14,1.0,1
15270,2026-05-17,Direct,/about-us,4,3,0.5137,143.8,2.19,0.0,0
15255,2026-05-17,Social,/product/running-shoes,17,14,0.5649,95.3,1.84,0.0,0
15234,2026-05-17,Organic Search,/checkout,4,4,0.3076,255.4,2.94,0.0,0
18127,2026-07-14,Paid Search,/blog/summer-sale-guide,13,13,0.6795,231.2,1.74,2.0,2
16690,2026-06-15,Referral,/product/winter-jackets,8,7,0.2951,218.6,3.65,1.0,1
15680,2026-05-26,Organic Search,/about-us,15,13,0.4956,118.9,2.97,0.0,0
11975,2026-03-12,Social,/checkout,5,5,0.5226,157.3,2.34,0.0,0
16564,2026-06-12,Direct,/about-us,5,5,0.5616,160.9,1.48,0.0,0
13581,2026-04-14,Organic Search,/product/winter-jackets,25,24,0.4525,231.9,2.31,1.0,1
16604,2026-06-13,Social,/about-us,2,2,0.7536,101.6,1.0,,0
11107,2026-02-23,Paid Search,/blog/summer-sale-guide,11,10,0.6555,165.2,1.16,0.0,0
13128,2026-04-04,Direct,/contact,7,7,0.5598,201.2,2.56,0.0,0
12123,2026-03-15,Social,/pricing,3,3,0.5019,109.1,2.32,0.0,0
13236,2026-04-07,Organic Search,/about-us,19,16,0.4401,168.5,2.04,1.0,1
16189,2026-06-05,Paid Search,/pricing,9,8,0.4732,114.1,3.1,0.0,0
10640,2026-02-13,Direct,/product/winter-jackets,15,12,0.3003,241.9,3.14,0.0,0
13778,2026-04-17,Direct,/checkout,5,5,0.1828,231.5,4.08,2.0,2
13383,2026-04-10,Organic Search,/product/backpacks,21,19,0.343,223.8,2.68,1.0,1
13664,2026-04-15,Social,/blog/summer-sale-guide,16,14,0.6926,142.9,1.49,0.0,0
18423,2026-07-20,Paid Search,/product/backpacks,12,11,0.4808,155.9,1.96,1.0,1
14060,2026-04-23,Social,/product/winter-jackets,7,7,0.5282,115.3,2.13,1.0,1
14652,2026-05-05,Referral,/blog/how-to-choose-running-shoes,6,6,0.5696,240.3,1.44,0.0,0
14929,2026-05-11,Organic Search,/product/backpacks,19,18,0.4321,181.8,2.77,1.0,1
14111,2026-04-24,Social,/product/backpacks,11,9,0.5538,95.7,2.14,0.0,0
10099,2026-02-02,Direct,/pricing,6,5,0.2605,220.1,3.49,0.0,0
11431,2026-03-01,Direct,/home,10,9,0.2844,221.3,3.13,2.0,2
12693,2026-03-27,Organic Search,/checkout,8,7,0.2003,283.5,3.79,1.0,2
11888,2026-03-11,Organic Search,/product/running-shoes,31,30,0.4872,193.5,2.6,1.0,1
15102,2026-05-14,Referral,/contact,4,4,,150.3,1.57,0.0,0
16541,2026-06-12,Referral,/product/backpacks,6,6,0.4486,180.7,1.59,,0
17103,2026-06-23,Social,/contact,9,8,0.823,31.2,1.0,0.0,0
12901,2026-03-31,Paid Search,/checkout,3,2,0.2123,163.7,3.63,1.0,1
13652,2026-04-15,Referral,/product/backpacks,10,8,0.4106,189.2,1.94,0.0,0
12061,2026-03-14,Referral,/blog/summer-sale-guide,5,5,0.5262,254.2,2.16,0.0,0
16406,2026-06-09,Social,/contact,5,4,0.7981,36.9,1.0,0.0,0
10295,2026-02-06,Direct,/blog/how-to-choose-running-shoes,8,7,0.4428,273.9,2.56,0.0,0
18412,2026-07-20,Organic Search,/product/winter-jackets,31,28,0.3908,184.4,2.94,1.0,1
16092,2026-06-03,Referral,/home,17,16,0.3196,175.0,3.12,1.0,1
12354,2026-03-20,Referral,/home,11,10,0.2919,206.4,3.37,0.0,0
10160,2026-02-04,Organic Search,/checkout,8,7,0.2852,234.2,3.78,0.0,0
11237,2026-02-25,Direct,/blog/summer-sale-guide,9,8,0.4873,268.6,2.23,0.0,0
17778,2026-07-07,Paid Search,/blog/summer-sale-guide,21,20,0.6845,204.5,1.19,1.0,1
17502,2026-07-01,Social,/checkout,4,4,0.4236,99.7,2.31,1.0,2
16839,2026-06-18,Referral,/product/winter-jackets,11,9,0.2969,167.7,3.25,1.0,2
10910,2026-02-19,Paid Search,/about-us,7,6,0.5105,94.3,2.46,0.0,0
17448,2026-06-30,Social,/blog/summer-sale-guide,9,9,0.6749,139.5,1.0,0.0,0
17867,2026-07-09,Organic Search,/blog/how-to-choose-running-shoes,36,33,0.5711,261.9,1.53,2.0,2
17013,2026-06-21,Direct,/about-us,2,2,0.4364,167.8,2.85,0.0,0
18513,2026-07-22,Organic Search,/product/backpacks,16,15,0.4087,222.6,2.43,1.0,1
13809,2026-04-18,Social,/home,35,33,0.5786,146.2,2.51,1.0,2
10015,2026-02-01,Paid Search,/blog/how-to-choose-running-shoes,8,7,0.6311,245.3,1.93,0.0,0
13465,2026-04-11,Social,/blog/summer-sale-guide,22,20,0.6863,,1.55,0.0,0
13476,2026-04-11,Direct,/about-us,4,4,0.4425,181.7,,0.0,0
14559,2026-05-03,Social,/product/running-shoes,8,7,0.5914,109.2,1.0,0.0,0
11693,2026-03-07,Organic Search,/product/backpacks,7,6,0.4843,208.1,1.62,1.0,1
13700,2026-04-16,Referral,/product/running-shoes,15,15,0.2903,223.6,2.99,1.0,1
13874,2026-04-19,Direct,/blog/summer-sale-guide,7,6,0.4706,210.0,2.59,0.0,0
11720,2026-03-07,Social,/home,12,11,0.6279,109.1,1.39,0.0,0
18927,2026-07-30,Paid Search,/pricing,11,9,0.4881,188.1,1.75,2.0,3
15978,2026-06-01,Organic Search,/about-us,15,14,0.5579,177.0,1.87,0.0,0
14970,2026-05-11,Direct,/blog/summer-sale-guide,11,10,0.5005,244.7,2.6,0.0,1
14563,2026-05-03,Social,/blog/summer-sale-guide,2,2,0.7588,142.6,1.9,0.0,0
15038,2026-05-13,Paid Search,/product/backpacks,12,11,0.5071,,1.3,1.0,1
18484,2026-07-21,Referral,/blog/how-to-choose-running-shoes,12,10,0.4717,216.7,2.36,0.0,0
10234,2026-02-05,Social,/product/backpacks,6,5,0.6208,79.9,1.31,1.0,1
13482,2026-04-12,Organic Search,/product/backpacks,16,15,0.3337,237.4,3.17,0.0,0
18019,2026-07-12,Organic Search,/contact,9,8,0.64,102.6,1.95,1.0,1
11305,2026-02-27,Paid Search,/product/backpacks,10,9,0.3927,168.6,3.74,0.0,0
12272,2026-03-18,Social,/contact,2,2,0.7571,10.0,1.56,0.0,0
17741,2026-07-06,Referral,/pricing,12,11,0.3109,216.4,3.26,0.0,0
16431,2026-06-10,Paid Search,/product/winter-jackets,12,11,0.4178,176.9,2.23,2.0,4
16930,2026-06-20,Paid Search,/product/backpacks,8,8,,171.4,2.18,1.0,1
13132,2026-04-05,Organic Search,/product/running-shoes,21,19,0.3201,202.7,3.46,1.0,1
16514,2026-06-11,Direct,/about-us,2,2,0.5078,192.5,1.76,0.0,0
12026,2026-03-13,Direct,/home,10,9,0.4616,203.3,2.53,0.0,0
13395,2026-04-10,Paid Search,/blog/summer-sale-guide,14,12,0.6566,170.8,1.91,1.0,1
15338,2026-05-19,Paid Search,/blog/how-to-choose-running-shoes,12,11,0.7334,241.1,1.15,1.0,2
16773,2026-06-17,Organic Search,/blog/summer-sale-guide,26,24,0.5459,241.4,1.72,0.0,0
12977,2026-04-01,Direct,/blog/summer-sale-guide,13,12,0.4418,287.3,2.62,0.0,0
10526,2026-02-11,Referral,/pricing,6,6,0.3684,292.6,2.97,0.0,0
17536,2026-07-02,Referral,/product/backpacks,14,14,0.3934,199.1,2.11,0.0,0
11081,2026-02-22,Social,/checkout,5,5,0.4018,121.5,2.48,0.0,0
13444,2026-04-11,Paid Search,/blog/how-to-choose-running-shoes,28,24,0.6118,237.7,2.41,2.0,2
10306,2026-02-07,Organic Search,/blog/summer-sale-guide,16,14,0.597,258.5,2.01,1.0,1
16972,"June 21, 2026",Organic Search,/blog/summer-sale-guide,18,17,0.6528,257.6,1.66,1.0,1
14686,2026-05-06,Organic Search,/pricing,16,15,0.3892,213.2,3.13,0.0,0
15443,2026-05-21,Paid Search,/checkout,3,3,0.3495,238.3,2.86,0.0,1
15472,2026-05-21,Direct,/pricing,14,14,0.2709,223.7,3.4,0.0,1
17525,2026-07-02,Paid Search,/product/winter-jackets,16,15,0.3318,226.2,2.78,0.0,0
13788,2026-04-18,Organic Search,/checkout,10,9,0.219,250.1,3.57,0.0,0
10252,2026-02-06,Organic Search,/product/running-shoes,27,25,0.4086,187.7,2.68,0.0,1
16306,2026-06-07,Social,/about-us,3,3,0.6656,95.2,1.49,0.0,0
10391,2026-02-08,Direct,/product/backpacks,4,3,0.3195,245.2,2.57,0.0,1
11468,2026-03-02,Referral,/contact,2,2,0.5447,143.9,2.1,0.0,0
18656,2026-07-24,Direct,/contact,5,4,0.5326,159.3,1.86,0.0,0
15459,2026-05-21,Social,/blog/summer-sale-guide,14,12,0.7247,120.2,1.0,0.0,0
11985,2026-03-12,Direct,/checkout,4,4,0.2221,247.9,2.67,0.0,1
11934,2026-03-11,Direct,/pricing,1,1,0.3459,312.3,2.05,0.0,0
12105,2026-03-15,Referral,/home,11,10,0.3421,197.9,2.78,0.0,0
17801,2026-07-07,Social,/pricing,4,4,0.4495,118.8,2.34,1.0,1
12395,2026-03-21,Paid Search,/product/running-shoes,16,14,0.4403,193.2,2.09,1.0,2
14248,2026-04-27,Referral,/home,10,9,0.3715,249.6,2.56,1.0,1
15621,2026-05-24,Direct,/contact,3,2,,104.0,1.4,0.0,0
18849,2026-07-28,Direct,/home,17,15,0.2966,197.2,1.9,1.0,1
10828,2026-02-17,Social,/blog/how-to-choose-running-shoes,10,10,0.7366,170.4,1.5,0.0,0
12070,2026-03-14,Social,/blog/summer-sale-guide,6,6,0.798,148.1,1.0,0.0,0
18902,2026-07-29,Direct,/product/backpacks,7,6,0.453,241.0,2.36,0.0,0
16845,2026-06-18,Referral,/pricing,3,3,0.3753,264.2,2.6,0.0,0
12437,2026-03-22,Organic Search,/product/backpacks,12,10,0.4014,195.6,2.1,0.0,0
18093,2026-07-13,Social,/product/running-shoes,13,12,0.4828,93.5,2.76,0.0,0
18111,2026-07-13,Direct,/checkout,1,1,0.2148,238.2,3.39,0.0,0
14909,2026-05-10,Social,/product/backpacks,2,2,0.5912,145.5,2.28,0.0,0
15263,2026-05-17,Social,/checkout,5,4,0.3841,66.7,3.62,0.0,0
12745,2026-03-28,Paid Search,/product/winter-jackets,6,5,0.3791,75.7,2.72,1.0,3
14461,2026-05-01,Social,/product/backpacks,6,5,0.5545,110.2,2.26,0.0,0
17186,2026-06-25,Referral,/product/running-shoes,11,10,0.4108,292.6,2.69,,1
13902,2026-04-20,Referral,/product/backpacks,10,10,0.4074,228.0,2.15,0.0,0
13009,2026-04-02,Referral,/contact,9,9,0.6245,162.6,1.72,0.0,0
16717,2026-06-15,Direct,/checkout,2,2,0.2426,232.0,3.12,0.0,1
18648,2026-07-24,Social,/checkout,3,3,0.4717,132.1,2.55,0.0,0
11351,2026-02-28,Organic Search,/checkout,4,4,0.2237,217.6,3.37,0.0,0
16460,2026-06-10,Direct,/product/winter-jackets,9,9,0.3021,226.0,3.03,1.0,1
14780,2026-05-08,Organic Search,/product/winter-jackets,22,19,0.3966,226.5,2.02,0.0,0
18008,2026-07-11,Direct,/about-us,5,4,0.4606,183.9,2.53,0.0,0
17147,2026-06-24,Social,/product/winter-jackets,10,9,0.5406,90.5,2.57,0.0,0
14642,2026-05-05,Paid Search,/blog/how-to-choose-running-shoes,13,12,0.6418,238.3,2.27,0.0,0
18955,2026-07-30,Direct,/about-us,8,7,0.5047,196.3,1.87,0.0,0
17655,2026-07-04,Direct,/product/winter-jackets,7,7,0.2738,200.4,3.9,0.0,0
10067,2026-02-02,Paid Search,/about-us,9,7,0.5819,157.1,2.05,0.0,0
11951,2026-03-12,Paid Search,/blog/summer-sale-guide,15,14,0.6555,197.8,1.12,1.0,3
15159,2026-05-15,Social,/blog/how-to-choose-running-shoes,11,10,0.705,142.9,1.04,0.0,0
15812,2026-05-28,Social,/pricing,8,7,0.4343,79.3,2.81,0.0,0
12421,2026-03-21,Social,/contact,4,3,0.8004,66.2,1.0,0.0,0
12692,2026-03-27,Organic Search,/pricing,11,10,0.3708,186.8,2.8,2.0,2
14331,2026-04-29,Organic Search,/product/backpacks,29,26,0.3122,220.8,3.04,2.0,2
13356,2026-04-09,Referral,/about-us,9,9,0.475,124.5,2.5,0.0,1
10646,2026-02-13,Direct,/pricing,3,3,0.1471,275.1,4.19,0.0,0
12348,2026-03-20,Paid Search,/blog/how-to-choose-running-shoes,14,12,0.6567,,1.2,0.0,0
15919,2026-05-30,Direct,/about-us,3,3,0.4582,227.2,2.39,0.0,0
10542,2026-02-11,Direct,/blog/how-to-choose-running-shoes,6,5,0.4873,239.6,2.85,0.0,0
15392,2026-05-20,Paid Search,/pricing,12,11,0.4062,143.7,3.06,1.0,1
18499,2026-07-21,Social,/checkout,1,1,0.4065,98.1,3.06,0.0,0
17085,2026-06-23,Paid Search,/checkout,4,4,0.3564,204.2,2.93,2.0,3
15405,2026-05-20,Social,/product/running-shoes,10,9,0.4904,121.5,2.14,1.0,1
10130,2026-02-03,Referral,/checkout,3,3,0.2172,287.4,3.06,0.0,0
18588,2026-07-23,Referral,/pricing,6,5,0.2178,,3.53,0.0,0
11930,2026-03-11,Direct,/blog/how-to-choose-running-shoes,10,10,0.4721,261.7,2.16,0.0,0
14423,2026-04-30,Direct,/blog/summer-sale-guide,13,11,0.5872,292.4,1.36,0.0,0
13764,2026-04-17,Social,/blog/summer-sale-guide,17,16,0.6894,158.9,1.02,1.0,1
10308,2026-02-07,Organic Search,/contact,9,8,0.6622,77.3,1.34,0.0,0
17885,2026-07-09,Referral,/product/winter-jackets,11,10,0.3505,222.3,2.48,1.0,1
17636,2026-07-04,Referral,/product/backpacks,2,2,0.4108,163.3,,0.0,0
14592,2026-05-04,Paid Search,/blog/how-to-choose-running-shoes,12,10,0.582,206.0,1.93,2.0,2
17441,2026-06-30,Referral,/pricing,9,8,0.2331,209.3,3.94,1.0,1
13081,2026-04-04,Organic Search,/home,27,26,0.419,191.0,2.21,0.0,0
18577,2026-07-23,Paid Search,/contact,5,5,0.6353,52.1,1.41,1.0,1
12701,2026-03-27,Paid Search,/contact,8,7,0.7431,60.2,,0.0,0
14494,2026-05-02,Paid Search,/about-us,5,4,0.5676,118.5,1.54,1.0,1
17091,2026-06-23,Referral,/blog/summer-sale-guide,8,7,0.5974,263.5,1.0,0.0,0
17820,2026-07-08,Organic Search,/contact,10,9,0.6902,148.4,1.05,0.0,0
18678,2026/07/25,Paid Search,/checkout,7,6,0.3046,218.0,2.49,0.0,0
16869,2026-06-19,Organic Search,/product/winter-jackets,29,27,0.4192,,2.29,3.0,4
12581,2026-03-24,Direct,/contact,5,4,0.6014,158.9,1.46,0.0,0
12811,2026-03-29,Referral,/checkout,3,3,0.2826,232.6,2.87,0.0,0
10162,2026-02-04,Paid Search,/product/running-shoes,16,14,0.4864,215.5,1.54,2.0,2
18807,2026-07-27,Direct,/pricing,6,6,0.2544,225.5,4.26,0.0,0
17660,2026-07-04,Direct,/contact,3,3,0.5449,146.5,1.73,0.0,0
15136,2026-05-15,Paid Search,/product/running-shoes,19,18,0.4185,167.9,2.77,2.0,3
18891,2026-07-29,Social,/product/winter-jackets,11,9,0.5832,165.0,1.5,0.0,0
17582,2026-07-03,Paid Search,/checkout,2,2,0.3468,190.3,2.96,0.0,0
13122,2026-04-04,Direct,/product/running-shoes,9,8,0.3497,240.7,1.97,1.0,2
14023,2026-04-22,Direct,/blog/how-to-choose-running-shoes,13,12,0.4505,263.7,2.85,0.0,0
14756,2026-05-07,Referral,/pricing,8,7,0.2798,156.0,2.91,0.0,0
16023,2026-06-02,Organic Search,/product/running-shoes,41,37,0.4367,167.1,2.49,1.0,1
11950,2026-03-12,Paid Search,/blog/how-to-choose-running-shoes,14,12,0.6798,183.1,1.0,0.0,0
16165,2026-06-04,Direct,/blog/how-to-choose-running-shoes,18,15,0.4734,289.8,3.18,4.0,4
14666,2026-05-05,Social,/pricing,6,5,0.4202,139.8,2.36,0.0,0
15657,05-25-2026,Social,/product/backpacks,9,8,0.5703,52.3,1.51,0.0,0
11592,2026-03-05,Organic Search,/product/running-shoes,26,24,0.38,164.5,2.6,1.0,1
12702,2026-03-27,Paid Search,/pricing,7,6,0.3365,162.6,3.39,0.0,0
12530,2026-03-23,Direct,/about-us,7,6,0.4416,198.2,2.03,1.0,1
12082,2026-03-14,Direct,/contact,2,2,0.5451,165.0,2.52,0.0,0
17551,2026-07-02,Social,/pricing,9,9,0.447,186.1,2.85,0.0,0
14144,2026-04-25,Paid Search,/about-us,6,6,0.6249,148.6,1.85,0.0,0
15692,2026-05-26,Paid Search,/pricing,8,7,0.4172,167.7,2.07,1.0,1
16022,2026-06-02,Organic Search,/home,50,45,0.3599,205.3,2.78,8.0,8
11847,2026-03-10,Paid Search,/home,29,24,0.3961,150.2,3.31,0.0,2
16598,2026-06-13,Social,/home,21,18,0.5772,45.0,1.56,1.0,1
18835,2026-07-28,Referral,/about-us,7,6,,150.0,2.66,1.0,1
11269,2026-02-26,Referral,/contact,3,3,0.6106,148.4,1.34,0.0,0
16655,2026-06-14,Social,/contact,3,3,0.7724,69.7,1.6,0.0,0
13231,2026-04-07,Organic Search,/product/running-shoes,42,36,0.3773,253.9,3.03,3.0,4
15891,2026-05-30,Paid Search,/contact,6,5,0.6925,81.9,1.66,0.0,0
16003,2026-06-01,Social,/product/running-shoes,12,12,0.5293,,1.37,1.0,1
10997,2026-02-21,Organic Search,/blog/summer-sale-guide,23,22,0.665,227.2,1.29,1.0,1
10045,2026-02-01,Direct,/blog/how-to-choose-running-shoes,8,7,0.4243,296.1,3.06,1.0,1
15453,2026-05-21,Referral,/checkout,2,2,0.1496,230.8,3.67,0.0,0
16924,2026-06-20,Organic Search,/contact,14,12,0.6635,98.1,1.3,0.0,0
14463,2026-05-01,Social,/blog/summer-sale-guide,13,11,0.6991,94.4,1.74,0.0,0
17753,2026-07-06,Direct,/home,24,23,0.3354,229.2,3.48,3.0,5
16825,2026-06-18,Organic Search,/pricing,19,18,0.3286,251.4,3.19,0.0,0
18453,2026-07-20,Direct,/product/backpacks,5,4,0.3877,212.0,2.84,1.0,1
17841,2026-07-08,Referral,/pricing,3,2,0.2303,246.8,4.09,0.0,0
12861,2026-03-30,Referral,/checkout,2,2,0.2577,217.2,3.0,0.0,0
16443,2026-06-10,Referral,/blog/how-to-choose-running-shoes,8,7,0.6162,279.6,1.74,0.0,0
12624,2026-03-25,Direct,/home,21,18,0.2387,225.0,3.59,,2
16163,2026-06-04,Direct,/product/winter-jackets,13,11,0.2969,282.6,3.6,0.0,0
14669,2026-05-05,Direct,/product/running-shoes,12,10,0.3494,296.7,2.31,1.0,1
18964,2026-07-31,Organic Search,/blog/summer-sale-guide,31,29,0.6124,193.5,1.14,0.0,0
13327,2026-04-08,Direct,/contact,4,4,0.4748,165.5,2.47,0.0,0
10600,2026-02-13,Organic Search,/product/winter-jackets,23,21,0.4371,234.8,2.47,2.0,3
18612,2026-07-24,Organic Search,/product/backpacks,19,16,0.3972,184.3,2.72,0.0,2
15399,2026/05/20,Referral,/blog/summer-sale-guide,7,6,0.4831,225.4,2.5,1.0,1
12205,2026-03-17,Referral,/home,12,11,0.3876,195.6,3.43,1.0,1
11813,2026-03-09,Referral,/blog/summer-sale-guide,6,5,0.5528,224.9,,0.0,1
16316,2026-06-07,Direct,/contact,3,3,0.5822,123.1,2.72,0.0,0
18468,2026-07-21,Organic Search,/pricing,21,20,0.2494,240.6,3.31,1.0,1
10706,2026-02-15,Organic Search,/checkout,6,5,0.1895,208.4,3.69,0.0,0
13843,2026-04-19,Paid Search,/blog/how-to-choose-running-shoes,16,14,0.6036,252.0,,0.0,0
18306,2026-07-17,Direct,/blog/how-to-choose-running-shoes,11,10,0.5023,288.2,2.07,0.0,0
17665,2026-07-05,Organic Search,/product/winter-jackets,12,11,0.4144,187.7,2.51,1.0,1
16125,2026-06-04,Organic Search,/product/backpacks,18,16,0.495,137.0,2.62,0.0,0
14014,2026-04-22,Social,/blog/summer-sale-guide,8,8,0.7609,145.9,1.0,0.0,1
13229,2026-04-06,Direct,/checkout,8,7,0.0996,236.2,4.16,0.0,0
10142,2026-02-03,Direct,/product/running-shoes,16,14,0.3525,178.9,3.41,0.0,0
16160,2026-06-04,Social,/checkout,8,7,0.4409,123.7,2.2,1.0,1
17936,2026-07-10,Referral,/blog/how-to-choose-running-shoes,10,9,0.479,295.6,2.2,0.0,0
18097,2026-07-13,Social,/blog/summer-sale-guide,15,14,0.8097,86.0,1.0,0.0,0
11566,2026-03-04,Referral,/blog/summer-sale-guide,5,4,0.5532,238.9,1.87,0.0,0
13766,2026-04-17,Social,/contact,10,9,0.8348,67.2,1.57,0.0,0
13989,2026-04-22,Paid Search,/home,28,26,0.389,155.1,3.55,0.0,0
12413,2026-03-21,Referral,/checkout,1,1,0.2122,226.7,3.43,0.0,0
13532,2026-04-13,Organic Search,/product/backpacks,25,22,0.4076,246.6,2.61,0.0,2
18297,2026-07-17,Social,/blog/summer-sale-guide,9,8,0.614,122.2,2.25,0.0,0
17437,2026-06-30,Referral,/blog/how-to-choose-running-shoes,15,13,0.514,267.0,2.79,0.0,0
18943,2026-07-30,Social,/blog/how-to-choose-running-shoes,13,12,0.7489,109.5,1.0,0.0,0
12330,2026-03-19,Direct,/about-us,6,5,0.4274,206.5,3.35,0.0,0
13890,2026-04-20,Paid Search,/product/running-shoes,35,33,0.4347,174.5,2.21,2.0,4
12863,2026-03-30,Social,/product/running-shoes,20,18,0.5711,108.7,1.8,0.0,0
17372,2026-06-29,Organic Search,/checkout,10,10,0.2555,239.9,3.64,3.0,3
15666,2026-05-25,Direct,/product/winter-jackets,13,12,0.3287,211.3,3.35,0.0,1
15716,2026-05-26,Direct,/product/winter-jackets,13,12,0.3372,237.1,2.99,1.0,1
14193,2026-04-26,Paid Search,/blog/summer-sale-guide,8,7,0.7284,196.1,1.65,0.0,0
12516,2026-03-23,Social,/product/winter-jackets,9,9,0.5117,90.2,1.63,0.0,0
13565,2026-04-13,Social,/about-us,14,12,0.6926,91.9,,,0
10085,2026-02-02,Social,/blog/how-to-choose-running-shoes,8,7,0.6279,126.0,2.31,0.0,0
16846,2026-06-18,Referral,/checkout,3,3,0.3026,196.1,3.64,1.0,1
14106,2026-04-24,Referral,/pricing,5,5,0.2942,238.0,3.05,1.0,1
11340,2026-02-27,Direct,/pricing,2,2,0.2965,205.2,3.34,0.0,0
14870,2026-05-09,Direct,/product/backpacks,12,11,0.2851,194.3,3.28,0.0,1
15482,2026-05-22,Organic Search,/pricing,15,13,0.3814,235.3,2.75,1.0,1
17307,2026-06-27,Direct,/product/backpacks,7,7,0.4254,234.5,1.57,1.0,1
10277,2026-02-06,Referral,/about-us,4,4,0.5433,172.1,,0.0,0
11409,2026-03-01,Paid Search,/contact,6,6,0.6102,60.0,1.78,0.0,0
11373,2026-02-28,Social,/product/running-shoes,7,6,0.6426,84.0,1.73,0.0,0
13845,2026-04-19,Paid Search,/about-us,6,6,0.5456,118.9,2.39,0.0,0
13995,2026-04-22,Paid Search,/about-us,7,6,0.6449,77.8,1.85,1.0,1
18283,2026-07-17,Referral,/product/running-shoes,13,11,0.4001,258.6,2.6,1.0,2
16910,06-19-2026,Direct,/product/backpacks,9,8,0.4193,243.8,2.44,0.0,0
11907,2026-03-11,Referral,/home,18,16,0.3683,230.0,3.34,1.0,1
12700,2026-03-27,Paid Search,/about-us,9,7,0.5233,76.6,2.56,0.0,0
17388,2026-06-29,Referral,/blog/summer-sale-guide,12,11,,252.3,1.46,2.0,2
11824,2026-03-09,Social,/contact,5,5,0.7519,14.6,1.3,0.0,0
15421,2026-05-20,Direct,/contact,3,3,0.6214,192.6,1.94,0.0,0
18185,2026-07-15,Referral,/product/backpacks,4,3,0.394,220.0,2.33,0.0,0
17371,2026-06-29,Organic Search,/pricing,17,15,0.3652,212.2,2.99,3.0,3
11427,2026-03-01,Social,/about-us,3,3,0.72,100.5,1.0,0.0,0
15089,2026-05-14,Paid Search,/blog/how-to-choose-running-shoes,13,11,0.5053,208.8,2.38,0.0,0
14462,2026-05-01,Social,/blog/how-to-choose-running-shoes,11,9,0.7126,118.5,1.72,0.0,0
12072,2026-03-14,Social,/contact,3,2,0.7406,20.6,1.13,0.0,0
17514,2026-07-02,Organic Search,/product/running-shoes,33,28,0.282,191.4,2.37,0.0,3
10999,2026-02-21,Organic Search,/contact,2,2,0.6235,133.1,2.42,0.0,0
17503,2026-07-01,Direct,/home,14,13,0.2497,201.6,3.31,0.0,0
13109,2026-04-04,Referral,/pricing,3,3,0.3103,271.6,3.02,0.0,0
12289,2026-03-19,Organic Search,/blog/how-to-choose-running-shoes,32,28,0.5539,207.8,1.48,1.0,1
12715,2026-03-27,Social,/product/running-shoes,12,10,0.5872,78.1,,0.0,0
11343,2026-02-28,Organic Search,/product/running-shoes,23,20,0.3674,167.3,2.49,2.0,3
18109,2026-07-13,Direct,/contact,5,5,0.6461,150.9,1.9,0.0,0
12147,2026-03-16,Paid Search,/product/winter-jackets,11,10,0.4102,157.0,2.37,2.0,3
10168,2026-02-04,Paid Search,/contact,3,3,0.7194,73.8,1.06,0.0,0
18689,2026-07-25,Social,/home,14,13,0.5672,103.0,2.07,0.0,0
15846,2026-05-29,Referral,/product/winter-jackets,9,8,0.4235,206.5,2.98,1.0,1
16420,2026-06-10,Organic Search,/product/running-shoes,32,30,0.3299,160.1,3.39,3.0,4
13162,2026-04-05,Social,/product/winter-jackets,14,12,0.6164,47.0,1.17,0.0,0
16912,2026-06-19,Direct,/blog/summer-sale-guide,11,9,0.5254,253.6,2.18,1.0,1
10220,2026-02-05,Paid Search,/checkout,6,5,0.436,208.5,,1.0,1
12482,2026-03-22,Direct,/pricing,4,4,0.3089,309.3,3.7,0.0,0
18983,2026-07-31,Referral,/blog/how-to-choose-running-shoes,13,12,0.51,263.4,2.69,0.0,0
16470,2026-06-11,Organic Search,/product/winter-jackets,28,23,0.4873,173.9,2.47,2.0,4
13731,2026-04-17,Organic Search,/product/winter-jackets,32,30,0.397,167.2,2.48,0.0,0
11538,2026-03-03,Direct,/contact,6,6,0.5111,125.0,2.0,0.0,0
15961,2026-05-31,Social,/checkout,5,4,0.47,155.3,2.2,1.0,1
16955,2026-06-20,Social,/pricing,7,6,0.452,108.7,1.87,0.0,0
18498,2026-07-21,Social,/pricing,5,4,0.5099,115.2,2.02,0.0,0
18045,2026-07-12,Social,/product/backpacks,9,8,0.5592,96.7,2.47,0.0,0
16947,2026-06-20,Social,/home,23,19,0.4511,95.6,2.59,2.0,2
15746,2026-05-27,Referral,/product/winter-jackets,6,6,0.3995,267.3,2.97,0.0,0
18389,2026-07-19,Referral,/pricing,5,5,0.3738,192.3,2.89,,1
15261,2026-05-17,Social,/contact,5,5,0.8213,51.1,,0.0,0
17990,2026-07-11,Referral,/pricing,5,4,0.3743,267.9,3.1,0.0,0
18303,2026-07-17,Direct,/product/running-shoes,15,14,0.3288,265.0,3.29,1.0,1
16658,2026-06-14,Direct,/home,14,12,0.2719,219.3,3.32,0.0,0
16836,2026-06-18,Paid Search,/checkout,3,3,0.3852,184.5,2.8,0.0,0
14466,2026-05-01,Social,/pricing,3,3,0.5093,112.7,2.2,0.0,0
13684,2026-04-16,Organic Search,/blog/summer-sale-guide,18,15,0.6309,167.2,1.28,0.0,0
14890,2026-05-10,Paid Search,/product/backpacks,7,7,0.5068,161.9,2.51,0.0,0
17688,2026-07-05,Referral,/blog/summer-sale-guide,10,9,0.5819,234.7,2.7,0.0,0
17461,2026-06-30,Direct,/pricing,11,10,0.308,254.9,2.77,0.0,0
10927,2026-02-19,Social,/blog/how-to-choose-running-shoes,5,4,,156.6,1.2,0.0,0
11816,2026-03-09,Referral,/pricing,3,3,0.2258,237.1,3.31,0.0,0
15275,2026-05-18,Organic Search,/product/running-shoes,28,25,0.4752,223.1,1.77,0.0,0
16934,2026-06-20,Paid Search,/contact,9,8,0.7273,111.8,1.9,0.0,1
10798,2026-02-17,Organic Search,/blog/how-to-choose-running-shoes,31,27,0.5616,232.0,1.73,0.0,0
11299,2026-02-27,Organic Search,/contact,11,10,0.6888,110.1,1.0,1.0,1
13260,2026-04-07,Social,/home,35,34,0.475,57.8,2.78,0.0,0
17106,2026-06-23,Direct,/home,22,21,0.3153,201.5,3.35,2.0,2
13281,2026-04-08,Organic Search,/product/running-shoes,52,50,0.4052,226.8,2.15,3.0,3
14472,2026-05-01,Direct,/blog/how-to-choose-running-shoes,5,4,0.5126,242.8,1.9,0.0,1
17244,2026-06-26,Social,/home,26,25,0.4649,115.9,,0.0,1
13321,2026-04-08,Direct,/product/running-shoes,17,15,0.263,233.5,3.81,1.0,1
13318,2026-04-08,Social,/pricing,12,11,0.4961,99.2,2.63,0.0,1
11360,2026-02-28,Paid Search,/pricing,8,8,0.438,150.3,1.88,0.0,0
11762,2026-03-08,Referral,/blog/how-to-choose-running-shoes,8,7,0.5603,254.5,1.61,0.0,0
14895,2026-05-10,Paid Search,/pricing,7,7,0.3472,,2.77,1.0,1
12060,2026-03-14,Referral,/blog/how-to-choose-running-shoes,6,5,0.505,251.0,2.44,0.0,0
13735,2026-04-17,Organic Search,/about-us,18,17,0.5795,115.2,2.1,0.0,0
16772,2026-06-17,Organic Search,/blog/how-to-choose-running-shoes,39,37,0.631,246.3,1.79,1.0,1
16426,2026-06-10,Organic Search,/contact,10,9,0.7102,115.7,,0.0,0
13780,2026-04-18,Organic Search,/product/running-shoes,26,25,0.3505,203.8,3.26,1.0,3
14577,2026-05-03,Direct,/checkout,2,2,0.2596,238.4,3.68,0.0,0
15576,2026-05-24,Organic Search,/product/winter-jackets,20,18,0.4717,193.1,2.29,0.0,0
14320,2026/04/28,Direct,/product/winter-jackets,5,4,0.2959,248.3,2.78,0.0,0
10673,2026-02-14,Referral,/blog/summer-sale-guide,2,2,0.6734,227.3,1.73,0.0,0
17982,2026-07-11,Referral,/home,15,12,0.3012,224.6,3.52,1.0,1
17111,2026-06-23,Direct,/blog/summer-sale-guide,15,12,0.4813,235.2,2.74,0.0,0
17594,2026-07-03,Social,/product/running-shoes,26,24,0.6382,139.7,1.33,1.0,1
14072,2026-04-23,Direct,/blog/how-to-choose-running-shoes,13,11,0.5087,252.1,2.42,1.0,1
13142,2026-04-05,Paid Search,/product/running-shoes,23,21,0.4945,166.3,2.45,1.0,1
18773,2026-07-27,Paid Search,/blog/how-to-choose-running-shoes,13,11,0.6269,215.3,1.99,0.0,0
12797,2026-03-29,Paid Search,/blog/summer-sale-guide,9,9,0.6039,180.4,1.88,1.0,1
13478,2026-04-11,Direct,/checkout,1,1,0.1934,281.8,3.6,0.0,0
15855,2026-05-29,Social,/product/running-shoes,17,16,0.5793,158.8,2.72,0.0,0
14222,2026-04-26,Direct,/blog/how-to-choose-running-shoes,11,9,0.5174,339.3,2.6,0.0,0
13115,2026-04-04,Social,/blog/how-to-choose-running-shoes,5,5,0.5893,134.3,1.98,0.0,0
11961,2026-03-12,Referral,/blog/summer-sale-guide,8,7,0.589,283.6,2.1,0.0,0
11597,2026-03-05,Organic Search,/about-us,9,8,0.5614,144.7,1.5,0.0,0
14673,2026-05-05,Direct,/blog/summer-sale-guide,13,12,0.5159,270.2,2.26,0.0,0
14718,2026-05-06,Direct,/home,18,17,0.2531,213.2,3.95,1.0,1
10768,2026-02-16,Referral,/blog/how-to-choose-running-shoes,8,7,0.5533,225.6,1.53,0.0,0
15326,2026-05-19,Organic Search,/product/winter-jackets,27,26,0.4794,153.1,2.4,1.0,1
10660,2026-02-14,Paid Search,/product/winter-jackets,6,5,0.4681,145.7,1.86,2.0,2
17175,2026-06-25,Paid Search,/home,33,31,0.3912,160.2,2.58,1.0,3
14957,2026-05-11,Social,/product/winter-jackets,11,10,0.5639,151.6,2.4,1.0,1
15614,2026-05-24,Direct,/home,15,13,0.2624,200.3,4.3,1.0,1
12683,2026-03-26,Direct,/checkout,1,1,0.143,272.9,3.86,0.0,0
13573,2026-04-13,Direct,/blog/how-to-choose-running-shoes,12,10,0.5303,322.6,1.89,1.0,1
18815,2026-07-28,Organic Search,/about-us,18,15,0.4975,121.8,1.97,0.0,0
10278,2026-02-06,Referral,/contact,1,1,0.6093,212.0,1.4,0.0,0
18102,2026-07-13,Direct,/home,22,19,0.2863,217.8,2.94,1.0,3
14356,2026-04-29,Referral,/pricing,8,8,0.3047,221.0,3.46,0.0,1
14379,2026-04-30,Organic Search,/product/running-shoes,30,25,0.4113,170.9,2.69,1.0,1
14052,2026-04-23,Referral,/product/backpacks,5,4,0.3714,284.5,3.06,0.0,0
11974,2026-03-12,Social,/pricing,6,5,0.5313,138.7,2.55,0.0,0
16619,2026-06-14,Organic Search,/product/running-shoes,26,22,0.3804,245.6,2.82,1.0,1
14552,2026-05-03,Referral,/blog/how-to-choose-running-shoes,5,5,0.553,255.4,2.03,0.0,0
16465,2026-06-10,Direct,/contact,5,4,0.4805,223.3,2.74,0.0,0
13859,2026-04-19,Social,/home,30,27,0.5778,43.6,2.73,0.0,2
13736,2026-04-17,Organic Search,/contact,18,16,0.6433,116.7,1.06,0.0,0
12936,2026-04-01,Organic Search,/blog/how-to-choose-running-shoes,35,34,0.5236,290.2,1.74,2.0,2
14396,2026-04-30,Paid Search,/pricing,17,16,0.4905,172.0,2.34,1.0,1
16581,2026-06-13,Paid Search,/product/backpacks,7,6,,169.9,2.79,0.0,0
14535,2026-05-03,Organic Search,/contact,6,5,0.6319,132.0,1.6,0.0,1
16121,2026-06-03,Direct,/checkout,5,4,0.1241,295.0,4.61,0.0,0
12452,2026-03-22,Paid Search,/pricing,5,5,0.4505,144.6,1.68,0.0,0
11838,2026-03-10,Organic Search,/product/running-shoes,46,39,0.4452,244.6,2.31,2.0,2
14375,2026-04-29,Direct,/contact,4,4,0.5369,116.1,1.86,0.0,0
10656,2026-02-14,Organic Search,/pricing,10,9,0.2845,231.5,2.68,2.0,2
11059,2026-02-22,Paid Search,/contact,3,3,0.7058,44.2,1.2,0.0,0
18746,2026-07-26,Social,/contact,7,6,0.7868,42.3,1.0,0.0,0
12143,2026-03-16,Organic Search,/pricing,15,14,0.2867,231.7,3.27,1.0,1
18470,2026-07-21,Paid Search,/home,19,17,0.4635,168.5,2.48,0.0,0
17853,2026-07-08,Direct,/home,24,22,0.3435,228.3,2.87,,0
11901,2026-03-11,Paid Search,/blog/how-to-choose-running-shoes,14,13,0.6256,207.3,1.62,1.0,2
12294,2026-03-19,Organic Search,/checkout,11,10,0.3558,213.4,3.99,1.0,1
17090,2026-06-23,Referral,/blog/how-to-choose-running-shoes,13,12,0.4583,268.9,1.84,0.0,0
11192,2026-02-25,Organic Search,/home,52,48,0.3311,182.9,2.27,3.0,4
11695,2026-03-07,Organic Search,/blog/summer-sale-guide,13,13,0.669,220.8,1.4,0.0,0
10427,2026-02-09,Referral,/checkout,3,2,0.2129,240.7,3.45,0.0,0
17710,2026-07-05,Direct,/contact,2,2,0.4905,177.3,1.85,0.0,0
15883,2026-05-30,Organic Search,/checkout,8,8,0.2406,224.2,3.18,0.0,0
13016,2026-04-02,Social,/blog/how-to-choose-running-shoes,5,4,0.707,168.7,1.0,0.0,0
11710,2026-03-07,Referral,/home,19,16,0.356,209.6,3.82,0.0,0
17263,2026-06-26,Direct,/checkout,5,4,0.2277,247.7,3.23,2.0,3
18121,2026-07-14,Organic Search,/checkout,9,8,0.3326,149.9,3.31,1.0,1
15889,2026-05-30,Paid Search,/blog/summer-sale-guide,16,14,0.7064,208.3,1.12,1.0,1
13670,2026-04-15,Direct,/product/running-shoes,17,16,0.3532,271.5,2.97,0.0,0
14997,2026-05-12,Referral,/product/winter-jackets,6,6,0.4674,248.3,3.0,1.0,1
17642,2026-07-04,Referral,/checkout,6,5,0.2017,211.4,3.89,0.0,0
18410,2026-07-20,Organic Search,/home,56,49,0.4281,214.5,3.45,5.0,6
17241,2026-06-26,Referral,/about-us,4,4,0.4233,147.8,2.16,0.0,0
16365,2026-06-08,Direct,/about-us,5,5,0.4716,214.0,2.29,0.0,0
14310,2026-04-28,Social,/product/winter-jackets,13,12,0.5066,134.5,1.61,0.0,0
12956,2026-04-01,Referral,/blog/how-to-choose-running-shoes,12,10,0.5333,273.3,2.72,0.0,0
13695,2026-04-16,Paid Search,/about-us,12,11,0.6262,144.0,1.42,0.0,0
14464,2026-05-01,Social,/about-us,3,3,0.6647,10.0,1.27,0.0,0
18669,2026-07-25,Paid Search,/home,28,26,0.4011,115.4,2.65,1.0,2
13416,2026-04-10,Social,/about-us,14,12,0.707,58.8,1.66,0.0,0
17894,2026-07-09,Social,/product/running-shoes,15,14,0.5821,28.5,2.61,0.0,0
12283,2026-03-18,Direct,/pricing,4,3,0.2519,236.2,3.18,0.0,0
12744,2026-03-28,Paid Search,/product/running-shoes,17,15,0.4561,184.7,2.33,0.0,1
18112,2026-07-14,Organic Search,/home,47,39,0.3359,185.7,2.95,2.0,2
10729,2026-02-15,Social,/blog/summer-sale-guide,3,3,0.7486,131.9,1.41,0.0,0
11633,2026-03-05,Direct,/product/backpacks,5,4,0.3851,273.2,2.43,0.0,0
14046,2026-04-23,Paid Search,/contact,3,3,0.7614,66.4,1.48,,0
18206,2026-07-15,Direct,/blog/how-to-choose-running-shoes,16,13,0.4907,304.8,,0.0,0
17466,2026-07-01,Organic Search,/product/backpacks,23,19,0.4164,254.6,1.86,1.0,1
16208,2026-06-05,Social,/contact,2,2,0.7464,68.0,1.67,0.0,0
11024,2026-02-21,Social,/product/winter-jackets,9,8,0.5747,124.7,1.78,1.0,1
14704,2026-05-06,Referral,/about-us,2,2,0.5161,171.5,2.32,0.0,0
16158,2026-06-04,Social,/contact,1,1,0.8294,40.7,1.0,0.0,0
18628,2026-07-24,Paid Search,/checkout,3,3,,189.0,2.49,0.0,0
11783,2026-03-08,Direct,/blog/summer-sale-guide,3,2,0.5432,235.6,1.89,0.0,0
12390,2026-03-21,Organic Search,/about-us,11,10,0.472,141.0,2.64,0.0,0
17549,2026-07-02,Social,/about-us,4,4,0.6093,76.5,2.2,0.0,0
11954,2026-03-12,Paid Search,/pricing,5,5,0.4729,203.8,2.89,0.0,0
18537,2026-07-22,Referral,/contact,5,5,0.5712,239.1,2.11,0.0,0
10033,2026-02-01,Social,/product/winter-jackets,11,10,0.475,150.4,2.6,0.0,0
13936,2026-04-21,Organic Search,/contact,7,6,0.5769,104.3,2.29,0.0,0
18934,2026-07-30,Referral,/blog/summer-sale-guide,12,11,0.5212,174.2,2.25,0.0,0
15814,2026-05-28,Direct,/home,15,13,0.3004,250.3,3.15,0.0,0
10373,2026-02-08,Referral,/product/backpacks,4,4,0.3921,165.2,2.26,0.0,0
18850,2026-07-28,Direct,/product/running-shoes,14,13,0.3899,213.1,2.94,1.0,1
13743,2026-04-17,Paid Search,/blog/how-to-choose-running-shoes,19,17,,211.7,2.04,1.0,2
16317,2026-06-07,Direct,/pricing,7,7,0.2632,227.5,3.04,0.0,0
13099,2026-04-04,Paid Search,/pricing,6,5,0.3758,154.7,2.88,0.0,1
14605,2026-05-04,Referral,/contact,4,3,0.5704,150.1,1.96,0.0,0
12249,2026-03-18,Paid Search,/blog/how-to-choose-running-shoes,11,10,0.6394,214.9,2.09,0.0,0
18107,2026-07-13,Direct,/blog/summer-sale-guide,16,15,0.5185,261.3,2.64,0.0,0
10861,2026-02-18,Paid Search,/contact,6,5,0.585,84.7,1.28,1.0,1
15704,2026-05-26,Social,/home,18,16,0.3738,130.0,2.24,0.0,0
11535,2026-03-03,Direct,/blog/how-to-choose-running-shoes,8,7,0.4835,285.1,2.1,0.0,1
17310,2026-06-27,Direct,/about-us,2,2,0.4001,126.1,2.71,0.0,0
12593,2026-03-25,Organic Search,/checkout,6,5,0.2815,236.4,3.3,0.0,0
10490,2026-02-10,Direct,/product/winter-jackets,18,17,0.3465,266.5,3.29,2.0,2
10134,2026-02-03,Social,/product/backpacks,5,4,0.5537,138.1,1.85,0.0,0
12109,2026-03-15,Referral,/blog/how-to-choose-running-shoes,11,10,0.576,296.9,2.05,1.0,1
18883,2026-07-29,Referral,/blog/how-to-choose-running-shoes,15,14,0.568,248.3,2.26,0.0,0
18074,2026-07-13,Paid Search,/product/winter-jackets,13,11,0.5,120.7,1.72,1.0,2
12149,2026-03-16,Paid Search,/blog/how-to-choose-running-shoes,10,8,0.6873,183.1,1.18,0.0,0
13604,2026-04-14,Referral,/blog/summer-sale-guide,9,8,0.569,230.4,1.83,,0
17757,2026-07-06,Direct,/blog/how-to-choose-running-shoes,14,13,0.5612,284.0,1.75,0.0,0
15785,2026-05-28,Paid Search,/product/running-shoes,26,24,0.4825,181.8,2.35,3.0,3
14885,2026-05-10,Organic Search,/pricing,11,9,0.4458,206.0,2.87,0.0,0
16665,2026-06-14,Direct,/contact,2,2,0.6249,151.9,1.17,0.0,0
10364,2026-02-08,Paid Search,/blog/how-to-choose-running-shoes,6,5,0.6567,194.4,1.97,0.0,0
14892,2026-05-10,Paid Search,/blog/summer-sale-guide,8,7,0.6163,211.5,2.08,0.0,0
16973,2026-06-21,Organic Search,/about-us,13,12,0.5326,145.8,2.2,0.0,0
16689,2026-06-15,Referral,/product/running-shoes,10,9,0.336,290.1,2.46,1.0,1
15036,2026-05-13,Paid Search,/product/running-shoes,27,23,0.4374,207.6,2.53,1.0,1
12490,2026-03-23,Organic Search,/about-us,13,12,0.5179,182.8,2.33,0.0,0
18840,2026-07-28,Social,/product/running-shoes,13,11,0.5885,125.3,1.94,0.0,0
11004,2026-02-21,Paid Search,/product/winter-jackets,8,8,0.3867,180.7,3.42,0.0,0
12525,2026-03-23,Direct,/product/running-shoes,16,14,0.2622,261.5,3.41,0.0,0
17191,2026-06-25,Referral,/about-us,9,7,0.5377,149.4,1.84,0.0,0
18146,2026-07-14,Social,/blog/how-to-choose-running-shoes,10,9,0.7452,119.0,1.64,0.0,0
18676,2026-07-25,Paid Search,/contact,4,4,0.7011,83.0,1.16,0.0,1
17896,2026-07-09,Social,/product/backpacks,9,8,0.5491,114.4,2.46,0.0,0
17171,2026-06-25,Organic Search,/about-us,19,18,0.5641,217.1,2.4,1.0,1
13330,2026-04-09,Organic Search,/home,52,50,0.3434,221.7,2.97,0.0,1
18435,2026-07-20,Referral,/blog/summer-sale-guide,8,8,0.53,238.9,2.18,0.0,0
17342,2026-06-28,Referral,/checkout,3,3,0.2179,278.4,3.19,1.0,1
16082,2026-06-03,Paid Search,/home,26,22,0.3825,170.9,3.01,0.0,1
14835,2026-05-09,Organic Search,/pricing,11,9,0.3469,194.0,2.89,0.0,0
11020,2026-02-21,Referral,/pricing,3,3,0.2376,192.9,3.28,0.0,0
13373,2026-04-09,Direct,/product/backpacks,14,13,0.322,,2.78,0.0,0
14933,2026-05-11,Organic Search,/contact,12,10,0.6577,135.6,1.0,0.0,0
14465,2026-05-01,Social,/contact,4,4,0.7358,10.0,1.57,0.0,0
13285,2026-04-08,Organic Search,/blog/summer-sale-guide,23,19,0.6586,204.3,1.62,2.0,2
14364,2026-04-29,Social,/about-us,3,3,0.6225,31.2,1.64,0.0,0
12493,2026-03-23,Organic Search,/checkout,8,7,0.3419,222.5,2.57,1.0,1
17202,2026-06-25,Social,/contact,11,10,0.7452,14.1,1.37,0.0,0
11713,03-07-2026,Referral,/product/backpacks,2,2,0.3976,208.8,2.33,0.0,0
17329,2026-06-28,Paid Search,/about-us,5,5,0.6602,112.1,1.47,0.0,0
16430,2026-06-10,Paid Search,/product/running-shoes,15,13,0.4287,131.5,2.19,2.0,2
18488,2026-07-21,Referral,/pricing,3,3,0.2809,168.7,3.06,0.0,0
17785,2026-07-07,Referral,/product/winter-jackets,12,11,0.4473,251.1,2.53,1.0,1
11849,2026-03-10,Paid Search,/product/winter-jackets,9,8,0.4537,172.2,2.64,0.0,0
14722,2026-05-06,Direct,/blog/how-to-choose-running-shoes,8,8,0.4119,276.7,1.92,0.0,0
18690,2026-07-25,Social,/product/running-shoes,18,17,0.5331,126.9,1.78,0.0,1
10485,2026-02-10,Social,/contact,7,6,0.751,16.3,1.06,0.0,0
11521,2026-03-03,Social,/home,14,12,0.5662,131.6,1.78,0.0,1
18375,2026-07-19,Paid Search,/blog/how-to-choose-running-shoes,18,17,,254.3,1.43,0.0,0
15067,2026-05-13,Direct,/product/winter-jackets,10,9,0.4045,213.9,2.89,1.0,1
10685,2026-02-14,Social,/pricing,2,2,0.5053,115.1,2.58,0.0,0
11769,2026-03-08,Social,/product/running-shoes,4,3,0.5267,103.3,2.16,0.0,0
16181,2026-06-05,Paid Search,/home,23,19,0.4484,184.3,2.9,1.0,1
15277,2026-05-18,Organic Search,/product/backpacks,13,11,0.3993,254.6,3.31,0.0,0
12051,2026-03-14,Paid Search,/blog/summer-sale-guide,9,9,0.6806,178.2,1.83,0.0,0
10755,2026-02-16,Paid Search,/product/running-shoes,15,13,0.4658,145.1,2.32,3.0,3
13362,2026-04-09,Social,/product/winter-jackets,22,20,0.6027,120.3,,1.0,1
13633,2026-04-15,Organic Search,/blog/how-to-choose-running-shoes,24,21,0.5564,234.0,2.35,1.0,2
11439,2026-03-01,Direct,/pricing,5,4,0.3392,301.6,2.84,0.0,0
11446,2026-03-02,Organic Search,/blog/summer-sale-guide,22,19,0.5727,216.3,2.05,0.0,0
14238,2026-04-27,Paid Search,/home,23,22,0.3599,197.4,3.29,0.0,2
17392,2026-06-29,Referral,/checkout,5,4,0.1983,225.6,2.97,0.0,1
12232,2026-03-17,Direct,/contact,2,2,0.5231,226.7,2.48,0.0,0
18012,2026-07-12,Organic Search,/home,37,32,0.3578,179.3,2.77,1.0,1
15107,2026-05-14,Social,/product/winter-jackets,18,16,0.5205,66.0,2.0,1.0,1
13745,2026-04-17,Paid Search,/about-us,17,14,0.5943,134.4,2.07,1.0,1
16656,2026-06-14,Social,/pricing,4,3,0.553,122.9,1.98,0.0,0
12780,2026-03-28,Direct,/pricing,5,4,,234.4,4.04,0.0,0
13045,2026-04-03,Paid Search,/product/backpacks,14,12,0.4204,203.1,2.47,0.0,0
18061,2026-07-12,Direct,/checkout,1,1,0.0731,235.7,3.77,0.0,0
18022,2026-07-12,Paid Search,/home,17,16,0.429,150.5,2.8,1.0,1
12162,2026-03-16,Referral,/contact,9,8,0.6434,121.1,1.61,0.0,0
10546,2026-02-11,Direct,/pricing,9,8,0.2926,187.9,2.41,0.0,0
12233,2026-03-17,Direct,/pricing,9,8,0.282,238.1,2.51,0.0,1
11397,2026-03-01,Organic Search,/blog/summer-sale-guide,12,11,0.5668,218.4,1.72,0.0,0
18467,2026-07-21,Organic Search,/contact,7,6,0.6183,133.2,2.24,0.0,0
18897,2026-07-29,Social,/pricing,9,8,0.4906,165.4,2.47,0.0,0
11025,2026-02-21,Social,/product/backpacks,6,6,0.6475,102.7,1.27,0.0,0
15687,2026-05-26,Paid Search,/product/backpacks,11,9,0.4528,116.1,2.24,0.0,0
18056,2026-07-12,Direct,/blog/how-to-choose-running-shoes,10,9,0.462,226.4,1.72,0.0,0
15661,2026-05-25,Social,/contact,2,2,0.8611,48.8,,0.0,0
15839,2026-05-29,Paid Search,/blog/summer-sale-guide,19,18,0.6902,203.2,1.12,1.0,2
10384,2026-02-08,Social,/about-us,2,2,0.715,49.9,1.0,0.0,0
15526,2026-05-23,Organic Search,/product/winter-jackets,18,16,0.4748,180.0,2.37,1.0,1
17189,2026-06-25,Referral,/blog/how-to-choose-running-shoes,8,7,0.533,274.7,1.77,0.0,0
15926,2026-05-31,Organic Search,/product/backpacks,11,10,0.4485,200.5,3.53,1.0,1
14273,2026-04-27,Direct,/blog/summer-sale-guide,10,8,0.4894,287.8,2.77,0.0,0
16524,2026-06-12,Organic Search,/about-us,16,14,0.5817,152.2,1.91,0.0,0
17714,2026-07-06,Organic Search,/product/running-shoes,45,41,0.3145,200.9,3.95,4.0,6
14927,2026-05-11,Organic Search,/product/running-shoes,31,27,0.3808,209.7,3.39,1.0,1
16558,2026-06-12,Direct,/home,21,20,0.2416,223.8,2.43,1.0,1
14719,2026-05-06,Direct,/product/running-shoes,9,8,0.3408,204.5,3.01,0.0,1
17017,2026-06-22,Organic Search,/product/running-shoes,42,38,0.402,227.2,3.6,1.0,1
17750,2026-07-06,Social,/contact,10,9,0.7763,10.0,1.56,0.0,0
10859,2026-02-18,Paid Search,/blog/summer-sale-guide,16,15,0.6867,240.3,1.41,0.0,0
14020,2026-04-22,Direct,/product/running-shoes,26,25,0.3006,259.8,2.74,0.0,0
18128,2026-07-14,Paid Search,/about-us,7,6,0.5095,101.6,2.31,1.0,1
12307,2026-03-19,Referral,/product/winter-jackets,10,9,0.3783,232.9,3.06,2.0,3
12711,2026-03-27,Referral,/contact,5,4,0.6313,148.6,1.36,1.0,1
11499,2026-03-03,Organic Search,/pricing,10,9,0.3284,224.7,1.96,0.0,0
13611,2026-04-14,Social,/product/winter-jackets,17,15,0.6638,60.7,1.76,0.0,0
13577,2026-04-13,Direct,/pricing,6,5,0.2951,219.0,3.71,2.0,2
16543,2026-06-12,Referral,/blog/summer-sale-guide,7,6,0.6171,217.7,2.43,0.0,0
11448,2026-03-02,Organic Search,/contact,14,13,0.6971,88.0,1.0,1.0,1
17062,2026-06-22,Direct,/about-us,4,4,0.4742,178.9,1.88,0.0,0
17819,2026-07-08,Organic Search,/about-us,15,14,0.5514,183.0,2.04,0.0,0
11706,2026-03-07,Paid Search,/about-us,4,3,0.6272,130.3,2.2,0.0,0
17162,2026-06-24,Direct,/contact,5,4,0.5361,174.2,1.2,0.0,0
12708,2026-03-27,Referral,/blog/how-to-choose-running-shoes,9,7,0.5618,218.9,1.0,0.0,0
18982,2026-07-31,Referral,/product/backpacks,8,7,,181.9,2.38,0.0,0
16401,2026-06-09,Social,/product/winter-jackets,11,10,0.555,95.4,2.26,1.0,1
11689,2026-03-06,Direct,/checkout,2,2,0.1185,280.2,4.06,0.0,0
15995,2026-06-01,Referral,/product/backpacks,10,10,0.374,207.5,3.29,0.0,0
